1788041353.227047 log opened
1788041353.227092 cmdq_next <global>: empty
1788041353.227099 server_client_check_pane_buffer: pane %0 is on
1788041353.227105 @0 active pane not changed
1788041353.407492 %0 has 1024 bytes
1788041353.407518 @0 alerts timer reset 0
1788041353.407523 @0 alerts flags added 0x2
1788041353.407527 window_add_ref: @0 alerts_queue, now 2
1788041353.407530 alerts check queued (by @0)
1788041353.407535 screen_write_start_pane: size 100x30, pane %0 (at 0,0)
1788041353.407544 input_parse_buffer: %0 ground, 1024 bytes: \033[2;11H93\033[2;16H\033[38;2;241;250;140;49m2\033[2;24H\033[39;49m92\033[2;37H90\033[2;50H90\033[2;55H\033[38;2;241;250;140;49m3\033[2;63H\033[39;49m38\033[2;68H\033[38;2;241;250;140;49m1\033[2;76H\033[39;49m36\033[2;81H\033[38;2;241;250;140;49m3\033[2;89H\033[39;49m3\033[3;11H3\033[3;16H\033[38;2;241;250;140;49m4\033[3;24H\033[39;49m35\033[3;29H\033[38;2;241;250;140;49m3\033[3;37H\033[39;49m36\033[3;50H14\033[3;63H1\033[3;76H 9\033[3;89H 9\033[4;11H1\033[4;24H 9\033[5;43H\033[38;2;241;250;140;49m#\033[5;78H5\033[5;82H\033[38;2;98;114;164;49m5\033[7;9H\033[38;2;139;233;253;49m4.9K\033[39;49m \033[7;15H\033[38;2;80;250;123;49m\342\206\223 4.4K\033[39;49m \033[10;44H\033[38;2;139;233;253;49m5\033[11;55H\033[38;2;98;114;164;49m67628\033[11;62H\033[38;2;248;248;242;49mmdworker_sh\033[11;74Hred     \033[11;96H\033[38;2;139;233;253;49m7\033[12;38H\033[38;2;248;248;242;49m0\033[12;42H\033[38;2;139;233;253;49m485\033[12;46H1\033[12;55H\033[38;2;98;114;164;49m890\033[12;59H0\033[12;62H\033[38;2;248;248;242;49mcom.app\033[12;70He.SafariP...\033[12;94H\033[38;2;139;233;253;49m5\033[12;96H5\033[13;55H\033[38;2;98;114;164;49m673\033[13;59H9\033[13;62H\033[38;2;248;248;242;49mmdworker_shared\033[13;94H\033[38;2;139;233;253;49m4\033[13;96H6\033[14;56H\033[38;
1788041353.407548 input_csi_dispatch: 'H' "" "2;11"
1788041353.407551 parameter 0: number 2
1788041353.407553 parameter 1: number 11
1788041353.407557 screen_write_cursormove: from 96,28 to 10,1
1788041353.407562 screen_write_collect_end: 2 93 (at 10,1)
1788041353.407565 utf8_to_data: 41000038 -> (1 1 8)
1788041353.407568 utf8_from_data: (1 1 9) -> 41000039
1788041353.407570 utf8_from_data: (1 1 9) -> 41000039
1788041353.407572 utf8_to_data: 41000025 -> (1 1 %)
1788041353.407574 input_csi_dispatch: 'H' "" "2;16"
1788041353.407577 parameter 0: number 2
1788041353.407579 parameter 1: number 16
1788041353.407581 screen_write_cursormove: from 12,1 to 15,1
1788041353.407584 input_csi_dispatch: 'm' "" "38;2;241;250;140;49"
1788041353.407586 parameter 0: number 38
1788041353.407594 parameter 1: number 2
1788041353.407597 parameter 2: number 241
1788041353.407598 parameter 3: number 250
1788041353.407600 parameter 4: number 140
1788041353.407602 parameter 5: number 49
1788041353.407605 screen_write_collect_trim: 0x10a0a4120 10-11 before 15-15
1788041353.407608 screen_write_collect_end: 1 2 (at 15,1)
1788041353.407610 utf8_to_data: 41000033 -> (1 1 3)
1788041353.407612 utf8_from_data: (1 1 2) -> 41000032
1788041353.407614 utf8_to_data: 4200b0c2 -> (1 2 \302\260)
1788041353.407616 input_csi_dispatch: 'H' "" "2;24"
1788041353.407618 parameter 0: number 2
1788041353.407620 parameter 1: number 24
1788041353.407622 screen_write_cursormove: from 16,1 to 23,1
1788041353.407624 input_csi_dispatch: 'm' "" "39;49"
1788041353.407627 parameter 0: number 39
1788041353.407630 parameter 1: number 49
1788041353.407632 screen_write_collect_trim: 0x10a0a4120 10-11 before 23-24
1788041353.407635 screen_write_collect_trim: 0x10a0a6b20 15-15 before 23-24
1788041353.407636 screen_write_collect_end: 2 92 (at 23,1)
1788041353.407639 input_csi_dispatch: 'H' "" "2;37"
1788041353.407641 parameter 0: number 2
1788041353.407642 parameter 1: number 37
1788041353.407644 screen_write_cursormove: from 25,1 to 36,1
1788041353.407647 screen_write_collect_trim: 0x10a0a4120 10-11 before 36-37
1788041353.407649 screen_write_collect_trim: 0x10a0a6b20 15-15 before 36-37
1788041353.407651 screen_write_collect_trim: 0x10a0a6b80 23-24 before 36-37
1788041353.407652 screen_write_collect_end: 2 90 (at 36,1)
1788041353.407664 input_csi_dispatch: 'H' "" "2;50"
1788041353.407666 parameter 0: number 2
1788041353.407667 parameter 1: number 50
1788041353.407669 screen_write_cursormove: from 38,1 to 49,1
1788041353.407670 screen_write_collect_trim: 0x10a0a4120 10-11 before 49-50
1788041353.407672 screen_write_collect_trim: 0x10a0a6b20 15-15 before 49-50
1788041353.407674 screen_write_collect_trim: 0x10a0a6b80 23-24 before 49-50
1788041353.407676 screen_write_collect_trim: 0x10a0a66a0 36-37 before 49-50
1788041353.407677 screen_write_collect_end: 2 90 (at 49,1)
1788041353.407679 input_csi_dispatch: 'H' "" "2;55"
1788041353.407680 parameter 0: number 2
1788041353.407682 parameter 1: number 55
1788041353.407683 screen_write_cursormove: from 51,1 to 54,1
1788041353.407685 input_csi_dispatch: 'm' "" "38;2;241;250;140;49"
1788041353.407687 parameter 0: number 38
1788041353.407688 parameter 1: number 2
1788041353.407690 parameter 2: number 241
1788041353.407691 parameter 3: number 250
1788041353.407692 parameter 4: number 140
1788041353.407694 parameter 5: number 49
1788041353.407695 screen_write_collect_trim: 0x10a0a4120 10-11 before 54-54
1788041353.407697 screen_write_collect_trim: 0x10a0a6b20 15-15 before 54-54
1788041353.407698 screen_write_collect_trim: 0x10a0a6b80 23-24 before 54-54
1788041353.407700 screen_write_collect_trim: 0x10a0a66a0 36-37 before 54-54
1788041353.407702 screen_write_collect_trim: 0x10a0a6640 49-50 before 54-54
1788041353.407703 screen_write_collect_end: 1 3 (at 54,1)
1788041353.407705 utf8_to_data: 41000031 -> (1 1 1)
1788041353.407706 utf8_from_data: (1 1 3) -> 41000033
1788041353.407708 utf8_to_data: 4200b0c2 -> (1 2 \302\260)
1788041353.407710 input_csi_dispatch: 'H' "" "2;63"
1788041353.407711 parameter 0: number 2
1788041353.407712 parameter 1: number 63
1788041353.407714 screen_write_cursormove: from 55,1 to 62,1
1788041353.407716 input_csi_dispatch: 'm' "" "39;49"
1788041353.407717 parameter 0: number 39
1788041353.407719 parameter 1: number 49
1788041353.407720 screen_write_collect_trim: 0x10a0a4120 10-11 before 62-63
1788041353.407722 screen_write_collect_trim: 0x10a0a6b20 15-15 before 62-63
1788041353.407723 screen_write_collect_trim: 0x10a0a6b80 23-24 before 62-63
1788041353.407725 screen_write_collect_trim: 0x10a0a66a0 36-37 before 62-63
1788041353.407726 screen_write_collect_trim: 0x10a0a6640 49-50 before 62-63
1788041353.407728 screen_write_collect_trim: 0x10a0a65e0 54-54 before 62-63
1788041353.407729 screen_write_collect_end: 2 38 (at 62,1)
1788041353.407731 input_csi_dispatch: 'H' "" "2;68"
1788041353.407733 parameter 0: number 2
1788041353.407734 parameter 1: number 68
1788041353.407735 screen_write_cursormove: from 64,1 to 67,1
1788041353.407737 input_csi_dispatch: 'm' "" "38;2;241;250;140;49"
1788041353.407739 parameter 0: number 38
1788041353.407740 parameter 1: number 2
1788041353.407741 parameter 2: number 241
1788041353.407743 parameter 3: number 250
1788041353.407744 parameter 4: number 140
1788041353.407745 parameter 5: number 49
1788041353.407747 screen_write_collect_trim: 0x10a0a4120 10-11 before 67-67
1788041353.407749 screen_write_collect_trim: 0x10a0a6b20 15-15 before 67-67
1788041353.407750 screen_write_collect_trim: 0x10a0a6b80 23-24 before 67-67
1788041353.407752 screen_write_collect_trim: 0x10a0a66a0 36-37 before 67-67
1788041353.407754 screen_write_collect_trim: 0x10a0a6640 49-50 before 67-67
1788041353.407755 screen_write_collect_trim: 0x10a0a65e0 54-54 before 67-67
1788041353.407757 screen_write_collect_trim: 0x10a0a6580 62-63 before 67-67
1788041353.407758 screen_write_collect_end: 1 1 (at 67,1)
1788041353.407760 utf8_to_data: 41000032 -> (1 1 2)
1788041353.407761 utf8_from_data: (1 1 1) -> 41000031
1788041353.407763 utf8_to_data: 4200b0c2 -> (1 2 \302\260)
1788041353.407764 input_csi_dispatch: 'H' "" "2;76"
1788041353.407766 parameter 0: number 2
1788041353.407767 parameter 1: number 76
1788041353.407769 screen_write_cursormove: from 68,1 to 75,1
1788041353.407770 input_csi_dispatch: 'm' "" "39;49"
1788041353.407772 parameter 0: number 39
1788041353.407773 parameter 1: number 49
1788041353.407778 screen_write_collect_trim: 0x10a0a4120 10-11 before 75-76
1788041353.407780 screen_write_collect_trim: 0x10a0a6b20 15-15 before 75-76
1788041353.407781 screen_write_collect_trim: 0x10a0a6b80 23-24 before 75-76
1788041353.407783 screen_write_collect_trim: 0x10a0a66a0 36-37 before 75-76
1788041353.407784 screen_write_collect_trim: 0x10a0a6640 49-50 before 75-76
1788041353.407786 screen_write_collect_trim: 0x10a0a65e0 54-54 before 75-76
1788041353.407787 screen_write_collect_trim: 0x10a0a6580 62-63 before 75-76
1788041353.407789 screen_write_collect_trim: 0x10a0a6520 67-67 before 75-76
1788041353.407790 screen_write_collect_end: 2 36 (at 75,1)
1788041353.407792 input_csi_dispatch: 'H' "" "2;81"
1788041353.407793 parameter 0: number 2
1788041353.407795 parameter 1: number 81
1788041353.407796 screen_write_cursormove: from 77,1 to 80,1
1788041353.407798 input_csi_dispatch: 'm' "" "38;2;241;250;140;49"
1788041353.407799 parameter 0: number 38
1788041353.407801 parameter 1: number 2
1788041353.407802 parameter 2: number 241
1788041353.407803 parameter 3: number 250
1788041353.407805 parameter 4: number 140
1788041353.407806 parameter 5: number 49
1788041353.407808 screen_write_collect_trim: 0x10a0a4120 10-11 before 80-80
1788041353.407810 screen_write_collect_trim: 0x10a0a6b20 15-15 before 80-80
1788041353.407811 screen_write_collect_trim: 0x10a0a6b80 23-24 before 80-80
1788041353.407812 screen_write_collect_trim: 0x10a0a66a0 36-37 before 80-80
1788041353.407814 screen_write_collect_trim: 0x10a0a6640 49-50 before 80-80
1788041353.407816 screen_write_collect_trim: 0x10a0a65e0 54-54 before 80-80
1788041353.407817 screen_write_collect_trim: 0x10a0a6580 62-63 before 80-80
1788041353.407818 screen_write_collect_trim: 0x10a0a6520 67-67 before 80-80
1788041353.407820 screen_write_collect_trim: 0x10a0a64c0 75-76 before 80-80
1788041353.407821 screen_write_collect_end: 1 3 (at 80,1)
1788041353.407823 utf8_to_data: 41000034 -> (1 1 4)
1788041353.407825 utf8_from_data: (1 1 3) -> 41000033
1788041353.407826 utf8_to_data: 4200b0c2 -> (1 2 \302\260)
1788041353.407828 input_csi_dispatch: 'H' "" "2;89"
1788041353.407829 parameter 0: number 2
1788041353.407831 parameter 1: number 89
1788041353.407832 screen_write_cursormove: from 81,1 to 88,1
1788041353.407834 input_csi_dispatch: 'm' "" "39;49"
1788041353.407835 parameter 0: number 39
1788041353.407837 parameter 1: number 49
1788041353.407839 screen_write_collect_trim: 0x10a0a4120 10-11 before 88-88
1788041353.407840 screen_write_collect_trim: 0x10a0a6b20 15-15 before 88-88
1788041353.407842 screen_write_collect_trim: 0x10a0a6b80 23-24 before 88-88
1788041353.407843 screen_write_collect_trim: 0x10a0a66a0 36-37 before 88-88
1788041353.407845 screen_write_collect_trim: 0x10a0a6640 49-50 before 88-88
1788041353.407846 screen_write_collect_trim: 0x10a0a65e0 54-54 before 88-88
1788041353.407848 screen_write_collect_trim: 0x10a0a6580 62-63 before 88-88
1788041353.407849 screen_write_collect_trim: 0x10a0a6520 67-67 before 88-88
1788041353.407851 screen_write_collect_trim: 0x10a0a64c0 75-76 before 88-88
1788041353.407852 screen_write_collect_trim: 0x10a0a4300 80-80 before 88-88
1788041353.407854 screen_write_collect_end: 1 3 (at 88,1)
1788041353.407856 input_csi_dispatch: 'H' "" "3;11"
1788041353.407857 parameter 0: number 3
1788041353.407858 parameter 1: number 11
1788041353.407860 screen_write_cursormove: from 89,1 to 10,2
1788041353.407861 screen_write_collect_end: 1 3 (at 10,2)
1788041353.407863 input_csi_dispatch: 'H' "" "3;16"
1788041353.407864 parameter 0: number 3
1788041353.407866 parameter 1: number 16
1788041353.407867 screen_write_cursormove: from 11,2 to 15,2
1788041353.407869 input_csi_dispatch: 'm' "" "38;2;241;250;140;49"
1788041353.407870 parameter 0: number 38
1788041353.407872 parameter 1: number 2
1788041353.407873 parameter 2: number 241
1788041353.407875 parameter 3: number 250
1788041353.407876 parameter 4: number 140
1788041353.407878 parameter 5: number 49
1788041353.407879 screen_write_collect_trim: 0x10a0a6c40 10-10 before 15-15
1788041353.407881 screen_write_collect_end: 1 4 (at 15,2)
1788041353.407884 utf8_to_data: 41000032 -> (1 1 2)
1788041353.407886 utf8_from_data: (1 1 4) -> 41000034
1788041353.407888 utf8_to_data: 4200b0c2 -> (1 2 \302\260)
1788041353.407889 input_csi_dispatch: 'H' "" "3;24"
1788041353.407891 parameter 0: number 3
1788041353.407892 parameter 1: number 24
1788041353.407894 screen_write_cursormove: from 16,2 to 23,2
1788041353.407896 input_csi_dispatch: 'm' "" "39;49"
1788041353.407897 parameter 0: number 39
1788041353.407898 parameter 1: number 49
1788041353.407900 screen_write_collect_trim: 0x10a0a6c40 10-10 before 23-24
1788041353.407902 screen_write_collect_trim: 0x10a0a6d00 15-15 before 23-24
1788041353.407903 screen_write_collect_end: 2 35 (at 23,2)
1788041353.407905 input_csi_dispatch: 'H' "" "3;29"
1788041353.407906 parameter 0: number 3
1788041353.407908 parameter 1: number 29
1788041353.407910 screen_write_cursormove: from 25,2 to 28,2
1788041353.407911 input_csi_dispatch: 'm' "" "38;2;241;250;140;49"
1788041353.407913 parameter 0: number 38
1788041353.407915 parameter 1: number 2
1788041353.407916 parameter 2: number 241
1788041353.407918 parameter 3: number 250
1788041353.407919 parameter 4: number 140
1788041353.407920 parameter 5: number 49
1788041353.407922 screen_write_collect_trim: 0x10a0a6c40 10-10 before 28-28
1788041353.407923 screen_write_collect_trim: 0x10a0a6d00 15-15 before 28-28
1788041353.407925 screen_write_collect_trim: 0x10a0a6d60 23-24 before 28-28
1788041353.407926 screen_write_collect_end: 1 3 (at 28,2)
1788041353.407928 utf8_to_data: 41000032 -> (1 1 2)
1788041353.407929 utf8_from_data: (1 1 3) -> 41000033
1788041353.407931 utf8_to_data: 4200b0c2 -> (1 2 \302\260)
1788041353.407932 input_csi_dispatch: 'H' "" "3;37"
1788041353.407934 parameter 0: number 3
1788041353.407935 parameter 1: number 37
1788041353.407936 screen_write_cursormove: from 29,2 to 36,2
1788041353.407938 input_csi_dispatch: 'm' "" "39;49"
1788041353.407940 parameter 0: number 39
1788041353.407941 parameter 1: number 49
1788041353.407942 screen_write_collect_trim: 0x10a0a6c40 10-10 before 36-37
1788041353.407944 screen_write_collect_trim: 0x10a0a6d00 15-15 before 36-37
1788041353.407945 screen_write_collect_trim: 0x10a0a6d60 23-24 before 36-37
1788041353.407947 screen_write_collect_trim: 0x10a0a6ac0 28-28 before 36-37
1788041353.407948 screen_write_collect_end: 2 36 (at 36,2)
1788041353.407950 input_csi_dispatch: 'H' "" "3;50"
1788041353.407951 parameter 0: number 3
1788041353.407953 parameter 1: number 50
1788041353.407954 screen_write_cursormove: from 38,2 to 49,2
1788041353.407956 screen_write_collect_trim: 0x10a0a6c40 10-10 before 49-50
1788041353.407957 screen_write_collect_trim: 0x10a0a6d00 15-15 before 49-50
1788041353.407959 screen_write_collect_trim: 0x10a0a6d60 23-24 before 49-50
1788041353.407960 screen_write_collect_trim: 0x10a0a6ac0 28-28 before 49-50
1788041353.407962 screen_write_collect_trim: 0x10a0a6a60 36-37 before 49-50
1788041353.407963 screen_write_collect_end: 2 14 (at 49,2)
1788041353.407965 input_csi_dispatch: 'H' "" "3;63"
1788041353.407967 parameter 0: number 3
1788041353.407969 parameter 1: number 63
1788041353.407970 screen_write_cursormove: from 51,2 to 62,2
1788041353.407972 screen_write_collect_trim: 0x10a0a6c40 10-10 before 62-62
1788041353.407974 screen_write_collect_trim: 0x10a0a6d00 15-15 before 62-62
1788041353.407976 screen_write_collect_trim: 0x10a0a6d60 23-24 before 62-62
1788041353.407978 screen_write_collect_trim: 0x10a0a6ac0 28-28 before 62-62
1788041353.407979 screen_write_collect_trim: 0x10a0a6a60 36-37 before 62-62
1788041353.407981 screen_write_collect_trim: 0x10a0a43c0 49-50 before 62-62
1788041353.407982 screen_write_collect_end: 1 1 (at 62,2)
1788041353.407984 input_csi_dispatch: 'H' "" "3;76"
1788041353.407986 parameter 0: number 3
1788041353.407987 parameter 1: number 76
1788041353.407988 screen_write_cursormove: from 63,2 to 75,2
1788041353.407990 screen_write_collect_trim: 0x10a0a6c40 10-10 before 75-76
1788041353.407992 screen_write_collect_trim: 0x10a0a6d00 15-15 before 75-76
1788041353.407993 screen_write_collect_trim: 0x10a0a6d60 23-24 before 75-76
1788041353.407998 screen_write_collect_trim: 0x10a0a6ac0 28-28 before 75-76
1788041353.408000 screen_write_collect_trim: 0x10a0a6a60 36-37 before 75-76
1788041353.408002 screen_write_collect_trim: 0x10a0a43c0 49-50 before 75-76
1788041353.408003 screen_write_collect_trim: 0x10a0a4540 62-62 before 75-76
1788041353.408005 screen_write_collect_end: 2  9 (at 75,2)
1788041353.408006 input_csi_dispatch: 'H' "" "3;89"
1788041353.408008 parameter 0: number 3
1788041353.408009 parameter 1: number 89
1788041353.408011 screen_write_cursormove: from 77,2 to 88,2
1788041353.408012 screen_write_collect_trim: 0x10a0a6c40 10-10 before 88-89
1788041353.408014 screen_write_collect_trim: 0x10a0a6d00 15-15 before 88-89
1788041353.408015 screen_write_collect_trim: 0x10a0a6d60 23-24 before 88-89
1788041353.408017 screen_write_collect_trim: 0x10a0a6ac0 28-28 before 88-89
1788041353.408018 screen_write_collect_trim: 0x10a0a6a60 36-37 before 88-89
1788041353.408020 screen_write_collect_trim: 0x10a0a43c0 49-50 before 88-89
1788041353.408021 screen_write_collect_trim: 0x10a0a4540 62-62 before 88-89
1788041353.408023 screen_write_collect_trim: 0x10a0a45a0 75-76 before 88-89
1788041353.408024 screen_write_collect_end: 2  9 (at 88,2)
1788041353.408026 input_csi_dispatch: 'H' "" "4;11"
1788041353.408027 parameter 0: number 4
1788041353.408029 parameter 1: number 11
1788041353.408030 screen_write_cursormove: from 90,2 to 10,3
1788041353.408032 screen_write_collect_end: 1 1 (at 10,3)
1788041353.408033 input_csi_dispatch: 'H' "" "4;24"
1788041353.408035 parameter 0: number 4
1788041353.408036 parameter 1: number 24
1788041353.408037 screen_write_cursormove: from 11,3 to 23,3
1788041353.408039 screen_write_collect_trim: 0x10a0a4660 10-10 before 23-24
1788041353.408040 screen_write_collect_end: 2  9 (at 23,3)
1788041353.408042 input_csi_dispatch: 'H' "" "5;43"
1788041353.408043 parameter 0: number 5
1788041353.408045 parameter 1: number 43
1788041353.408046 screen_write_cursormove: from 25,3 to 42,4
1788041353.408048 input_csi_dispatch: 'm' "" "38;2;241;250;140;49"
1788041353.408049 parameter 0: number 38
1788041353.408051 parameter 1: number 2
1788041353.408052 parameter 2: number 241
1788041353.408054 parameter 3: number 250
1788041353.408055 parameter 4: number 140
1788041353.408056 parameter 5: number 49
1788041353.408058 screen_write_collect_end: 1 # (at 42,4)
1788041353.408060 utf8_to_data: 4100002e -> (1 1 .)
1788041353.408061 utf8_from_data: (1 1 #) -> 41000023
1788041353.408063 utf8_to_data: 4100002e -> (1 1 .)
1788041353.408064 input_csi_dispatch: 'H' "" "5;78"
1788041353.408065 parameter 0: number 5
1788041353.408067 parameter 1: number 78
1788041353.408068 screen_write_cursormove: from 43,4 to 77,4
1788041353.408070 screen_write_collect_trim: 0x10a0a4720 42-42 before 77-77
1788041353.408071 screen_write_collect_end: 1 5 (at 77,4)
1788041353.408073 utf8_to_data: 41000034 -> (1 1 4)
1788041353.408074 utf8_from_data: (1 1 5) -> 41000035
1788041353.408076 utf8_to_data: 41000025 -> (1 1 %)
1788041353.408077 input_csi_dispatch: 'H' "" "5;82"
1788041353.408079 parameter 0: number 5
1788041353.408080 parameter 1: number 82
1788041353.408082 screen_write_cursormove: from 78,4 to 81,4
1788041353.408084 input_csi_dispatch: 'm' "" "38;2;98;114;164;49"
1788041353.408085 parameter 0: number 38
1788041353.408087 parameter 1: number 2
1788041353.408088 parameter 2: number 98
1788041353.408090 parameter 3: number 114
1788041353.408091 parameter 4: number 164
1788041353.408092 parameter 5: number 49
1788041353.408094 screen_write_collect_trim: 0x10a0a4720 42-42 before 81-81
1788041353.408095 screen_write_collect_trim: 0x10a0a4780 77-77 before 81-81
1788041353.408097 screen_write_collect_end: 1 5 (at 81,4)
1788041353.408099 utf8_to_data: 41000034 -> (1 1 4)
1788041353.408100 utf8_from_data: (1 1 5) -> 41000035
1788041353.408102 utf8_to_data: 4100002e -> (1 1 .)
1788041353.408103 input_csi_dispatch: 'H' "" "7;9"
1788041353.408104 parameter 0: number 7
1788041353.408106 parameter 1: number 9
1788041353.408107 screen_write_cursormove: from 82,4 to 8,6
1788041353.408111 input_csi_dispatch: 'm' "" "38;2;139;233;253;49"
1788041353.408113 parameter 0: number 38
1788041353.408114 parameter 1: number 2
1788041353.408116 parameter 2: number 139
1788041353.408117 parameter 3: number 233
1788041353.408119 parameter 4: number 253
1788041353.408120 parameter 5: number 49
1788041353.408122 screen_write_collect_end: 4 4.9K (at 8,6)
1788041353.408123 utf8_to_data: 41000031 -> (1 1 1)
1788041353.408125 utf8_from_data: (1 1 4) -> 41000034
1788041353.408126 utf8_from_data: (1 1 4) -> 41000034
1788041353.408128 utf8_from_data: (1 1 4) -> 41000034
1788041353.408129 utf8_from_data: (1 1 4) -> 41000034
1788041353.408131 utf8_to_data: 4100004b -> (1 1 K)
1788041353.408132 input_csi_dispatch: 'm' "" "39;49"
1788041353.408134 parameter 0: number 39
1788041353.408135 parameter 1: number 49
1788041353.408137 screen_write_collect_trim: 0x10a0a4840 8-11 before 12-12
1788041353.408138 screen_write_collect_end: 1   (at 12,6)
1788041353.408140 utf8_to_data: 4100004b -> (1 1 K)
1788041353.408141 utf8_from_data: (1 1  ) -> 41000020
1788041353.408143 utf8_to_data: 41000020 -> (1 1  )
1788041353.408144 input_csi_dispatch: 'H' "" "7;15"
1788041353.408146 parameter 0: number 7
1788041353.408147 parameter 1: number 15
1788041353.408149 screen_write_cursormove: from 13,6 to 14,6
1788041353.408150 input_csi_dispatch: 'm' "" "38;2;80;250;123;49"
1788041353.408152 parameter 0: number 38
1788041353.408153 parameter 1: number 2
1788041353.408155 parameter 2: number 80
1788041353.408156 parameter 3: number 250
1788041353.408157 parameter 4: number 123
1788041353.408159 parameter 5: number 49
1788041353.408161 UTF-8 \342\206\223 is U+002193
1788041353.408163 utf8proc_wcwidth(02193) returned 1
1788041353.408165 input_top_bit_set 3 '\342\206\223' (width 1)
1788041353.408167 collect list: x=10 (last 4294967295), y=1, used=2
1788041353.408169 collect list: x=15 (last 10), y=1, used=1
1788041353.408170 collect list: x=23 (last 15), y=1, used=2
1788041353.408172 collect list: x=36 (last 23), y=1, used=2
1788041353.408173 collect list: x=49 (last 36), y=1, used=2
1788041353.408174 collect list: x=54 (last 49), y=1, used=1
1788041353.408176 collect list: x=62 (last 54), y=1, used=2
1788041353.408177 collect list: x=67 (last 62), y=1, used=1
1788041353.408179 collect list: x=75 (last 67), y=1, used=2
1788041353.408180 collect list: x=80 (last 75), y=1, used=1
1788041353.408181 collect list: x=88 (last 80), y=1, used=1
1788041353.408183 collect list: x=10 (last 4294967295), y=2, used=1
1788041353.408184 collect list: x=15 (last 10), y=2, used=1
1788041353.408186 collect list: x=23 (last 15), y=2, used=2
1788041353.408187 collect list: x=28 (last 23), y=2, used=1
1788041353.408189 collect list: x=36 (last 28), y=2, used=2
1788041353.408190 collect list: x=49 (last 36), y=2, used=2
1788041353.408192 collect list: x=62 (last 49), y=2, used=1
1788041353.408193 collect list: x=75 (last 62), y=2, used=2
1788041353.408194 collect list: x=88 (last 75), y=2, used=2
1788041353.408196 collect list: x=10 (last 4294967295), y=3, used=1
1788041353.408197 collect list: x=23 (last 10), y=3, used=2
1788041353.408199 collect list: x=42 (last 4294967295), y=4, used=1
1788041353.408200 collect list: x=77 (last 42), y=4, used=1
1788041353.408202 collect list: x=81 (last 77), y=4, used=1
1788041353.408203 collect list: x=8 (last 4294967295), y=6, used=4
1788041353.408205 collect list: x=12 (last 8), y=6, used=1
1788041353.408207 screen_write_collect_flush: flushed 27 items (screen_write_collect_add)
1788041353.408209 screen_write_combine: character \342\206\223 at 14,6 (width 1)
1788041353.408211 utf8_to_data: 41000020 -> (1 1  )
1788041353.408212 UTF-8   is U+000020
1788041353.408213 UTF-8 \342\206\223 is U+002193
1788041353.408215 UTF-8 \342\206\223 is U+002193
1788041353.408217 UTF-8   is U+000020
1788041353.408218 utf8_to_data: 41000020 -> (1 1  )
1788041353.408220 utf8_from_data: (1 3 \342\206\223) -> 439386e2
1788041353.408222 screen_write_collect_end: 5  4.4K (at 15,6)
1788041353.408224 utf8_to_data: 439386e2 -> (1 3 \342\206\223)
1788041353.408228 utf8_from_data: (1 1  ) -> 41000020
1788041353.408229 utf8_from_data: (1 1  ) -> 41000020
1788041353.408231 utf8_from_data: (1 1  ) -> 41000020
1788041353.408232 utf8_from_data: (1 1  ) -> 41000020
1788041353.408234 utf8_from_data: (1 1  ) -> 41000020
1788041353.408235 utf8_to_data: 4100004b -> (1 1 K)
1788041353.408237 input_csi_dispatch: 'm' "" "39;49"
1788041353.408239 parameter 0: number 39
1788041353.408240 parameter 1: number 49
1788041353.408242 screen_write_collect_trim: 0x10a0a4900 15-19 before 20-20
1788041353.408243 screen_write_collect_end: 1   (at 20,6)
1788041353.408245 utf8_to_data: 4100004b -> (1 1 K)
1788041353.408246 utf8_from_data: (1 1  ) -> 41000020
1788041353.408248 utf8_to_data: 41000020 -> (1 1  )
1788041353.408249 input_csi_dispatch: 'H' "" "10;44"
1788041353.408251 parameter 0: number 10
1788041353.408252 parameter 1: number 44
1788041353.408254 screen_write_cursormove: from 21,6 to 43,9
1788041353.408256 input_csi_dispatch: 'm' "" "38;2;139;233;253;49"
1788041353.408257 parameter 0: number 38
1788041353.408259 parameter 1: number 2
1788041353.408260 parameter 2: number 139
1788041353.408261 parameter 3: number 233
1788041353.408263 parameter 4: number 253
1788041353.408264 parameter 5: number 49
1788041353.408266 screen_write_collect_end: 1 5 (at 43,9)
1788041353.408267 utf8_to_data: 41000033 -> (1 1 3)
1788041353.408269 utf8_from_data: (1 1 5) -> 41000035
1788041353.408270 utf8_to_data: 4100002e -> (1 1 .)
1788041353.408271 input_csi_dispatch: 'H' "" "11;55"
1788041353.408273 parameter 0: number 11
1788041353.408274 parameter 1: number 55
1788041353.408276 screen_write_cursormove: from 44,9 to 54,10
1788041353.408278 input_csi_dispatch: 'm' "" "38;2;98;114;164;49"
1788041353.408279 parameter 0: number 38
1788041353.408280 parameter 1: number 2
1788041353.408282 parameter 2: number 98
1788041353.408283 parameter 3: number 114
1788041353.408285 parameter 4: number 164
1788041353.408286 parameter 5: number 49
1788041353.408288 screen_write_collect_end: 5 67628 (at 54,10)
1788041353.408290 utf8_to_data: 41000038 -> (1 1 8)
1788041353.408291 utf8_from_data: (1 1 6) -> 41000036
1788041353.408292 utf8_from_data: (1 1 6) -> 41000036
1788041353.408294 utf8_from_data: (1 1 6) -> 41000036
1788041353.408295 utf8_from_data: (1 1 6) -> 41000036
1788041353.408297 utf8_from_data: (1 1 6) -> 41000036
1788041353.408298 input_csi_dispatch: 'H' "" "11;62"
1788041353.408300 parameter 0: number 11
1788041353.408301 parameter 1: number 62
1788041353.408303 screen_write_cursormove: from 59,10 to 61,10
1788041353.408305 input_csi_dispatch: 'm' "" "38;2;248;248;242;49"
1788041353.408306 parameter 0: number 38
1788041353.408308 parameter 1: number 2
1788041353.408309 parameter 2: number 248
1788041353.408310 parameter 3: number 248
1788041353.408312 parameter 4: number 242
1788041353.408313 parameter 5: number 49
1788041353.408315 screen_write_collect_trim: 0x10a0a6a00 54-58 before 61-71
1788041353.408317 screen_write_collect_end: 11 mdworker_sh (at 61,10)
1788041353.408318 utf8_to_data: 41000063 -> (1 1 c)
1788041353.408320 utf8_from_data: (1 1 m) -> 4100006d
1788041353.408321 utf8_from_data: (1 1 m) -> 4100006d
1788041353.408323 utf8_from_data: (1 1 m) -> 4100006d
1788041353.408324 utf8_from_data: (1 1 m) -> 4100006d
1788041353.408326 utf8_from_data: (1 1 m) -> 4100006d
1788041353.408327 utf8_from_data: (1 1 m) -> 4100006d
1788041353.408329 utf8_from_data: (1 1 m) -> 4100006d
1788041353.408330 utf8_from_data: (1 1 m) -> 4100006d
1788041353.408332 utf8_from_data: (1 1 m) -> 4100006d
1788041353.408333 utf8_from_data: (1 1 m) -> 4100006d
1788041353.408334 utf8_from_data: (1 1 m) -> 4100006d
1788041353.408336 utf8_to_data: 41000061 -> (1 1 a)
1788041353.408338 input_csi_dispatch: 'H' "" "11;74"
1788041353.408339 parameter 0: number 11
1788041353.408341 parameter 1: number 74
1788041353.408342 screen_write_cursormove: from 72,10 to 73,10
1788041353.408344 screen_write_collect_trim: 0x10a0a6a00 54-58 before 73-80
1788041353.408345 screen_write_collect_trim: 0x10a0a69a0 61-71 before 73-80
1788041353.408349 screen_write_collect_end: 8 red      (at 73,10)
1788041353.408351 utf8_to_data: 41000066 -> (1 1 f)
1788041353.408352 utf8_from_data: (1 1 r) -> 41000072
1788041353.408354 utf8_from_data: (1 1 r) -> 41000072
1788041353.408355 utf8_from_data: (1 1 r) -> 41000072
1788041353.408357 utf8_from_data: (1 1 r) -> 41000072
1788041353.408358 utf8_from_data: (1 1 r) -> 41000072
1788041353.408360 utf8_from_data: (1 1 r) -> 41000072
1788041353.408361 utf8_from_data: (1 1 r) -> 41000072
1788041353.408363 utf8_from_data: (1 1 r) -> 41000072
1788041353.408364 input_csi_dispatch: 'H' "" "11;96"
1788041353.408366 parameter 0: number 11
1788041353.408367 parameter 1: number 96
1788041353.408368 screen_write_cursormove: from 81,10 to 95,10
1788041353.408370 input_csi_dispatch: 'm' "" "38;2;139;233;253;49"
1788041353.408372 parameter 0: number 38
1788041353.408373 parameter 1: number 2
1788041353.408375 parameter 2: number 139
1788041353.408376 parameter 3: number 233
1788041353.408377 parameter 4: number 253
1788041353.408379 parameter 5: number 49
1788041353.408381 screen_write_collect_trim: 0x10a0a6a00 54-58 before 95-95
1788041353.408382 screen_write_collect_trim: 0x10a0a69a0 61-71 before 95-95
1788041353.408384 screen_write_collect_trim: 0x10a0a6940 73-80 before 95-95
1788041353.408386 screen_write_collect_end: 1 7 (at 95,10)
1788041353.408388 utf8_to_data: 41000035 -> (1 1 5)
1788041353.408389 utf8_from_data: (1 1 7) -> 41000037
1788041353.408391 utf8_to_data: 4100004d -> (1 1 M)
1788041353.408393 input_csi_dispatch: 'H' "" "12;38"
1788041353.408394 parameter 0: number 12
1788041353.408396 parameter 1: number 38
1788041353.408397 screen_write_cursormove: from 96,10 to 37,11
1788041353.408399 input_csi_dispatch: 'm' "" "38;2;248;248;242;49"
1788041353.408401 parameter 0: number 38
1788041353.408402 parameter 1: number 2
1788041353.408403 parameter 2: number 248
1788041353.408405 parameter 3: number 248
1788041353.408407 parameter 4: number 242
1788041353.408408 parameter 5: number 49
1788041353.408410 screen_write_collect_end: 1 0 (at 37,11)
1788041353.408412 utf8_to_data: 41000035 -> (1 1 5)
1788041353.408413 utf8_from_data: (1 1 0) -> 41000030
1788041353.408415 input_csi_dispatch: 'H' "" "12;42"
1788041353.408416 parameter 0: number 12
1788041353.408418 parameter 1: number 42
1788041353.408419 screen_write_cursormove: from 38,11 to 41,11
1788041353.408421 input_csi_dispatch: 'm' "" "38;2;139;233;253;49"
1788041353.408422 parameter 0: number 38
1788041353.408424 parameter 1: number 2
1788041353.408425 parameter 2: number 139
1788041353.408427 parameter 3: number 233
1788041353.408428 parameter 4: number 253
1788041353.408429 parameter 5: number 49
1788041353.408431 screen_write_collect_trim: 0x10a0a6880 37-37 before 41-43
1788041353.408432 screen_write_collect_end: 3 485 (at 41,11)
1788041353.408434 utf8_to_data: 41000035 -> (1 1 5)
1788041353.408435 utf8_from_data: (1 1 4) -> 41000034
1788041353.408437 utf8_from_data: (1 1 4) -> 41000034
1788041353.408438 utf8_from_data: (1 1 4) -> 41000034
1788041353.408440 utf8_to_data: 4100002e -> (1 1 .)
1788041353.408441 input_csi_dispatch: 'H' "" "12;46"
1788041353.408443 parameter 0: number 12
1788041353.408444 parameter 1: number 46
1788041353.408445 screen_write_cursormove: from 44,11 to 45,11
1788041353.408447 screen_write_collect_trim: 0x10a0a6880 37-37 before 45-45
1788041353.408449 screen_write_collect_trim: 0x10a0a6820 41-43 before 45-45
1788041353.408450 screen_write_collect_end: 1 1 (at 45,11)
1788041353.408451 utf8_to_data: 41000036 -> (1 1 6)
1788041353.408453 utf8_from_data: (1 1 1) -> 41000031
1788041353.408454 utf8_to_data: 4100004d -> (1 1 M)
1788041353.408456 input_csi_dispatch: 'H' "" "12;55"
1788041353.408457 parameter 0: number 12
1788041353.408459 parameter 1: number 55
1788041353.408460 screen_write_cursormove: from 46,11 to 54,11
1788041353.408462 input_csi_dispatch: 'm' "" "38;2;98;114;164;49"
1788041353.408463 parameter 0: number 38
1788041353.408465 parameter 1: number 2
1788041353.408466 parameter 2: number 98
1788041353.408467 parameter 3: number 114
1788041353.408472 parameter 4: number 164
1788041353.408474 parameter 5: number 49
1788041353.408475 screen_write_collect_trim: 0x10a0a6880 37-37 before 54-56
1788041353.408477 screen_write_collect_trim: 0x10a0a6820 41-43 before 54-56
1788041353.408478 screen_write_collect_trim: 0x10a0a67c0 45-45 before 54-56
1788041353.408480 screen_write_collect_end: 3 890 (at 54,11)
1788041353.408482 utf8_to_data: 41000036 -> (1 1 6)
1788041353.408484 utf8_from_data: (1 1 8) -> 41000038
1788041353.408485 utf8_from_data: (1 1 8) -> 41000038
1788041353.408486 utf8_from_data: (1 1 8) -> 41000038
1788041353.408488 utf8_to_data: 41000030 -> (1 1 0)
1788041353.408489 input_csi_dispatch: 'H' "" "12;59"
1788041353.408491 parameter 0: number 12
1788041353.408492 parameter 1: number 59
1788041353.408494 screen_write_cursormove: from 57,11 to 58,11
1788041353.408495 screen_write_collect_trim: 0x10a0a6880 37-37 before 58-58
1788041353.408497 screen_write_collect_trim: 0x10a0a6820 41-43 before 58-58
1788041353.408498 screen_write_collect_trim: 0x10a0a67c0 45-45 before 58-58
1788041353.408500 screen_write_collect_trim: 0x10a0a6760 54-56 before 58-58
1788041353.408501 screen_write_collect_end: 1 0 (at 58,11)
1788041353.408503 utf8_to_data: 41000037 -> (1 1 7)
1788041353.408504 utf8_from_data: (1 1 0) -> 41000030
1788041353.408506 input_csi_dispatch: 'H' "" "12;62"
1788041353.408507 parameter 0: number 12
1788041353.408509 parameter 1: number 62
1788041353.408510 screen_write_cursormove: from 59,11 to 61,11
1788041353.408512 input_csi_dispatch: 'm' "" "38;2;248;248;242;49"
1788041353.408513 parameter 0: number 38
1788041353.408515 parameter 1: number 2
1788041353.408516 parameter 2: number 248
1788041353.408518 parameter 3: number 248
1788041353.408519 parameter 4: number 242
1788041353.408520 parameter 5: number 49
1788041353.408522 screen_write_collect_trim: 0x10a0a6880 37-37 before 61-67
1788041353.408524 screen_write_collect_trim: 0x10a0a6820 41-43 before 61-67
1788041353.408526 screen_write_collect_trim: 0x10a0a67c0 45-45 before 61-67
1788041353.408527 screen_write_collect_trim: 0x10a0a6760 54-56 before 61-67
1788041353.408528 screen_write_collect_trim: 0x10a0a6700 58-58 before 61-67
1788041353.408530 screen_write_collect_end: 7 com.app (at 61,11)
1788041353.408531 utf8_to_data: 4100006e -> (1 1 n)
1788041353.408533 utf8_from_data: (1 1 c) -> 41000063
1788041353.408535 utf8_from_data: (1 1 c) -> 41000063
1788041353.408537 utf8_from_data: (1 1 c) -> 41000063
1788041353.408539 utf8_from_data: (1 1 c) -> 41000063
1788041353.408541 utf8_from_data: (1 1 c) -> 41000063
1788041353.408542 utf8_from_data: (1 1 c) -> 41000063
1788041353.408544 utf8_from_data: (1 1 c) -> 41000063
1788041353.408545 utf8_to_data: 4100006c -> (1 1 l)
1788041353.408547 input_csi_dispatch: 'H' "" "12;70"
1788041353.408549 parameter 0: number 12
1788041353.408551 parameter 1: number 70
1788041353.408553 screen_write_cursormove: from 68,11 to 69,11
1788041353.408555 screen_write_collect_trim: 0x10a0a6880 37-37 before 69-80
1788041353.408557 screen_write_collect_trim: 0x10a0a6820 41-43 before 69-80
1788041353.408559 screen_write_collect_trim: 0x10a0a67c0 45-45 before 69-80
1788041353.408561 screen_write_collect_trim: 0x10a0a6760 54-56 before 69-80
1788041353.408563 screen_write_collect_trim: 0x10a0a6700 58-58 before 69-80
1788041353.408565 screen_write_collect_trim: 0x10a0a4420 61-67 before 69-80
1788041353.408568 screen_write_collect_end: 12 e.SafariP... (at 69,11)
1788041353.408570 utf8_to_data: 41000061 -> (1 1 a)
1788041353.408571 utf8_from_data: (1 1 e) -> 41000065
1788041353.408573 utf8_from_data: (1 1 e) -> 41000065
1788041353.408575 utf8_from_data: (1 1 e) -> 41000065
1788041353.408576 utf8_from_data: (1 1 e) -> 41000065
1788041353.408579 utf8_from_data: (1 1 e) -> 41000065
1788041353.408582 utf8_from_data: (1 1 e) -> 41000065
1788041353.408583 utf8_from_data: (1 1 e) -> 41000065
1788041353.408584 utf8_from_data: (1 1 e) -> 41000065
1788041353.408586 utf8_from_data: (1 1 e) -> 41000065
1788041353.408587 utf8_from_data: (1 1 e) -> 41000065
1788041353.408593 utf8_from_data: (1 1 e) -> 41000065
1788041353.408595 utf8_from_data: (1 1 e) -> 41000065
1788041353.408597 input_csi_dispatch: 'H' "" "12;94"
1788041353.408598 parameter 0: number 12
1788041353.408599 parameter 1: number 94
1788041353.408601 screen_write_cursormove: from 81,11 to 93,11
1788041353.408603 input_csi_dispatch: 'm' "" "38;2;139;233;253;49"
1788041353.408604 parameter 0: number 38
1788041353.408606 parameter 1: number 2
1788041353.408607 parameter 2: number 139
1788041353.408609 parameter 3: number 233
1788041353.408610 parameter 4: number 253
1788041353.408611 parameter 5: number 49
1788041353.408613 screen_write_collect_trim: 0x10a0a6880 37-37 before 93-93
1788041353.408614 screen_write_collect_trim: 0x10a0a6820 41-43 before 93-93
1788041353.408616 screen_write_collect_trim: 0x10a0a67c0 45-45 before 93-93
1788041353.408617 screen_write_collect_trim: 0x10a0a6760 54-56 before 93-93
1788041353.408619 screen_write_collect_trim: 0x10a0a6700 58-58 before 93-93
1788041353.408620 screen_write_collect_trim: 0x10a0a4420 61-67 before 93-93
1788041353.408622 screen_write_collect_trim: 0x10a0a40c0 69-80 before 93-93
1788041353.408623 screen_write_collect_end: 1 5 (at 93,11)
1788041353.408625 utf8_to_data: 41000032 -> (1 1 2)
1788041353.408627 utf8_from_data: (1 1 5) -> 41000035
1788041353.408628 utf8_to_data: 4100002e -> (1 1 .)
1788041353.408630 input_csi_dispatch: 'H' "" "12;96"
1788041353.408631 parameter 0: number 12
1788041353.408633 parameter 1: number 96
1788041353.408634 screen_write_cursormove: from 94,11 to 95,11
1788041353.408636 screen_write_collect_trim: 0x10a0a6880 37-37 before 95-95
1788041353.408638 screen_write_collect_trim: 0x10a0a6820 41-43 before 95-95
1788041353.408639 screen_write_collect_trim: 0x10a0a67c0 45-45 before 95-95
1788041353.408640 screen_write_collect_trim: 0x10a0a6760 54-56 before 95-95
1788041353.408642 screen_write_collect_trim: 0x10a0a6700 58-58 before 95-95
1788041353.408643 screen_write_collect_trim: 0x10a0a4420 61-67 before 95-95
1788041353.408645 screen_write_collect_trim: 0x10a0a40c0 69-80 before 95-95
1788041353.408646 screen_write_collect_trim: 0x10a0a4120 93-93 before 95-95
1788041353.408648 screen_write_collect_end: 1 5 (at 95,11)
1788041353.408651 utf8_to_data: 41000039 -> (1 1 9)
1788041353.408653 utf8_from_data: (1 1 5) -> 41000035
1788041353.408656 utf8_to_data: 4100004d -> (1 1 M)
1788041353.408659 input_csi_dispatch: 'H' "" "13;55"
1788041353.408661 parameter 0: number 13
1788041353.408663 parameter 1: number 55
1788041353.408666 screen_write_cursormove: from 96,11 to 54,12
1788041353.408668 input_csi_dispatch: 'm' "" "38;2;98;114;164;49"
1788041353.408670 parameter 0: number 38
1788041353.408672 parameter 1: number 2
1788041353.408673 parameter 2: number 98
1788041353.408675 parameter 3: number 114
1788041353.408677 parameter 4: number 164
1788041353.408679 parameter 5: number 49
1788041353.408681 screen_write_collect_end: 3 673 (at 54,12)
1788041353.408683 utf8_to_data: 41000039 -> (1 1 9)
1788041353.408685 utf8_from_data: (1 1 6) -> 41000036
1788041353.408686 utf8_from_data: (1 1 6) -> 41000036
1788041353.408688 utf8_from_data: (1 1 6) -> 41000036
1788041353.408689 utf8_to_data: 41000031 -> (1 1 1)
1788041353.408691 input_csi_dispatch: 'H' "" "13;59"
1788041353.408692 parameter 0: number 13
1788041353.408693 parameter 1: number 59
1788041353.408695 screen_write_cursormove: from 57,12 to 58,12
1788041353.408696 screen_write_collect_trim: 0x10a0a6b80 54-56 before 58-58
1788041353.408698 screen_write_collect_end: 1 9 (at 58,12)
1788041353.408699 utf8_to_data: 41000036 -> (1 1 6)
1788041353.408701 utf8_from_data: (1 1 9) -> 41000039
1788041353.408703 input_csi_dispatch: 'H' "" "13;62"
1788041353.408704 parameter 0: number 13
1788041353.408705 parameter 1: number 62
1788041353.408707 screen_write_cursormove: from 59,12 to 61,12
1788041353.408709 input_csi_dispatch: 'm' "" "38;2;248;248;242;49"
1788041353.408710 parameter 0: number 38
1788041353.408711 parameter 1: number 2
1788041353.408713 parameter 2: number 248
1788041353.408714 parameter 3: number 248
1788041353.408719 parameter 4: number 242
1788041353.408720 parameter 5: number 49
1788041353.408722 screen_write_collect_trim: 0x10a0a6b80 54-56 before 61-75
1788041353.408724 screen_write_collect_trim: 0x10a0a66a0 58-58 before 61-75
1788041353.408725 screen_write_collect_end: 15 mdworker_shared (at 61,12)
1788041353.408727 utf8_to_data: 41000072 -> (1 1 r)
1788041353.408728 utf8_from_data: (1 1 m) -> 4100006d
1788041353.408730 utf8_from_data: (1 1 m) -> 4100006d
1788041353.408731 utf8_from_data: (1 1 m) -> 4100006d
1788041353.408733 utf8_from_data: (1 1 m) -> 4100006d
1788041353.408735 utf8_from_data: (1 1 m) -> 4100006d
1788041353.408736 utf8_from_data: (1 1 m) -> 4100006d
1788041353.408737 utf8_from_data: (1 1 m) -> 4100006d
1788041353.408739 utf8_from_data: (1 1 m) -> 4100006d
1788041353.408740 utf8_from_data: (1 1 m) -> 4100006d
1788041353.408742 utf8_from_data: (1 1 m) -> 4100006d
1788041353.408743 utf8_from_data: (1 1 m) -> 4100006d
1788041353.408745 utf8_from_data: (1 1 m) -> 4100006d
1788041353.408746 utf8_from_data: (1 1 m) -> 4100006d
1788041353.408748 utf8_from_data: (1 1 m) -> 4100006d
1788041353.408749 utf8_from_data: (1 1 m) -> 4100006d
1788041353.408751 utf8_to_data: 41000020 -> (1 1  )
1788041353.408752 input_csi_dispatch: 'H' "" "13;94"
1788041353.408754 parameter 0: number 13
1788041353.408755 parameter 1: number 94
1788041353.408757 screen_write_cursormove: from 76,12 to 93,12
1788041353.408758 input_csi_dispatch: 'm' "" "38;2;139;233;253;49"
1788041353.408760 parameter 0: number 38
1788041353.408761 parameter 1: number 2
1788041353.408763 parameter 2: number 139
1788041353.408764 parameter 3: number 233
1788041353.408765 parameter 4: number 253
1788041353.408767 parameter 5: number 49
1788041353.408769 screen_write_collect_trim: 0x10a0a6b80 54-56 before 93-93
1788041353.408770 screen_write_collect_trim: 0x10a0a66a0 58-58 before 93-93
1788041353.408772 screen_write_collect_trim: 0x10a0a6640 61-75 before 93-93
1788041353.408773 screen_write_collect_end: 1 4 (at 93,12)
1788041353.408775 utf8_to_data: 41000030 -> (1 1 0)
1788041353.408776 utf8_from_data: (1 1 4) -> 41000034
1788041353.408778 utf8_to_data: 4100002e -> (1 1 .)
1788041353.408780 input_csi_dispatch: 'H' "" "13;96"
1788041353.408781 parameter 0: number 13
1788041353.408782 parameter 1: number 96
1788041353.408784 screen_write_cursormove: from 94,12 to 95,12
1788041353.408786 screen_write_collect_trim: 0x10a0a6b80 54-56 before 95-95
1788041353.408787 screen_write_collect_trim: 0x10a0a66a0 58-58 before 95-95
1788041353.408789 screen_write_collect_trim: 0x10a0a6640 61-75 before 95-95
1788041353.408790 screen_write_collect_trim: 0x10a0a65e0 93-93 before 95-95
1788041353.408792 screen_write_collect_end: 1 6 (at 95,12)
1788041353.408793 utf8_to_data: 41000039 -> (1 1 9)
1788041353.408795 utf8_from_data: (1 1 6) -> 41000036
1788041353.408796 utf8_to_data: 4100004d -> (1 1 M)
1788041353.408799 input_csi_dispatch: 'H' "" "14;56"
1788041353.408800 parameter 0: number 14
1788041353.408802 parameter 1: number 56
1788041353.408803 screen_write_cursormove: from 96,12 to 55,13
1788041353.408805 collect list: x=15 (last 4294967295), y=6, used=5
1788041353.408807 collect list: x=20 (last 15), y=6, used=1
1788041353.408808 collect list: x=43 (last 4294967295), y=9, used=1
1788041353.408810 collect list: x=54 (last 4294967295), y=10, used=5
1788041353.408811 collect list: x=61 (last 54), y=10, used=11
1788041353.408813 collect list: x=73 (last 61), y=10, used=8
1788041353.408814 collect list: x=95 (last 73), y=10, used=1
1788041353.408816 collect list: x=37 (last 4294967295), y=11, used=1
1788041353.408817 collect list: x=41 (last 37), y=11, used=3
1788041353.408819 collect list: x=45 (last 41), y=11, used=1
1788041353.408820 collect list: x=54 (last 45), y=11, used=3
1788041353.408822 collect list: x=58 (last 54), y=11, used=1
1788041353.408823 collect list: x=61 (last 58), y=11, used=7
1788041353.408825 collect list: x=69 (last 61), y=11, used=12
1788041353.408826 collect list: x=93 (last 69), y=11, used=1
1788041353.408828 collect list: x=95 (last 93), y=11, used=1
1788041353.408832 collect list: x=54 (last 4294967295), y=12, used=3
1788041353.408833 collect list: x=58 (last 54), y=12, used=1
1788041353.408835 collect list: x=61 (last 58), y=12, used=15
1788041353.408836 collect list: x=93 (last 61), y=12, used=1
1788041353.408837 collect list: x=95 (last 93), y=12, used=1
1788041353.408839 screen_write_collect_flush: flushed 21 items (screen_write_stop)
1788041353.408842 @0 alerts check, alerts 0x2
1788041353.408844 window_remove_ref: @0 alerts_callback, now 1
1788041353.408847 cmdq_next <global>: empty
1788041353.408849 server_client_check_pane_buffer: %0 has 1024 minimum (of 1024) bytes used
1788041353.408851 server_client_check_pane_buffer: pane %0 is on
1788041353.408853 @0 active pane changed
1788041353.408856 format_expand1: expanding format: #{?pane_in_mode,[tmux],#{pane_current_command}}#{?pane_dead,[dead],}
1788041353.408859 format_expand1: found #{}: ?pane_in_mode,[tmux],#{pane_current_command}
1788041353.408861 format_replace: condition is: pane_in_mode
1788041353.408867 format_replace: condition 'pane_in_mode' found: 0
1788041353.408869 format_replace: condition 'pane_in_mode' is false
1788041353.408870 format_replace: no condition matched in 'pane_in_mode,[tmux],#{pane_current_command}'; using last arg
1788041353.408872 format_expand1: expanding format: #{pane_current_command}
1788041353.408874 format_expand1: found #{}: pane_current_command
1788041353.408892 format_replace: format 'pane_current_command' found: multitop
1788041353.408895 format_replace: replaced 'pane_current_command' with 'multitop'
1788041353.408897 format_expand1: result is: multitop
1788041353.408899 format_replace: replaced '?pane_in_mode,[tmux],#{pane_current_command}' with 'multitop'
1788041353.408901 format_expand1: found #{}: ?pane_dead,[dead],
1788041353.408902 format_replace: condition is: pane_dead
1788041353.408905 format_replace: condition 'pane_dead' found: 0
1788041353.408907 format_replace: condition 'pane_dead' is false
1788041353.408909 format_replace: no condition matched in 'pane_dead,[dead],'; using last arg
1788041353.408911 format_replace: replaced '?pane_dead,[dead],' with ''
1788041353.408912 format_expand1: result is: multitop
1788041353.408914 @0 name not changed (still multitop)
1788041353.408921 %0 has 1024 bytes
1788041353.408924 @0 alerts timer reset 0
1788041353.408926 @0 alerts flags added 0x2
1788041353.408928 window_add_ref: @0 alerts_queue, now 2
1788041353.408930 alerts check queued (by @0)
1788041353.408932 screen_write_start_pane: size 100x30, pane %0 (at 0,0)
1788041353.408940 input_parse_buffer: %0 csi_parameter, 1024 bytes: 2;98;114;164;49m1307\033[14;62H\033[38;2;248;248;242;49mnatu\033[14;67Hallanguaged\033[14;92H\033[38;2;139;233;253;49m102\033[14;96H9\033[15;57H\033[38;2;98;114;164;49m287\033[15;92H\033[38;2;139;233;253;49m102\033[15;96H8\033[16;59H\033[38;2;98;114;164;49m7\033[16;92H\033[38;2;139;233;253;49m102\033[16;96H2\033[17;57H\033[38;2;98;114;164;49m630\033[17;92H\033[38;2;139;233;253;49m101\033[17;96H9\033[18;56H\033[38;2;98;114;164;49m7631\033[18;92H\033[38;2;139;233;253;49m101\033[18;96H5\033[19;46H1\033[19;56H\033[38;2;98;114;164;49m7608\033[19;92H\033[38;2;139;233;253;49m101\033[19;96H1\033[20;55H\033[38;2;98;114;164;49m94116\033[20;62H\033[38;2;248;248;242;49mremindd        \033[20;92H\033[38;2;139;233;253;49m100\033[21;56H\033[38;2;98;114;164;49m7278\033[21;62H\033[38;2;248;248;242;49mmdworker_shared\033[21;92H\033[38;2;139;233;253;49m100\033[21;96H8\033[22;58H\033[38;2;98;114;164;49m09\033[22;92H\033[38;2;139;233;253;49m100\033[22;96H7\033[23;58H\033[38;2;98;114;164;49m12\033[23;92H\033[38;2;139;233;253;49m100\033[23;96H6\033[24;56H\033[38;2;98;114;164;49m7318\033[24;92H\033[38;2;139;233;253;49m100\033[24;96H0\033[25;58H\033[38;2;98;114;164;49m2\033[25;94H\033[38;2;139;233;253;49m9\033[26;55H\033[38;2;9
1788041353.408942 input_csi_dispatch: 'm' "" "38;2;98;114;164;49"
1788041353.408944 parameter 0: number 38
1788041353.408945 parameter 1: number 2
1788041353.408947 parameter 2: number 98
1788041353.408948 parameter 3: number 114
1788041353.408953 parameter 4: number 164
1788041353.408955 parameter 5: number 49
1788041353.408957 screen_write_collect_end: 4 1307 (at 55,13)
1788041353.408958 utf8_to_data: 41000037 -> (1 1 7)
1788041353.408960 utf8_from_data: (1 1 1) -> 41000031
1788041353.408961 utf8_from_data: (1 1 1) -> 41000031
1788041353.408963 utf8_from_data: (1 1 1) -> 41000031
1788041353.408964 utf8_from_data: (1 1 1) -> 41000031
1788041353.408966 input_csi_dispatch: 'H' "" "14;62"
1788041353.408967 parameter 0: number 14
1788041353.408969 parameter 1: number 62
1788041353.408970 screen_write_cursormove: from 59,13 to 61,13
1788041353.408972 input_csi_dispatch: 'm' "" "38;2;248;248;242;49"
1788041353.408974 parameter 0: number 38
1788041353.408975 parameter 1: number 2
1788041353.408977 parameter 2: number 248
1788041353.408978 parameter 3: number 248
1788041353.408979 parameter 4: number 242
1788041353.408981 parameter 5: number 49
1788041353.408982 screen_write_collect_trim: 0x10a0a64c0 55-58 before 61-64
1788041353.408984 screen_write_collect_end: 4 natu (at 61,13)
1788041353.408985 utf8_to_data: 4100006d -> (1 1 m)
1788041353.408987 utf8_from_data: (1 1 n) -> 4100006e
1788041353.408988 utf8_from_data: (1 1 n) -> 4100006e
1788041353.408990 utf8_from_data: (1 1 n) -> 4100006e
1788041353.408991 utf8_from_data: (1 1 n) -> 4100006e
1788041353.408993 utf8_to_data: 41000072 -> (1 1 r)
1788041353.408994 input_csi_dispatch: 'H' "" "14;67"
1788041353.408996 parameter 0: number 14
1788041353.408997 parameter 1: number 67
1788041353.408998 screen_write_cursormove: from 65,13 to 66,13
1788041353.409000 screen_write_collect_trim: 0x10a0a64c0 55-58 before 66-76
1788041353.409002 screen_write_collect_trim: 0x10a0a4300 61-64 before 66-76
1788041353.409003 screen_write_collect_end: 11 allanguaged (at 66,13)
1788041353.409005 utf8_to_data: 4100006b -> (1 1 k)
1788041353.409006 utf8_from_data: (1 1 a) -> 41000061
1788041353.409008 utf8_from_data: (1 1 a) -> 41000061
1788041353.409009 utf8_from_data: (1 1 a) -> 41000061
1788041353.409010 utf8_from_data: (1 1 a) -> 41000061
1788041353.409012 utf8_from_data: (1 1 a) -> 41000061
1788041353.409013 utf8_from_data: (1 1 a) -> 41000061
1788041353.409015 utf8_from_data: (1 1 a) -> 41000061
1788041353.409016 utf8_from_data: (1 1 a) -> 41000061
1788041353.409018 utf8_from_data: (1 1 a) -> 41000061
1788041353.409019 utf8_from_data: (1 1 a) -> 41000061
1788041353.409020 utf8_from_data: (1 1 a) -> 41000061
1788041353.409022 utf8_to_data: 41000020 -> (1 1  )
1788041353.409023 input_csi_dispatch: 'H' "" "14;92"
1788041353.409025 parameter 0: number 14
1788041353.409026 parameter 1: number 92
1788041353.409028 screen_write_cursormove: from 77,13 to 91,13
1788041353.409030 input_csi_dispatch: 'm' "" "38;2;139;233;253;49"
1788041353.409031 parameter 0: number 38
1788041353.409033 parameter 1: number 2
1788041353.409034 parameter 2: number 139
1788041353.409035 parameter 3: number 233
1788041353.409037 parameter 4: number 253
1788041353.409038 parameter 5: number 49
1788041353.409040 screen_write_collect_trim: 0x10a0a64c0 55-58 before 91-93
1788041353.409041 screen_write_collect_trim: 0x10a0a4300 61-64 before 91-93
1788041353.409043 screen_write_collect_trim: 0x10a0a4060 66-76 before 91-93
1788041353.409044 screen_write_collect_end: 3 102 (at 91,13)
1788041353.409046 utf8_to_data: 41000020 -> (1 1  )
1788041353.409048 utf8_from_data: (1 1 1) -> 41000031
1788041353.409049 utf8_from_data: (1 1 1) -> 41000031
1788041353.409050 utf8_from_data: (1 1 1) -> 41000031
1788041353.409052 utf8_to_data: 4100002e -> (1 1 .)
1788041353.409053 input_csi_dispatch: 'H' "" "14;96"
1788041353.409055 parameter 0: number 14
1788041353.409056 parameter 1: number 96
1788041353.409058 screen_write_cursormove: from 94,13 to 95,13
1788041353.409059 screen_write_collect_trim: 0x10a0a64c0 55-58 before 95-95
1788041353.409061 screen_write_collect_trim: 0x10a0a4300 61-64 before 95-95
1788041353.409063 screen_write_collect_trim: 0x10a0a4060 66-76 before 95-95
1788041353.409064 screen_write_collect_trim: 0x10a0a6c40 91-93 before 95-95
1788041353.409065 screen_write_collect_end: 1 9 (at 95,13)
1788041353.409069 utf8_to_data: 41000038 -> (1 1 8)
1788041353.409070 utf8_from_data: (1 1 9) -> 41000039
1788041353.409072 utf8_to_data: 4100004d -> (1 1 M)
1788041353.409073 input_csi_dispatch: 'H' "" "15;57"
1788041353.409075 parameter 0: number 15
1788041353.409076 parameter 1: number 57
1788041353.409077 screen_write_cursormove: from 96,13 to 56,14
1788041353.409079 input_csi_dispatch: 'm' "" "38;2;98;114;164;49"
1788041353.409081 parameter 0: number 38
1788041353.409082 parameter 1: number 2
1788041353.409084 parameter 2: number 98
1788041353.409085 parameter 3: number 114
1788041353.409086 parameter 4: number 164
1788041353.409088 parameter 5: number 49
1788041353.409090 screen_write_collect_end: 3 287 (at 56,14)
1788041353.409091 utf8_to_data: 41000033 -> (1 1 3)
1788041353.409093 utf8_from_data: (1 1 2) -> 41000032
1788041353.409094 utf8_from_data: (1 1 2) -> 41000032
1788041353.409096 utf8_from_data: (1 1 2) -> 41000032
1788041353.409097 input_csi_dispatch: 'H' "" "15;92"
1788041353.409099 parameter 0: number 15
1788041353.409100 parameter 1: number 92
1788041353.409102 screen_write_cursormove: from 59,14 to 91,14
1788041353.409104 input_csi_dispatch: 'm' "" "38;2;139;233;253;49"
1788041353.409105 parameter 0: number 38
1788041353.409107 parameter 1: number 2
1788041353.409108 parameter 2: number 139
1788041353.409109 parameter 3: number 233
1788041353.409111 parameter 4: number 253
1788041353.409112 parameter 5: number 49
1788041353.409114 screen_write_collect_trim: 0x10a0a6d60 56-58 before 91-93
1788041353.409115 screen_write_collect_end: 3 102 (at 91,14)
1788041353.409117 utf8_to_data: 41000020 -> (1 1  )
1788041353.409118 utf8_from_data: (1 1 1) -> 41000031
1788041353.409120 utf8_from_data: (1 1 1) -> 41000031
1788041353.409121 utf8_from_data: (1 1 1) -> 41000031
1788041353.409123 utf8_to_data: 4100002e -> (1 1 .)
1788041353.409124 input_csi_dispatch: 'H' "" "15;96"
1788041353.409126 parameter 0: number 15
1788041353.409127 parameter 1: number 96
1788041353.409129 screen_write_cursormove: from 94,14 to 95,14
1788041353.409130 screen_write_collect_trim: 0x10a0a6d60 56-58 before 95-95
1788041353.409132 screen_write_collect_trim: 0x10a0a6ac0 91-93 before 95-95
1788041353.409133 screen_write_collect_end: 1 8 (at 95,14)
1788041353.409135 utf8_to_data: 41000035 -> (1 1 5)
1788041353.409136 utf8_from_data: (1 1 8) -> 41000038
1788041353.409138 utf8_to_data: 4100004d -> (1 1 M)
1788041353.409139 input_csi_dispatch: 'H' "" "16;59"
1788041353.409141 parameter 0: number 16
1788041353.409142 parameter 1: number 59
1788041353.409144 screen_write_cursormove: from 96,14 to 58,15
1788041353.409145 input_csi_dispatch: 'm' "" "38;2;98;114;164;49"
1788041353.409147 parameter 0: number 38
1788041353.409148 parameter 1: number 2
1788041353.409150 parameter 2: number 98
1788041353.409151 parameter 3: number 114
1788041353.409153 parameter 4: number 164
1788041353.409154 parameter 5: number 49
1788041353.409155 screen_write_collect_end: 1 7 (at 58,15)
1788041353.409157 utf8_to_data: 41000038 -> (1 1 8)
1788041353.409158 utf8_from_data: (1 1 7) -> 41000037
1788041353.409160 input_csi_dispatch: 'H' "" "16;92"
1788041353.409161 parameter 0: number 16
1788041353.409163 parameter 1: number 92
1788041353.409164 screen_write_cursormove: from 59,15 to 91,15
1788041353.409166 input_csi_dispatch: 'm' "" "38;2;139;233;253;49"
1788041353.409168 parameter 0: number 38
1788041353.409169 parameter 1: number 2
1788041353.409170 parameter 2: number 139
1788041353.409172 parameter 3: number 233
1788041353.409173 parameter 4: number 253
1788041353.409174 parameter 5: number 49
1788041353.409176 screen_write_collect_trim: 0x10a0a43c0 58-58 before 91-93
1788041353.409177 screen_write_collect_end: 3 102 (at 91,15)
1788041353.409179 utf8_to_data: 41000020 -> (1 1  )
1788041353.409180 utf8_from_data: (1 1 1) -> 41000031
1788041353.409182 utf8_from_data: (1 1 1) -> 41000031
1788041353.409183 utf8_from_data: (1 1 1) -> 41000031
1788041353.409185 utf8_to_data: 4100002e -> (1 1 .)
1788041353.409186 input_csi_dispatch: 'H' "" "16;96"
1788041353.409190 parameter 0: number 16
1788041353.409191 parameter 1: number 96
1788041353.409193 screen_write_cursormove: from 94,15 to 95,15
1788041353.409194 screen_write_collect_trim: 0x10a0a43c0 58-58 before 95-95
1788041353.409196 screen_write_collect_trim: 0x10a0a4540 91-93 before 95-95
1788041353.409197 screen_write_collect_end: 1 2 (at 95,15)
1788041353.409199 utf8_to_data: 41000038 -> (1 1 8)
1788041353.409200 utf8_from_data: (1 1 2) -> 41000032
1788041353.409202 utf8_to_data: 4100004d -> (1 1 M)
1788041353.409203 input_csi_dispatch: 'H' "" "17;57"
1788041353.409204 parameter 0: number 17
1788041353.409206 parameter 1: number 57
1788041353.409207 screen_write_cursormove: from 96,15 to 56,16
1788041353.409209 input_csi_dispatch: 'm' "" "38;2;98;114;164;49"
1788041353.409210 parameter 0: number 38
1788041353.409212 parameter 1: number 2
1788041353.409213 parameter 2: number 98
1788041353.409214 parameter 3: number 114
1788041353.409216 parameter 4: number 164
1788041353.409217 parameter 5: number 49
1788041353.409219 screen_write_collect_end: 3 630 (at 56,16)
1788041353.409220 utf8_to_data: 41000033 -> (1 1 3)
1788041353.409222 utf8_from_data: (1 1 6) -> 41000036
1788041353.409223 utf8_from_data: (1 1 6) -> 41000036
1788041353.409224 utf8_from_data: (1 1 6) -> 41000036
1788041353.409226 input_csi_dispatch: 'H' "" "17;92"
1788041353.409227 parameter 0: number 17
1788041353.409229 parameter 1: number 92
1788041353.409230 screen_write_cursormove: from 59,16 to 91,16
1788041353.409232 input_csi_dispatch: 'm' "" "38;2;139;233;253;49"
1788041353.409233 parameter 0: number 38
1788041353.409235 parameter 1: number 2
1788041353.409236 parameter 2: number 139
1788041353.409237 parameter 3: number 233
1788041353.409239 parameter 4: number 253
1788041353.409240 parameter 5: number 49
1788041353.409242 screen_write_collect_trim: 0x10a0a4600 56-58 before 91-93
1788041353.409243 screen_write_collect_end: 3 101 (at 91,16)
1788041353.409245 utf8_to_data: 41000020 -> (1 1  )
1788041353.409246 utf8_from_data: (1 1 1) -> 41000031
1788041353.409248 utf8_from_data: (1 1 1) -> 41000031
1788041353.409249 utf8_from_data: (1 1 1) -> 41000031
1788041353.409251 utf8_to_data: 4100002e -> (1 1 .)
1788041353.409252 input_csi_dispatch: 'H' "" "17;96"
1788041353.409253 parameter 0: number 17
1788041353.409255 parameter 1: number 96
1788041353.409256 screen_write_cursormove: from 94,16 to 95,16
1788041353.409258 screen_write_collect_trim: 0x10a0a4600 56-58 before 95-95
1788041353.409259 screen_write_collect_trim: 0x10a0a4660 91-93 before 95-95
1788041353.409261 screen_write_collect_end: 1 9 (at 95,16)
1788041353.409262 utf8_to_data: 41000036 -> (1 1 6)
1788041353.409264 utf8_from_data: (1 1 9) -> 41000039
1788041353.409266 utf8_to_data: 4100004d -> (1 1 M)
1788041353.409268 input_csi_dispatch: 'H' "" "18;56"
1788041353.409269 parameter 0: number 18
1788041353.409271 parameter 1: number 56
1788041353.409272 screen_write_cursormove: from 96,16 to 55,17
1788041353.409274 input_csi_dispatch: 'm' "" "38;2;98;114;164;49"
1788041353.409276 parameter 0: number 38
1788041353.409277 parameter 1: number 2
1788041353.409278 parameter 2: number 98
1788041353.409280 parameter 3: number 114
1788041353.409281 parameter 4: number 164
1788041353.409282 parameter 5: number 49
1788041353.409284 screen_write_collect_end: 4 7631 (at 55,17)
1788041353.409285 utf8_to_data: 41000036 -> (1 1 6)
1788041353.409287 utf8_from_data: (1 1 7) -> 41000037
1788041353.409291 utf8_from_data: (1 1 7) -> 41000037
1788041353.409292 utf8_from_data: (1 1 7) -> 41000037
1788041353.409294 utf8_from_data: (1 1 7) -> 41000037
1788041353.409295 input_csi_dispatch: 'H' "" "18;92"
1788041353.409297 parameter 0: number 18
1788041353.409298 parameter 1: number 92
1788041353.409299 screen_write_cursormove: from 59,17 to 91,17
1788041353.409301 input_csi_dispatch: 'm' "" "38;2;139;233;253;49"
1788041353.409303 parameter 0: number 38
1788041353.409304 parameter 1: number 2
1788041353.409305 parameter 2: number 139
1788041353.409307 parameter 3: number 233
1788041353.409308 parameter 4: number 253
1788041353.409314 parameter 5: number 49
1788041353.409315 screen_write_collect_trim: 0x10a0a4720 55-58 before 91-93
1788041353.409317 screen_write_collect_end: 3 101 (at 91,17)
1788041353.409319 utf8_to_data: 41000020 -> (1 1  )
1788041353.409320 utf8_from_data: (1 1 1) -> 41000031
1788041353.409322 utf8_from_data: (1 1 1) -> 41000031
1788041353.409323 utf8_from_data: (1 1 1) -> 41000031
1788041353.409325 utf8_to_data: 4100002e -> (1 1 .)
1788041353.409326 input_csi_dispatch: 'H' "" "18;96"
1788041353.409328 parameter 0: number 18
1788041353.409329 parameter 1: number 96
1788041353.409330 screen_write_cursormove: from 94,17 to 95,17
1788041353.409332 screen_write_collect_trim: 0x10a0a4720 55-58 before 95-95
1788041353.409334 screen_write_collect_trim: 0x10a0a4780 91-93 before 95-95
1788041353.409335 screen_write_collect_end: 1 5 (at 95,17)
1788041353.409336 utf8_to_data: 41000032 -> (1 1 2)
1788041353.409338 utf8_from_data: (1 1 5) -> 41000035
1788041353.409339 utf8_to_data: 4100004d -> (1 1 M)
1788041353.409341 input_csi_dispatch: 'H' "" "19;46"
1788041353.409342 parameter 0: number 19
1788041353.409344 parameter 1: number 46
1788041353.409345 screen_write_cursormove: from 96,17 to 45,18
1788041353.409347 screen_write_collect_end: 1 1 (at 45,18)
1788041353.409348 utf8_to_data: 41000030 -> (1 1 0)
1788041353.409350 utf8_from_data: (1 1 1) -> 41000031
1788041353.409352 utf8_to_data: 4100004d -> (1 1 M)
1788041353.409353 input_csi_dispatch: 'H' "" "19;56"
1788041353.409355 parameter 0: number 19
1788041353.409356 parameter 1: number 56
1788041353.409357 screen_write_cursormove: from 46,18 to 55,18
1788041353.409359 input_csi_dispatch: 'm' "" "38;2;98;114;164;49"
1788041353.409361 parameter 0: number 38
1788041353.409362 parameter 1: number 2
1788041353.409363 parameter 2: number 98
1788041353.409365 parameter 3: number 114
1788041353.409366 parameter 4: number 164
1788041353.409368 parameter 5: number 49
1788041353.409369 screen_write_collect_trim: 0x10a0a4840 45-45 before 55-58
1788041353.409371 screen_write_collect_end: 4 7608 (at 55,18)
1788041353.409372 utf8_to_data: 41000036 -> (1 1 6)
1788041353.409374 utf8_from_data: (1 1 7) -> 41000037
1788041353.409375 utf8_from_data: (1 1 7) -> 41000037
1788041353.409377 utf8_from_data: (1 1 7) -> 41000037
1788041353.409378 utf8_from_data: (1 1 7) -> 41000037
1788041353.409379 input_csi_dispatch: 'H' "" "19;92"
1788041353.409381 parameter 0: number 19
1788041353.409382 parameter 1: number 92
1788041353.409384 screen_write_cursormove: from 59,18 to 91,18
1788041353.409385 input_csi_dispatch: 'm' "" "38;2;139;233;253;49"
1788041353.409387 parameter 0: number 38
1788041353.409388 parameter 1: number 2
1788041353.409390 parameter 2: number 139
1788041353.409391 parameter 3: number 233
1788041353.409392 parameter 4: number 253
1788041353.409394 parameter 5: number 49
1788041353.409395 screen_write_collect_trim: 0x10a0a4840 45-45 before 91-93
1788041353.409397 screen_write_collect_trim: 0x10a0a48a0 55-58 before 91-93
1788041353.409398 screen_write_collect_end: 3 101 (at 91,18)
1788041353.409400 utf8_to_data: 41000020 -> (1 1  )
1788041353.409402 utf8_from_data: (1 1 1) -> 41000031
1788041353.409403 utf8_from_data: (1 1 1) -> 41000031
1788041353.409404 utf8_from_data: (1 1 1) -> 41000031
1788041353.409406 utf8_to_data: 4100002e -> (1 1 .)
1788041353.409407 input_csi_dispatch: 'H' "" "19;96"
1788041353.409409 parameter 0: number 19
1788041353.409410 parameter 1: number 96
1788041353.409412 screen_write_cursormove: from 94,18 to 95,18
1788041353.409414 screen_write_collect_trim: 0x10a0a4840 45-45 before 95-95
1788041353.409415 screen_write_collect_trim: 0x10a0a48a0 55-58 before 95-95
1788041353.409417 screen_write_collect_trim: 0x10a0a4900 91-93 before 95-95
1788041353.409418 screen_write_collect_end: 1 1 (at 95,18)
1788041353.409420 utf8_to_data: 41000030 -> (1 1 0)
1788041353.409421 utf8_from_data: (1 1 1) -> 41000031
1788041353.409422 utf8_to_data: 4100004d -> (1 1 M)
1788041353.409424 input_csi_dispatch: 'H' "" "20;55"
1788041353.409425 parameter 0: number 20
1788041353.409427 parameter 1: number 55
1788041353.409431 screen_write_cursormove: from 96,18 to 54,19
1788041353.409433 input_csi_dispatch: 'm' "" "38;2;98;114;164;49"
1788041353.409435 parameter 0: number 38
1788041353.409436 parameter 1: number 2
1788041353.409437 parameter 2: number 98
1788041353.409439 parameter 3: number 114
1788041353.409440 parameter 4: number 164
1788041353.409441 parameter 5: number 49
1788041353.409443 screen_write_collect_end: 5 94116 (at 54,19)
1788041353.409445 utf8_to_data: 41000036 -> (1 1 6)
1788041353.409447 utf8_from_data: (1 1 9) -> 41000039
1788041353.409448 utf8_from_data: (1 1 9) -> 41000039
1788041353.409449 utf8_from_data: (1 1 9) -> 41000039
1788041353.409451 utf8_from_data: (1 1 9) -> 41000039
1788041353.409452 utf8_from_data: (1 1 9) -> 41000039
1788041353.409454 input_csi_dispatch: 'H' "" "20;62"
1788041353.409455 parameter 0: number 20
1788041353.409457 parameter 1: number 62
1788041353.409458 screen_write_cursormove: from 59,19 to 61,19
1788041353.409460 input_csi_dispatch: 'm' "" "38;2;248;248;242;49"
1788041353.409461 parameter 0: number 38
1788041353.409463 parameter 1: number 2
1788041353.409464 parameter 2: number 248
1788041353.409466 parameter 3: number 248
1788041353.409467 parameter 4: number 242
1788041353.409468 parameter 5: number 49
1788041353.409470 screen_write_collect_trim: 0x10a0a49c0 54-58 before 61-75
1788041353.409472 screen_write_collect_end: 15 remindd         (at 61,19)
1788041353.409473 utf8_to_data: 4100006d -> (1 1 m)
1788041353.409475 utf8_from_data: (1 1 r) -> 41000072
1788041353.409476 utf8_from_data: (1 1 r) -> 41000072
1788041353.409478 utf8_from_data: (1 1 r) -> 41000072
1788041353.409479 utf8_from_data: (1 1 r) -> 41000072
1788041353.409480 utf8_from_data: (1 1 r) -> 41000072
1788041353.409482 utf8_from_data: (1 1 r) -> 41000072
1788041353.409483 utf8_from_data: (1 1 r) -> 41000072
1788041353.409485 utf8_from_data: (1 1 r) -> 41000072
1788041353.409486 utf8_from_data: (1 1 r) -> 41000072
1788041353.409488 utf8_from_data: (1 1 r) -> 41000072
1788041353.409489 utf8_from_data: (1 1 r) -> 41000072
1788041353.409490 utf8_from_data: (1 1 r) -> 41000072
1788041353.409492 utf8_from_data: (1 1 r) -> 41000072
1788041353.409494 utf8_from_data: (1 1 r) -> 41000072
1788041353.409495 utf8_from_data: (1 1 r) -> 41000072
1788041353.409497 utf8_to_data: 41000020 -> (1 1  )
1788041353.409499 input_csi_dispatch: 'H' "" "20;92"
1788041353.409508 parameter 0: number 20
1788041353.409518 parameter 1: number 92
1788041353.409523 screen_write_cursormove: from 76,19 to 91,19
1788041353.409528 input_csi_dispatch: 'm' "" "38;2;139;233;253;49"
1788041353.409531 parameter 0: number 38
1788041353.409534 parameter 1: number 2
1788041353.409537 parameter 2: number 139
1788041353.409540 parameter 3: number 233
1788041353.409542 parameter 4: number 253
1788041353.409544 parameter 5: number 49
1788041353.409547 screen_write_collect_trim: 0x10a0a49c0 54-58 before 91-93
1788041353.409549 screen_write_collect_trim: 0x10a0a6a00 61-75 before 91-93
1788041353.409551 screen_write_collect_end: 3 100 (at 91,19)
1788041353.409553 utf8_to_data: 41000020 -> (1 1  )
1788041353.409555 utf8_from_data: (1 1 1) -> 41000031
1788041353.409556 utf8_from_data: (1 1 1) -> 41000031
1788041353.409558 utf8_from_data: (1 1 1) -> 41000031
1788041353.409560 utf8_to_data: 4100002e -> (1 1 .)
1788041353.409563 input_csi_dispatch: 'H' "" "21;56"
1788041353.409566 parameter 0: number 21
1788041353.409569 parameter 1: number 56
1788041353.409572 screen_write_cursormove: from 94,19 to 55,20
1788041353.409575 input_csi_dispatch: 'm' "" "38;2;98;114;164;49"
1788041353.409577 parameter 0: number 38
1788041353.409578 parameter 1: number 2
1788041353.409579 parameter 2: number 98
1788041353.409582 parameter 3: number 114
1788041353.409584 parameter 4: number 164
1788041353.409587 parameter 5: number 49
1788041353.409590 screen_write_collect_end: 4 7278 (at 55,20)
1788041353.409593 utf8_to_data: 41000031 -> (1 1 1)
1788041353.409596 utf8_from_data: (1 1 7) -> 41000037
1788041353.409599 utf8_from_data: (1 1 7) -> 41000037
1788041353.409601 utf8_from_data: (1 1 7) -> 41000037
1788041353.409619 utf8_from_data: (1 1 7) -> 41000037
1788041353.409623 input_csi_dispatch: 'H' "" "21;62"
1788041353.409626 parameter 0: number 21
1788041353.409627 parameter 1: number 62
1788041353.409629 screen_write_cursormove: from 59,20 to 61,20
1788041353.409633 input_csi_dispatch: 'm' "" "38;2;248;248;242;49"
1788041353.409635 parameter 0: number 38
1788041353.409638 parameter 1: number 2
1788041353.409641 parameter 2: number 248
1788041353.409644 parameter 3: number 248
1788041353.409646 parameter 4: number 242
1788041353.409648 parameter 5: number 49
1788041353.409652 screen_write_collect_trim: 0x10a0a6940 55-58 before 61-75
1788041353.409655 screen_write_collect_end: 15 mdworker_shared (at 61,20)
1788041353.409656 utf8_to_data: 41000049 -> (1 1 I)
1788041353.409658 utf8_from_data: (1 1 m) -> 4100006d
1788041353.409661 utf8_from_data: (1 1 m) -> 4100006d
1788041353.409664 utf8_from_data: (1 1 m) -> 4100006d
1788041353.409666 utf8_from_data: (1 1 m) -> 4100006d
1788041353.409668 utf8_from_data: (1 1 m) -> 4100006d
1788041353.409670 utf8_from_data: (1 1 m) -> 4100006d
1788041353.409671 utf8_from_data: (1 1 m) -> 4100006d
1788041353.409674 utf8_from_data: (1 1 m) -> 4100006d
1788041353.409676 utf8_from_data: (1 1 m) -> 4100006d
1788041353.409679 utf8_from_data: (1 1 m) -> 4100006d
1788041353.409682 utf8_from_data: (1 1 m) -> 4100006d
1788041353.409685 utf8_from_data: (1 1 m) -> 4100006d
1788041353.409688 utf8_from_data: (1 1 m) -> 4100006d
1788041353.409689 utf8_from_data: (1 1 m) -> 4100006d
1788041353.409692 utf8_from_data: (1 1 m) -> 4100006d
1788041353.409695 utf8_to_data: 41000020 -> (1 1  )
1788041353.409698 input_csi_dispatch: 'H' "" "21;92"
1788041353.409701 parameter 0: number 21
1788041353.409703 parameter 1: number 92
1788041353.409706 screen_write_cursormove: from 76,20 to 91,20
1788041353.409708 input_csi_dispatch: 'm' "" "38;2;139;233;253;49"
1788041353.409710 parameter 0: number 38
1788041353.409711 parameter 1: number 2
1788041353.409713 parameter 2: number 139
1788041353.409714 parameter 3: number 233
1788041353.409716 parameter 4: number 253
1788041353.409717 parameter 5: number 49
1788041353.409719 screen_write_collect_trim: 0x10a0a6940 55-58 before 91-93
1788041353.409721 screen_write_collect_trim: 0x10a0a68e0 61-75 before 91-93
1788041353.409722 screen_write_collect_end: 3 100 (at 91,20)
1788041353.409724 utf8_to_data: 41000020 -> (1 1  )
1788041353.409725 utf8_from_data: (1 1 1) -> 41000031
1788041353.409727 utf8_from_data: (1 1 1) -> 41000031
1788041353.409728 utf8_from_data: (1 1 1) -> 41000031
1788041353.409730 utf8_to_data: 4100002e -> (1 1 .)
1788041353.409731 input_csi_dispatch: 'H' "" "21;96"
1788041353.409733 parameter 0: number 21
1788041353.409734 parameter 1: number 96
1788041353.409736 screen_write_cursormove: from 94,20 to 95,20
1788041353.409738 screen_write_collect_trim: 0x10a0a6940 55-58 before 95-95
1788041353.409739 screen_write_collect_trim: 0x10a0a68e0 61-75 before 95-95
1788041353.409741 screen_write_collect_trim: 0x10a0a6880 91-93 before 95-95
1788041353.409742 screen_write_collect_end: 1 8 (at 95,20)
1788041353.409744 utf8_to_data: 41000030 -> (1 1 0)
1788041353.409745 utf8_from_data: (1 1 8) -> 41000038
1788041353.409747 utf8_to_data: 4100004d -> (1 1 M)
1788041353.409748 input_csi_dispatch: 'H' "" "22;58"
1788041353.409750 parameter 0: number 22
1788041353.409751 parameter 1: number 58
1788041353.409794 screen_write_cursormove: from 96,20 to 57,21
1788041353.409799 input_csi_dispatch: 'm' "" "38;2;98;114;164;49"
1788041353.409801 parameter 0: number 38
1788041353.409802 parameter 1: number 2
1788041353.409804 parameter 2: number 98
1788041353.409805 parameter 3: number 114
1788041353.409807 parameter 4: number 164
1788041353.409808 parameter 5: number 49
1788041353.409810 screen_write_collect_end: 2 09 (at 57,21)
1788041353.409812 utf8_to_data: 41000031 -> (1 1 1)
1788041353.409813 utf8_from_data: (1 1 0) -> 41000030
1788041353.409815 utf8_from_data: (1 1 0) -> 41000030
1788041353.409816 input_csi_dispatch: 'H' "" "22;92"
1788041353.409821 parameter 0: number 22
1788041353.409823 parameter 1: number 92
1788041353.409824 screen_write_cursormove: from 59,21 to 91,21
1788041353.409826 input_csi_dispatch: 'm' "" "38;2;139;233;253;49"
1788041353.409828 parameter 0: number 38
1788041353.409829 parameter 1: number 2
1788041353.409831 parameter 2: number 139
1788041353.409832 parameter 3: number 233
1788041353.409834 parameter 4: number 253
1788041353.409835 parameter 5: number 49
1788041353.409837 screen_write_collect_trim: 0x10a0a67c0 57-58 before 91-93
1788041353.409839 screen_write_collect_end: 3 100 (at 91,21)
1788041353.409840 utf8_to_data: 41000020 -> (1 1  )
1788041353.409842 utf8_from_data: (1 1 1) -> 41000031
1788041353.409843 utf8_from_data: (1 1 1) -> 41000031
1788041353.409845 utf8_from_data: (1 1 1) -> 41000031
1788041353.409846 utf8_to_data: 4100002e -> (1 1 .)
1788041353.409848 input_csi_dispatch: 'H' "" "22;96"
1788041353.409849 parameter 0: number 22
1788041353.409851 parameter 1: number 96
1788041353.409852 screen_write_cursormove: from 94,21 to 95,21
1788041353.409854 screen_write_collect_trim: 0x10a0a67c0 57-58 before 95-95
1788041353.409856 screen_write_collect_trim: 0x10a0a6760 91-93 before 95-95
1788041353.409857 screen_write_collect_end: 1 7 (at 95,21)
1788041353.409859 utf8_to_data: 41000034 -> (1 1 4)
1788041353.409860 utf8_from_data: (1 1 7) -> 41000037
1788041353.409862 utf8_to_data: 4100004d -> (1 1 M)
1788041353.409863 input_csi_dispatch: 'H' "" "23;58"
1788041353.409865 parameter 0: number 23
1788041353.409866 parameter 1: number 58
1788041353.409868 screen_write_cursormove: from 96,21 to 57,22
1788041353.409869 input_csi_dispatch: 'm' "" "38;2;98;114;164;49"
1788041353.409871 parameter 0: number 38
1788041353.409872 parameter 1: number 2
1788041353.409874 parameter 2: number 98
1788041353.409875 parameter 3: number 114
1788041353.409876 parameter 4: number 164
1788041353.409878 parameter 5: number 49
1788041353.409879 screen_write_collect_end: 2 12 (at 57,22)
1788041353.409881 utf8_to_data: 41000033 -> (1 1 3)
1788041353.409883 utf8_from_data: (1 1 1) -> 41000031
1788041353.409884 utf8_from_data: (1 1 1) -> 41000031
1788041353.409886 input_csi_dispatch: 'H' "" "23;92"
1788041353.409888 parameter 0: number 23
1788041353.409889 parameter 1: number 92
1788041353.409891 screen_write_cursormove: from 59,22 to 91,22
1788041353.409892 input_csi_dispatch: 'm' "" "38;2;139;233;253;49"
1788041353.409894 parameter 0: number 38
1788041353.409895 parameter 1: number 2
1788041353.409897 parameter 2: number 139
1788041353.409898 parameter 3: number 233
1788041353.409900 parameter 4: number 253
1788041353.409901 parameter 5: number 49
1788041353.409903 screen_write_collect_trim: 0x10a0a4420 57-58 before 91-93
1788041353.409904 screen_write_collect_end: 3 100 (at 91,22)
1788041353.409906 utf8_to_data: 41000020 -> (1 1  )
1788041353.409907 utf8_from_data: (1 1 1) -> 41000031
1788041353.409909 utf8_from_data: (1 1 1) -> 41000031
1788041353.409910 utf8_from_data: (1 1 1) -> 41000031
1788041353.409911 utf8_to_data: 4100002e -> (1 1 .)
1788041353.409913 input_csi_dispatch: 'H' "" "23;96"
1788041353.409915 parameter 0: number 23
1788041353.409916 parameter 1: number 96
1788041353.409917 screen_write_cursormove: from 94,22 to 95,22
1788041353.409919 screen_write_collect_trim: 0x10a0a4420 57-58 before 95-95
1788041353.409921 screen_write_collect_trim: 0x10a0a40c0 91-93 before 95-95
1788041353.409922 screen_write_collect_end: 1 6 (at 95,22)
1788041353.409923 utf8_to_data: 41000033 -> (1 1 3)
1788041353.409925 utf8_from_data: (1 1 6) -> 41000036
1788041353.409926 utf8_to_data: 4100004d -> (1 1 M)
1788041353.409928 input_csi_dispatch: 'H' "" "24;56"
1788041353.409929 parameter 0: number 24
1788041353.409931 parameter 1: number 56
1788041353.409932 screen_write_cursormove: from 96,22 to 55,23
1788041353.409934 input_csi_dispatch: 'm' "" "38;2;98;114;164;49"
1788041353.409936 parameter 0: number 38
1788041353.409937 parameter 1: number 2
1788041353.409939 parameter 2: number 98
1788041353.409940 parameter 3: number 114
1788041353.409942 parameter 4: number 164
1788041353.409947 parameter 5: number 49
1788041353.409948 screen_write_collect_end: 4 7318 (at 55,23)
1788041353.409950 utf8_to_data: 41000036 -> (1 1 6)
1788041353.409952 utf8_from_data: (1 1 7) -> 41000037
1788041353.409953 utf8_from_data: (1 1 7) -> 41000037
1788041353.409955 utf8_from_data: (1 1 7) -> 41000037
1788041353.409956 utf8_from_data: (1 1 7) -> 41000037
1788041353.409958 input_csi_dispatch: 'H' "" "24;92"
1788041353.409959 parameter 0: number 24
1788041353.409960 parameter 1: number 92
1788041353.409962 screen_write_cursormove: from 59,23 to 91,23
1788041353.409964 input_csi_dispatch: 'm' "" "38;2;139;233;253;49"
1788041353.409965 parameter 0: number 38
1788041353.409967 parameter 1: number 2
1788041353.409968 parameter 2: number 139
1788041353.409969 parameter 3: number 233
1788041353.409971 parameter 4: number 253
1788041353.409972 parameter 5: number 49
1788041353.409974 screen_write_collect_trim: 0x10a0a6b20 55-58 before 91-93
1788041353.409975 screen_write_collect_end: 3 100 (at 91,23)
1788041353.409977 utf8_to_data: 41000020 -> (1 1  )
1788041353.409978 utf8_from_data: (1 1 1) -> 41000031
1788041353.409980 utf8_from_data: (1 1 1) -> 41000031
1788041353.409982 utf8_from_data: (1 1 1) -> 41000031
1788041353.409983 utf8_to_data: 4100002e -> (1 1 .)
1788041353.409985 input_csi_dispatch: 'H' "" "24;96"
1788041353.409986 parameter 0: number 24
1788041353.409987 parameter 1: number 96
1788041353.409989 screen_write_cursormove: from 94,23 to 95,23
1788041353.409991 screen_write_collect_trim: 0x10a0a6b20 55-58 before 95-95
1788041353.409993 screen_write_collect_trim: 0x10a0a6b80 91-93 before 95-95
1788041353.409994 screen_write_collect_end: 1 0 (at 95,23)
1788041353.409995 utf8_to_data: 41000038 -> (1 1 8)
1788041353.409997 utf8_from_data: (1 1 0) -> 41000030
1788041353.409998 utf8_to_data: 4100004d -> (1 1 M)
1788041353.410000 input_csi_dispatch: 'H' "" "25;58"
1788041353.410001 parameter 0: number 25
1788041353.410003 parameter 1: number 58
1788041353.410004 screen_write_cursormove: from 96,23 to 57,24
1788041353.410006 input_csi_dispatch: 'm' "" "38;2;98;114;164;49"
1788041353.410008 parameter 0: number 38
1788041353.410009 parameter 1: number 2
1788041353.410010 parameter 2: number 98
1788041353.410012 parameter 3: number 114
1788041353.410013 parameter 4: number 164
1788041353.410014 parameter 5: number 49
1788041353.410016 screen_write_collect_end: 1 2 (at 57,24)
1788041353.410018 utf8_to_data: 41000031 -> (1 1 1)
1788041353.410019 utf8_from_data: (1 1 2) -> 41000032
1788041353.410021 utf8_to_data: 41000036 -> (1 1 6)
1788041353.410022 input_csi_dispatch: 'H' "" "25;94"
1788041353.410024 parameter 0: number 25
1788041353.410025 parameter 1: number 94
1788041353.410026 screen_write_cursormove: from 58,24 to 93,24
1788041353.410028 input_csi_dispatch: 'm' "" "38;2;139;233;253;49"
1788041353.410030 parameter 0: number 38
1788041353.410031 parameter 1: number 2
1788041353.410033 parameter 2: number 139
1788041353.410034 parameter 3: number 233
1788041353.410035 parameter 4: number 253
1788041353.410037 parameter 5: number 49
1788041353.410038 screen_write_collect_trim: 0x10a0a6640 57-57 before 93-93
1788041353.410040 screen_write_collect_end: 1 9 (at 93,24)
1788041353.410041 utf8_to_data: 41000032 -> (1 1 2)
1788041353.410043 utf8_from_data: (1 1 9) -> 41000039
1788041353.410044 utf8_to_data: 4100002e -> (1 1 .)
1788041353.410046 input_csi_dispatch: 'H' "" "26;55"
1788041353.410047 parameter 0: number 26
1788041353.410048 parameter 1: number 55
1788041353.410050 screen_write_cursormove: from 94,24 to 54,25
1788041353.410052 collect list: x=55 (last 4294967295), y=13, used=4
1788041353.410054 collect list: x=61 (last 55), y=13, used=4
1788041353.410055 collect list: x=66 (last 61), y=13, used=11
1788041353.410057 collect list: x=91 (last 66), y=13, used=3
1788041353.410058 collect list: x=95 (last 91), y=13, used=1
1788041353.410060 collect list: x=56 (last 4294967295), y=14, used=3
1788041353.410062 collect list: x=91 (last 56), y=14, used=3
1788041353.410063 collect list: x=95 (last 91), y=14, used=1
1788041353.410068 collect list: x=58 (last 4294967295), y=15, used=1
1788041353.410070 collect list: x=91 (last 58), y=15, used=3
1788041353.410071 collect list: x=95 (last 91), y=15, used=1
1788041353.410073 collect list: x=56 (last 4294967295), y=16, used=3
1788041353.410075 collect list: x=91 (last 56), y=16, used=3
1788041353.410076 collect list: x=95 (last 91), y=16, used=1
1788041353.410078 collect list: x=55 (last 4294967295), y=17, used=4
1788041353.410079 collect list: x=91 (last 55), y=17, used=3
1788041353.410081 collect list: x=95 (last 91), y=17, used=1
1788041353.410082 collect list: x=45 (last 4294967295), y=18, used=1
1788041353.410084 collect list: x=55 (last 45), y=18, used=4
1788041353.410085 collect list: x=91 (last 55), y=18, used=3
1788041353.410087 collect list: x=95 (last 91), y=18, used=1
1788041353.410088 collect list: x=54 (last 4294967295), y=19, used=5
1788041353.410090 collect list: x=61 (last 54), y=19, used=15
1788041353.410092 collect list: x=91 (last 61), y=19, used=3
1788041353.410093 collect list: x=55 (last 4294967295), y=20, used=4
1788041353.410095 collect list: x=61 (last 55), y=20, used=15
1788041353.410096 collect list: x=91 (last 61), y=20, used=3
1788041353.410098 collect list: x=95 (last 91), y=20, used=1
1788041353.410099 collect list: x=57 (last 4294967295), y=21, used=2
1788041353.410101 collect list: x=91 (last 57), y=21, used=3
1788041353.410102 collect list: x=95 (last 91), y=21, used=1
1788041353.410104 collect list: x=57 (last 4294967295), y=22, used=2
1788041353.410105 collect list: x=91 (last 57), y=22, used=3
1788041353.410107 collect list: x=95 (last 91), y=22, used=1
1788041353.410108 collect list: x=55 (last 4294967295), y=23, used=4
1788041353.410110 collect list: x=91 (last 55), y=23, used=3
1788041353.410111 collect list: x=95 (last 91), y=23, used=1
1788041353.410113 collect list: x=57 (last 4294967295), y=24, used=1
1788041353.410114 collect list: x=93 (last 57), y=24, used=1
1788041353.410116 screen_write_collect_flush: flushed 39 items (screen_write_stop)
1788041353.410119 @0 alerts check, alerts 0x2
1788041353.410121 window_remove_ref: @0 alerts_callback, now 1
1788041353.410123 cmdq_next <global>: empty
1788041353.410125 server_client_check_pane_buffer: %0 has 1024 minimum (of 1024) bytes used
1788041353.410127 server_client_check_pane_buffer: pane %0 is on
1788041353.410129 @0 active pane changed
1788041353.410131 @0 name timer queued (498724 left)
1788041353.410139 %0 has 413 bytes
1788041353.410142 @0 alerts timer reset 0
1788041353.410144 @0 alerts flags added 0x2
1788041353.410145 window_add_ref: @0 alerts_queue, now 2
1788041353.410147 alerts check queued (by @0)
1788041353.410149 screen_write_start_pane: size 100x30, pane %0 (at 0,0)
1788041353.410153 input_parse_buffer: %0 csi_parameter, 413 bytes: 8;114;164;49m66416\033[26;62H\033[38;2;248;248;242;49mmdworker_\033[26;72Hh\033[26;74Hred   \033[26;93H\033[38;2;139;233;253;49m99\033[26;96H6\033[27;57H\033[38;2;98;114;164;49m324\033[27;93H\033[38;2;139;233;253;49m99\033[27;96H6\033[28;55H\033[38;2;98;114;164;49m67288\033[28;62H\033[38;2;248;248;242;49mmdworker_shared   \033[28;93H\033[38;2;139;233;253;49m99\033[28;96H4\033[29;58H\033[38;2;98;114;164;49m3\033[29;93H\033[38;2;139;233;253;49m98\033[29;96H9\033[39m\033[49m\033[59m\033[0m\033[?25l
1788041353.410155 input_csi_dispatch: 'm' "" "38;2;98;114;164;49"
1788041353.410157 parameter 0: number 38
1788041353.410158 parameter 1: number 2
1788041353.410160 parameter 2: number 98
1788041353.410161 parameter 3: number 114
1788041353.410162 parameter 4: number 164
1788041353.410164 parameter 5: number 49
1788041353.410166 screen_write_collect_end: 5 66416 (at 54,25)
1788041353.410168 utf8_to_data: 41000038 -> (1 1 8)
1788041353.410169 utf8_from_data: (1 1 6) -> 41000036
1788041353.410171 utf8_from_data: (1 1 6) -> 41000036
1788041353.410172 utf8_from_data: (1 1 6) -> 41000036
1788041353.410174 utf8_from_data: (1 1 6) -> 41000036
1788041353.410175 utf8_from_data: (1 1 6) -> 41000036
1788041353.410177 input_csi_dispatch: 'H' "" "26;62"
1788041353.410179 parameter 0: number 26
1788041353.410183 parameter 1: number 62
1788041353.410185 screen_write_cursormove: from 59,25 to 61,25
1788041353.410187 input_csi_dispatch: 'm' "" "38;2;248;248;242;49"
1788041353.410188 parameter 0: number 38
1788041353.410190 parameter 1: number 2
1788041353.410191 parameter 2: number 248
1788041353.410193 parameter 3: number 248
1788041353.410194 parameter 4: number 242
1788041353.410195 parameter 5: number 49
1788041353.410197 screen_write_collect_trim: 0x10a0a6520 54-58 before 61-69
1788041353.410199 screen_write_collect_end: 9 mdworker_ (at 61,25)
1788041353.410200 utf8_to_data: 41000074 -> (1 1 t)
1788041353.410202 utf8_from_data: (1 1 m) -> 4100006d
1788041353.410203 utf8_from_data: (1 1 m) -> 4100006d
1788041353.410205 utf8_from_data: (1 1 m) -> 4100006d
1788041353.410206 utf8_from_data: (1 1 m) -> 4100006d
1788041353.410208 utf8_from_data: (1 1 m) -> 4100006d
1788041353.410209 utf8_from_data: (1 1 m) -> 4100006d
1788041353.410210 utf8_from_data: (1 1 m) -> 4100006d
1788041353.410212 utf8_from_data: (1 1 m) -> 4100006d
1788041353.410213 utf8_from_data: (1 1 m) -> 4100006d
1788041353.410215 utf8_to_data: 41000073 -> (1 1 s)
1788041353.410216 input_csi_dispatch: 'H' "" "26;72"
1788041353.410218 parameter 0: number 26
1788041353.410219 parameter 1: number 72
1788041353.410221 screen_write_cursormove: from 70,25 to 71,25
1788041353.410223 screen_write_collect_trim: 0x10a0a6520 54-58 before 71-71
1788041353.410224 screen_write_collect_trim: 0x10a0a64c0 61-69 before 71-71
1788041353.410226 screen_write_collect_end: 1 h (at 71,25)
1788041353.410227 utf8_to_data: 41000074 -> (1 1 t)
1788041353.410229 utf8_from_data: (1 1 h) -> 41000068
1788041353.410230 utf8_to_data: 41000061 -> (1 1 a)
1788041353.410232 input_csi_dispatch: 'H' "" "26;74"
1788041353.410233 parameter 0: number 26
1788041353.410235 parameter 1: number 74
1788041353.410236 screen_write_cursormove: from 72,25 to 73,25
1788041353.410238 screen_write_collect_trim: 0x10a0a6520 54-58 before 73-78
1788041353.410239 screen_write_collect_trim: 0x10a0a64c0 61-69 before 73-78
1788041353.410241 screen_write_collect_trim: 0x10a0a4300 71-71 before 73-78
1788041353.410242 screen_write_collect_end: 6 red    (at 73,25)
1788041353.410244 utf8_to_data: 4100006e -> (1 1 n)
1788041353.410246 utf8_from_data: (1 1 r) -> 41000072
1788041353.410247 utf8_from_data: (1 1 r) -> 41000072
1788041353.410248 utf8_from_data: (1 1 r) -> 41000072
1788041353.410250 utf8_from_data: (1 1 r) -> 41000072
1788041353.410251 utf8_from_data: (1 1 r) -> 41000072
1788041353.410253 utf8_from_data: (1 1 r) -> 41000072
1788041353.410254 utf8_to_data: 41000020 -> (1 1  )
1788041353.410256 input_csi_dispatch: 'H' "" "26;93"
1788041353.410257 parameter 0: number 26
1788041353.410259 parameter 1: number 93
1788041353.410260 screen_write_cursormove: from 79,25 to 92,25
1788041353.410262 input_csi_dispatch: 'm' "" "38;2;139;233;253;49"
1788041353.410264 parameter 0: number 38
1788041353.410265 parameter 1: number 2
1788041353.410266 parameter 2: number 139
1788041353.410268 parameter 3: number 233
1788041353.410269 parameter 4: number 253
1788041353.410271 parameter 5: number 49
1788041353.410272 screen_write_collect_trim: 0x10a0a6520 54-58 before 92-93
1788041353.410274 screen_write_collect_trim: 0x10a0a64c0 61-69 before 92-93
1788041353.410275 screen_write_collect_trim: 0x10a0a4300 71-71 before 92-93
1788041353.410277 screen_write_collect_trim: 0x10a0a4060 73-78 before 92-93
1788041353.410278 screen_write_collect_end: 2 99 (at 92,25)
1788041353.410280 utf8_to_data: 41000038 -> (1 1 8)
1788041353.410282 utf8_from_data: (1 1 9) -> 41000039
1788041353.410283 utf8_from_data: (1 1 9) -> 41000039
1788041353.410285 utf8_to_data: 4100002e -> (1 1 .)
1788041353.410286 input_csi_dispatch: 'H' "" "26;96"
1788041353.410288 parameter 0: number 26
1788041353.410289 parameter 1: number 96
1788041353.410290 screen_write_cursormove: from 94,25 to 95,25
1788041353.410292 screen_write_collect_trim: 0x10a0a6520 54-58 before 95-95
1788041353.410294 screen_write_collect_trim: 0x10a0a64c0 61-69 before 95-95
1788041353.410297 screen_write_collect_trim: 0x10a0a4300 71-71 before 95-95
1788041353.410299 screen_write_collect_trim: 0x10a0a4060 73-78 before 95-95
1788041353.410300 screen_write_collect_trim: 0x10a0a6c40 92-93 before 95-95
1788041353.410302 screen_write_collect_end: 1 6 (at 95,25)
1788041353.410303 utf8_to_data: 41000032 -> (1 1 2)
1788041353.410305 utf8_from_data: (1 1 6) -> 41000036
1788041353.410307 utf8_to_data: 4100004d -> (1 1 M)
1788041353.410308 input_csi_dispatch: 'H' "" "27;57"
1788041353.410310 parameter 0: number 27
1788041353.410311 parameter 1: number 57
1788041353.410313 screen_write_cursormove: from 96,25 to 56,26
1788041353.410315 input_csi_dispatch: 'm' "" "38;2;98;114;164;49"
1788041353.410316 parameter 0: number 38
1788041353.410318 parameter 1: number 2
1788041353.410319 parameter 2: number 98
1788041353.410320 parameter 3: number 114
1788041353.410322 parameter 4: number 164
1788041353.410323 parameter 5: number 49
1788041353.410325 screen_write_collect_end: 3 324 (at 56,26)
1788041353.410326 utf8_to_data: 41000032 -> (1 1 2)
1788041353.410328 utf8_from_data: (1 1 3) -> 41000033
1788041353.410329 utf8_from_data: (1 1 3) -> 41000033
1788041353.410331 utf8_from_data: (1 1 3) -> 41000033
1788041353.410332 input_csi_dispatch: 'H' "" "27;93"
1788041353.410334 parameter 0: number 27
1788041353.410335 parameter 1: number 93
1788041353.410337 screen_write_cursormove: from 59,26 to 92,26
1788041353.410338 input_csi_dispatch: 'm' "" "38;2;139;233;253;49"
1788041353.410340 parameter 0: number 38
1788041353.410341 parameter 1: number 2
1788041353.410343 parameter 2: number 139
1788041353.410344 parameter 3: number 233
1788041353.410345 parameter 4: number 253
1788041353.410347 parameter 5: number 49
1788041353.410348 screen_write_collect_trim: 0x10a0a6d60 56-58 before 92-93
1788041353.410350 screen_write_collect_end: 2 99 (at 92,26)
1788041353.410352 utf8_to_data: 41000038 -> (1 1 8)
1788041353.410353 utf8_from_data: (1 1 9) -> 41000039
1788041353.410354 utf8_from_data: (1 1 9) -> 41000039
1788041353.410356 utf8_to_data: 4100002e -> (1 1 .)
1788041353.410357 input_csi_dispatch: 'H' "" "27;96"
1788041353.410359 parameter 0: number 27
1788041353.410361 parameter 1: number 96
1788041353.410362 screen_write_cursormove: from 94,26 to 95,26
1788041353.410364 screen_write_collect_trim: 0x10a0a6d60 56-58 before 95-95
1788041353.410365 screen_write_collect_trim: 0x10a0a6ac0 92-93 before 95-95
1788041353.410367 screen_write_collect_end: 1 6 (at 95,26)
1788041353.410368 utf8_to_data: 41000031 -> (1 1 1)
1788041353.410370 utf8_from_data: (1 1 6) -> 41000036
1788041353.410371 utf8_to_data: 4100004d -> (1 1 M)
1788041353.410373 input_csi_dispatch: 'H' "" "28;55"
1788041353.410374 parameter 0: number 28
1788041353.410376 parameter 1: number 55
1788041353.410377 screen_write_cursormove: from 96,26 to 54,27
1788041353.410379 input_csi_dispatch: 'm' "" "38;2;98;114;164;49"
1788041353.410381 parameter 0: number 38
1788041353.410382 parameter 1: number 2
1788041353.410383 parameter 2: number 98
1788041353.410385 parameter 3: number 114
1788041353.410386 parameter 4: number 164
1788041353.410388 parameter 5: number 49
1788041353.410391 screen_write_collect_end: 5 67288 (at 54,27)
1788041353.410393 utf8_to_data: 41000038 -> (1 1 8)
1788041353.410394 utf8_from_data: (1 1 6) -> 41000036
1788041353.410396 utf8_from_data: (1 1 6) -> 41000036
1788041353.410397 utf8_from_data: (1 1 6) -> 41000036
1788041353.410399 utf8_from_data: (1 1 6) -> 41000036
1788041353.410400 utf8_from_data: (1 1 6) -> 41000036
1788041353.410402 input_csi_dispatch: 'H' "" "28;62"
1788041353.410403 parameter 0: number 28
1788041353.410405 parameter 1: number 62
1788041353.410406 screen_write_cursormove: from 59,27 to 61,27
1788041353.410408 input_csi_dispatch: 'm' "" "38;2;248;248;242;49"
1788041353.410410 parameter 0: number 38
1788041353.410411 parameter 1: number 2
1788041353.410412 parameter 2: number 248
1788041353.410414 parameter 3: number 248
1788041353.410415 parameter 4: number 242
1788041353.410417 parameter 5: number 49
1788041353.410418 screen_write_collect_trim: 0x10a0a43c0 54-58 before 61-78
1788041353.410423 screen_write_collect_end: 18 mdworker_shared    (at 61,27)
1788041353.410424 utf8_to_data: 4100004d -> (1 1 M)
1788041353.410426 utf8_from_data: (1 1 m) -> 4100006d
1788041353.410427 utf8_from_data: (1 1 m) -> 4100006d
1788041353.410429 utf8_from_data: (1 1 m) -> 4100006d
1788041353.410430 utf8_from_data: (1 1 m) -> 4100006d
1788041353.410431 utf8_from_data: (1 1 m) -> 4100006d
1788041353.410433 utf8_from_data: (1 1 m) -> 4100006d
1788041353.410434 utf8_from_data: (1 1 m) -> 4100006d
1788041353.410436 utf8_from_data: (1 1 m) -> 4100006d
1788041353.410437 utf8_from_data: (1 1 m) -> 4100006d
1788041353.410439 utf8_from_data: (1 1 m) -> 4100006d
1788041353.410440 utf8_from_data: (1 1 m) -> 4100006d
1788041353.410441 utf8_from_data: (1 1 m) -> 4100006d
1788041353.410443 utf8_from_data: (1 1 m) -> 4100006d
1788041353.410444 utf8_from_data: (1 1 m) -> 4100006d
1788041353.410446 utf8_from_data: (1 1 m) -> 4100006d
1788041353.410447 utf8_from_data: (1 1 m) -> 4100006d
1788041353.410448 utf8_from_data: (1 1 m) -> 4100006d
1788041353.410450 utf8_from_data: (1 1 m) -> 4100006d
1788041353.410451 utf8_to_data: 41000020 -> (1 1  )
1788041353.410453 input_csi_dispatch: 'H' "" "28;93"
1788041353.410454 parameter 0: number 28
1788041353.410456 parameter 1: number 93
1788041353.410457 screen_write_cursormove: from 79,27 to 92,27
1788041353.410459 input_csi_dispatch: 'm' "" "38;2;139;233;253;49"
1788041353.410460 parameter 0: number 38
1788041353.410462 parameter 1: number 2
1788041353.410463 parameter 2: number 139
1788041353.410465 parameter 3: number 233
1788041353.410466 parameter 4: number 253
1788041353.410467 parameter 5: number 49
1788041353.410469 screen_write_collect_trim: 0x10a0a43c0 54-58 before 92-93
1788041353.410470 screen_write_collect_trim: 0x10a0a4540 61-78 before 92-93
1788041353.410472 screen_write_collect_end: 2 99 (at 92,27)
1788041353.410473 utf8_to_data: 41000038 -> (1 1 8)
1788041353.410475 utf8_from_data: (1 1 9) -> 41000039
1788041353.410476 utf8_from_data: (1 1 9) -> 41000039
1788041353.410478 utf8_to_data: 4100002e -> (1 1 .)
1788041353.410480 input_csi_dispatch: 'H' "" "28;96"
1788041353.410482 parameter 0: number 28
1788041353.410484 parameter 1: number 96
1788041353.410486 screen_write_cursormove: from 94,27 to 95,27
1788041353.410488 screen_write_collect_trim: 0x10a0a43c0 54-58 before 95-95
1788041353.410490 screen_write_collect_trim: 0x10a0a4540 61-78 before 95-95
1788041353.410491 screen_write_collect_trim: 0x10a0a45a0 92-93 before 95-95
1788041353.410493 screen_write_collect_end: 1 4 (at 95,27)
1788041353.410494 utf8_to_data: 41000030 -> (1 1 0)
1788041353.410496 utf8_from_data: (1 1 4) -> 41000034
1788041353.410497 utf8_to_data: 4100004d -> (1 1 M)
1788041353.410499 input_csi_dispatch: 'H' "" "29;58"
1788041353.410500 parameter 0: number 29
1788041353.410502 parameter 1: number 58
1788041353.410503 screen_write_cursormove: from 96,27 to 57,28
1788041353.410505 input_csi_dispatch: 'm' "" "38;2;98;114;164;49"
1788041353.410506 parameter 0: number 38
1788041353.410508 parameter 1: number 2
1788041353.410510 parameter 2: number 98
1788041353.410511 parameter 3: number 114
1788041353.410512 parameter 4: number 164
1788041353.410514 parameter 5: number 49
1788041353.410515 screen_write_collect_end: 1 3 (at 57,28)
1788041353.410517 utf8_to_data: 41000030 -> (1 1 0)
1788041353.410519 utf8_from_data: (1 1 3) -> 41000033
1788041353.410520 utf8_to_data: 41000038 -> (1 1 8)
1788041353.410522 input_csi_dispatch: 'H' "" "29;93"
1788041353.410523 parameter 0: number 29
1788041353.410524 parameter 1: number 93
1788041353.410526 screen_write_cursormove: from 58,28 to 92,28
1788041353.410528 input_csi_dispatch: 'm' "" "38;2;139;233;253;49"
1788041353.410529 parameter 0: number 38
1788041353.410531 parameter 1: number 2
1788041353.410532 parameter 2: number 139
1788041353.410533 parameter 3: number 233
1788041353.410535 parameter 4: number 253
1788041353.410536 parameter 5: number 49
1788041353.410538 screen_write_collect_trim: 0x10a0a4660 57-57 before 92-93
1788041353.410542 screen_write_collect_end: 2 98 (at 92,28)
1788041353.410544 utf8_to_data: 41000037 -> (1 1 7)
1788041353.410546 utf8_from_data: (1 1 9) -> 41000039
1788041353.410547 utf8_from_data: (1 1 9) -> 41000039
1788041353.410549 utf8_to_data: 4100002e -> (1 1 .)
1788041353.410550 input_csi_dispatch: 'H' "" "29;96"
1788041353.410551 parameter 0: number 29
1788041353.410553 parameter 1: number 96
1788041353.410554 screen_write_cursormove: from 94,28 to 95,28
1788041353.410556 screen_write_collect_trim: 0x10a0a4660 57-57 before 95-95
1788041353.410558 screen_write_collect_trim: 0x10a0a46c0 92-93 before 95-95
1788041353.410559 screen_write_collect_end: 1 9 (at 95,28)
1788041353.410561 utf8_to_data: 41000036 -> (1 1 6)
1788041353.410562 utf8_from_data: (1 1 9) -> 41000039
1788041353.410563 utf8_to_data: 4100004d -> (1 1 M)
1788041353.410565 input_csi_dispatch: 'm' "" "39"
1788041353.410566 parameter 0: number 39
1788041353.410568 input_csi_dispatch: 'm' "" "49"
1788041353.410570 parameter 0: number 49
1788041353.410572 input_csi_dispatch: 'm' "" "59"
1788041353.410573 parameter 0: number 59
1788041353.410575 input_csi_dispatch: 'm' "" "0"
1788041353.410576 parameter 0: number 0
1788041353.410578 input_csi_dispatch: 'l' "?" "25"
1788041353.410579 parameter 0: number 25
1788041353.410581 screen_write_mode_clear: CURSOR
1788041353.410583 collect list: x=54 (last 4294967295), y=25, used=5
1788041353.410585 collect list: x=61 (last 54), y=25, used=9
1788041353.410586 collect list: x=71 (last 61), y=25, used=1
1788041353.410588 collect list: x=73 (last 71), y=25, used=6
1788041353.410589 collect list: x=92 (last 73), y=25, used=2
1788041353.410591 collect list: x=95 (last 92), y=25, used=1
1788041353.410592 collect list: x=56 (last 4294967295), y=26, used=3
1788041353.410594 collect list: x=92 (last 56), y=26, used=2
1788041353.410595 collect list: x=95 (last 92), y=26, used=1
1788041353.410597 collect list: x=54 (last 4294967295), y=27, used=5
1788041353.410599 collect list: x=61 (last 54), y=27, used=18
1788041353.410600 collect list: x=92 (last 61), y=27, used=2
1788041353.410602 collect list: x=95 (last 92), y=27, used=1
1788041353.410603 collect list: x=57 (last 4294967295), y=28, used=1
1788041353.410605 collect list: x=92 (last 57), y=28, used=2
1788041353.410606 collect list: x=95 (last 92), y=28, used=1
1788041353.410608 screen_write_collect_flush: flushed 16 items (screen_write_stop)
1788041353.410610 @0 alerts check, alerts 0x2
1788041353.410611 window_remove_ref: @0 alerts_callback, now 1
1788041353.410613 cmdq_next <global>: empty
1788041353.410615 server_client_check_pane_buffer: %0 has 413 minimum (of 413) bytes used
1788041353.410616 server_client_check_pane_buffer: pane %0 is on
1788041353.410618 @0 active pane changed
1788041353.410620 @0 name timer already queued (498235 left)
1788041353.418342 cmdq_next <global>: empty
1788041353.418352 server_client_check_pane_buffer: pane %0 is on
1788041353.418355 @0 active pane changed
1788041353.418358 @0 name timer already queued (490496 left)
1788041353.909877 @0 name timer expired
1788041353.909905 cmdq_next <global>: empty
1788041353.909911 server_client_check_pane_buffer: pane %0 is on
1788041353.909916 @0 active pane changed
1788041353.909920 format_expand1: expanding format: #{?pane_in_mode,[tmux],#{pane_current_command}}#{?pane_dead,[dead],}
1788041353.909924 format_expand1: found #{}: ?pane_in_mode,[tmux],#{pane_current_command}
1788041353.909926 format_replace: condition is: pane_in_mode
1788041353.909933 format_replace: condition 'pane_in_mode' found: 0
1788041353.909961 format_replace: condition 'pane_in_mode' is false
1788041353.909965 format_replace: no condition matched in 'pane_in_mode,[tmux],#{pane_current_command}'; using last arg
1788041353.909968 format_expand1: expanding format: #{pane_current_command}
1788041353.909970 format_expand1: found #{}: pane_current_command
1788041353.910001 format_replace: format 'pane_current_command' found: multitop
1788041353.910004 format_replace: replaced 'pane_current_command' with 'multitop'
1788041353.910014 format_expand1: result is: multitop
1788041353.910017 format_replace: replaced '?pane_in_mode,[tmux],#{pane_current_command}' with 'multitop'
1788041353.910018 format_expand1: found #{}: ?pane_dead,[dead],
1788041353.910020 format_replace: condition is: pane_dead
1788041353.910023 format_replace: condition 'pane_dead' found: 0
1788041353.910025 format_replace: condition 'pane_dead' is false
1788041353.910026 format_replace: no condition matched in 'pane_dead,[dead],'; using last arg
1788041353.910028 format_replace: replaced '?pane_dead,[dead],' with ''
1788041353.910030 format_expand1: result is: multitop
1788041353.910032 @0 name not changed (still multitop)
1788041354.304033 add peer 0x10a13c0e0: 8 (0x10a040e00)
1788041354.304052 new client 0x10a040e00
1788041354.304056 cmdq_next <global>: empty
1788041354.304060 server_client_check_pane_buffer: pane %0 is on
1788041354.304064 @0 active pane not changed
1788041354.304092 peer 0x10a13c0e0 message 111
1788041354.304096 client 0x10a040e00 IDENTIFY_LONGFLAGS 0
1788041354.304098 peer 0x10a13c0e0 message 111
1788041354.304100 client 0x10a040e00 IDENTIFY_LONGFLAGS 0
1788041354.304101 peer 0x10a13c0e0 message 101
1788041354.304103 client 0x10a040e00 IDENTIFY_TERM 
1788041354.304105 peer 0x10a13c0e0 message 109
1788041354.304107 client 0x10a040e00 IDENTIFY_FEATURES 
1788041354.304109 peer 0x10a13c0e0 message 102
1788041354.304110 client 0x10a040e00 IDENTIFY_TTYNAME 
1788041354.304112 peer 0x10a13c0e0 message 108
1788041354.304115 client 0x10a040e00 IDENTIFY_CWD /Users/ztomer/Projects/monitor
1788041354.304118 cmdq_next <global>: empty
1788041354.304119 server_client_check_pane_buffer: pane %0 is on
1788041354.304121 @0 active pane not changed
1788041354.304126 peer 0x10a13c0e0 message 104
1788041354.304128 client 0x10a040e00 IDENTIFY_STDIN 11
1788041354.304130 cmdq_next <global>: empty
1788041354.304131 server_client_check_pane_buffer: pane %0 is on
1788041354.304133 @0 active pane not changed
1788041354.304140 peer 0x10a13c0e0 message 110
1788041354.304142 client 0x10a040e00 IDENTIFY_STDOUT 12
1788041354.304144 peer 0x10a13c0e0 message 107
1788041354.304146 client 0x10a040e00 IDENTIFY_CLIENTPID 67655
1788041354.304147 peer 0x10a13c0e0 message 105
1788041354.304149 client 0x10a040e00 IDENTIFY_ENVIRON OSLogRateLimit=64
1788041354.304151 peer 0x10a13c0e0 message 105
1788041354.304153 client 0x10a040e00 IDENTIFY_ENVIRON MallocNanoZone=0
1788041354.304154 peer 0x10a13c0e0 message 105
1788041354.304156 client 0x10a040e00 IDENTIFY_ENVIRON USER=ztomer
1788041354.304157 peer 0x10a13c0e0 message 105
1788041354.304159 client 0x10a040e00 IDENTIFY_ENVIRON COMMAND_MODE=unix2003
1788041354.304160 peer 0x10a13c0e0 message 105
1788041354.304163 client 0x10a040e00 IDENTIFY_ENVIRON __CFBundleIdentifier=com.anthropic.claudefordesktop
1788041354.304164 peer 0x10a13c0e0 message 105
1788041354.304176 client 0x10a040e00 IDENTIFY_ENVIRON PATH=/Users/ztomer/Library/pnpm/bin:/Users/ztomer/.grok/bin:/Users/ztomer/.antigravity-ide/antigravity-ide/bin:/Users/ztomer/Projects/routines/target/release:/Users/ztomer/Projects/scripts/bin:/Users/ztomer/.swiftly/bin:/Users/ztomer/.bun/bin:/Users/ztomer/.antigravity/antigravity/bin:/Users/ztomer/.cache/lm-studio/bin:/Users/ztomer/.local/bin:/Users/ztomer/.cargo/bin:/Users/ztomer/bin:/opt/homebrew/bin:/opt/homebrew/sbin:/usr/local/bin:/System/Cryptexes/App/usr/bin:/usr/bin:/bin:/usr/sbin:/sbin:/var/run/com.apple.security.cryptexd/codex.system/bootstrap/usr/local/bin:/var/run/com.apple.security.cryptexd/codex.system/bootstrap/usr/bin:/var/run/com.apple.security.cryptexd/codex.system/bootstrap/usr/appleinternal/bin:/pkg/env/global/bin:/Library/Apple/usr/bin:/Library/TeX/texbin:/Applications/Wireshark.app/Contents/MacOS:/usr/local/share/dotnet:~/.dotnet/tools:/Users/ztomer/go/bin:/Users/ztomer/Library/pnpm:/Users/ztomer/.claude/plugins/cache/claude-plugins-official/claude-code-setup/1.0.0/bin:/Users/ztomer/.claude/plugins/cache/claude-plugins-official/claude-md-management/1.0.0/bin:/Users/ztomer/.claude/plugins/cache/claude-plugins-official/code-review/unknown/bin:/Users/ztomer/.claude/plugins/cache/claude-plugins-official/code-simplifier/1.0.0/bin:/Users/ztomer/.claude/plugins/cache/claude-plugins-official/context7/unknown/bin:/Users/ztomer/Library/Application Support/Claude/local-agent-mode-sessions/70790cfd-da4a-4959-aa37-8091ebdad490/f505f4d3-dbbc-4bf7-bc33-06fde8dd732c/rpm/plugin_0155zZVATbJU3jHUmPP9NvMC/bin:/Users/ztomer/Library/Application Support/Claude/local-agent-mode-sessions/skills-plugin/f505f4d3-dbbc-4bf7-bc33-06fde8dd732c/70790cfd-da4a-4959-aa37-8091ebdad490/bin
1788041354.304188 peer 0x10a13c0e0 message 105
1788041354.304190 client 0x10a040e00 IDENTIFY_ENVIRON LOGNAME=ztomer
1788041354.304191 peer 0x10a13c0e0 message 105
1788041354.304193 client 0x10a040e00 IDENTIFY_ENVIRON SSH_AUTH_SOCK=/var/run/com.apple.launchd.YoHU8ASKbS/Listeners
1788041354.304195 peer 0x10a13c0e0 message 105
1788041354.304197 client 0x10a040e00 IDENTIFY_ENVIRON HOME=/Users/ztomer
1788041354.304198 peer 0x10a13c0e0 message 105
1788041354.304200 client 0x10a040e00 IDENTIFY_ENVIRON SHELL=/bin/zsh
1788041354.304201 peer 0x10a13c0e0 message 105
1788041354.304203 client 0x10a040e00 IDENTIFY_ENVIRON TMPDIR=/var/folders/0f/w2bl2pnx4mn7pvrkjwvwt3p40000gn/T/
1788041354.304205 peer 0x10a13c0e0 message 105
1788041354.304206 client 0x10a040e00 IDENTIFY_ENVIRON __CF_USER_TEXT_ENCODING=0x1F5:0:0
1788041354.304208 peer 0x10a13c0e0 message 105
1788041354.304210 client 0x10a040e00 IDENTIFY_ENVIRON XPC_SERVICE_NAME=0
1788041354.304211 peer 0x10a13c0e0 message 105
1788041354.304213 client 0x10a040e00 IDENTIFY_ENVIRON XPC_FLAGS=0x0
1788041354.304214 peer 0x10a13c0e0 message 105
1788041354.304216 client 0x10a040e00 IDENTIFY_ENVIRON NoDefaultCurrentDirectoryInExePath=1
1788041354.304217 peer 0x10a13c0e0 message 105
1788041354.304219 client 0x10a040e00 IDENTIFY_ENVIRON CLAUDE_AGENT_SDK_VERSION=0.3.247
1788041354.304221 peer 0x10a13c0e0 message 105
1788041354.304223 client 0x10a040e00 IDENTIFY_ENVIRON MCP_SERVER_CONNECTION_BATCH_SIZE=8
1788041354.304224 peer 0x10a13c0e0 message 105
1788041354.304226 client 0x10a040e00 IDENTIFY_ENVIRON CLAUDE_CODE_ENTRYPOINT=claude-desktop
1788041354.304227 peer 0x10a13c0e0 message 105
1788041354.304229 client 0x10a040e00 IDENTIFY_ENVIRON ANTHROPIC_BASE_URL=https://api.anthropic.com
1788041354.304231 peer 0x10a13c0e0 message 105
1788041354.304232 client 0x10a040e00 IDENTIFY_ENVIRON USE_STAGING_OAUTH=
1788041354.304234 peer 0x10a13c0e0 message 105
1788041354.304235 client 0x10a040e00 IDENTIFY_ENVIRON USE_LOCAL_OAUTH=
1788041354.304237 peer 0x10a13c0e0 message 105
1788041354.304239 client 0x10a040e00 IDENTIFY_ENVIRON CLAUDE_CODE_OAUTH_SCOPES=user:inference user:file_upload user:profile user:sessions:claude_code
1788041354.304241 peer 0x10a13c0e0 message 105
1788041354.304242 client 0x10a040e00 IDENTIFY_ENVIRON DISABLE_AUTOUPDATER=1
1788041354.304244 peer 0x10a13c0e0 message 105
1788041354.304245 client 0x10a040e00 IDENTIFY_ENVIRON CLAUDE_CODE_ENABLE_ASK_USER_QUESTION_TOOL=true
1788041354.304247 peer 0x10a13c0e0 message 105
1788041354.304249 client 0x10a040e00 IDENTIFY_ENVIRON CLAUDE_CODE_EMIT_TOOL_USE_SUMMARIES=false
1788041354.304250 peer 0x10a13c0e0 message 105
1788041354.304252 client 0x10a040e00 IDENTIFY_ENVIRON MCP_CONNECTION_NONBLOCKING=true
1788041354.304253 peer 0x10a13c0e0 message 105
1788041354.304255 client 0x10a040e00 IDENTIFY_ENVIRON API_TIMEOUT_MS=900000
1788041354.304256 peer 0x10a13c0e0 message 105
1788041354.304258 client 0x10a040e00 IDENTIFY_ENVIRON CLAUDE_CODE_DISABLE_CRON=
1788041354.304259 peer 0x10a13c0e0 message 105
1788041354.304261 client 0x10a040e00 IDENTIFY_ENVIRON DISABLE_MICROCOMPACT=1
1788041354.304263 peer 0x10a13c0e0 message 105
1788041354.304264 client 0x10a040e00 IDENTIFY_ENVIRON NODE_USE_SYSTEM_CA=1
1788041354.304266 peer 0x10a13c0e0 message 105
1788041354.304268 client 0x10a040e00 IDENTIFY_ENVIRON CLAUDE_CODE_EAGER_FLUSH=1
1788041354.304269 peer 0x10a13c0e0 message 105
1788041354.304271 client 0x10a040e00 IDENTIFY_ENVIRON CLAUDE_CODE_REPORT_FINDINGS=1
1788041354.304272 peer 0x10a13c0e0 message 105
1788041354.304274 client 0x10a040e00 IDENTIFY_ENVIRON CLAUDE_PREVIEW_CLASSIFIER_FLOOR=1
1788041354.304275 peer 0x10a13c0e0 message 105
1788041354.304277 client 0x10a040e00 IDENTIFY_ENVIRON CLAUDE_CODE_HOST_SESSION_ID=local_dd8d05fc-a6fa-4ec6-8b43-edcd102a0212
1788041354.304279 peer 0x10a13c0e0 message 105
1788041354.304280 client 0x10a040e00 IDENTIFY_ENVIRON CLAUDE_CODE_SDK_HAS_OAUTH_REFRESH=1
1788041354.304282 peer 0x10a13c0e0 message 105
1788041354.304284 client 0x10a040e00 IDENTIFY_ENVIRON CLAUDE_CODE_SDK_HAS_HOST_AUTH_REFRESH=1
1788041354.304285 peer 0x10a13c0e0 message 105
1788041354.304288 client 0x10a040e00 IDENTIFY_ENVIRON BAGGAGE=sentry-environment=production,sentry-release=Claude%401.40609.0,sentry-public_key=2f98127cbffe4740b1f767a2de77d23b,sentry-trace_id=2cff0bec9fde4baaaf36c535d05951e2,sentry-org_id=1158394
1788041354.304289 peer 0x10a13c0e0 message 105
1788041354.304291 client 0x10a040e00 IDENTIFY_ENVIRON COREPACK_ENABLE_AUTO_PIN=0
1788041354.304292 peer 0x10a13c0e0 message 105
1788041354.304294 client 0x10a040e00 IDENTIFY_ENVIRON AI_AGENT=claude-code_2-1-247_agent
1788041354.304296 peer 0x10a13c0e0 message 105
1788041354.304298 client 0x10a040e00 IDENTIFY_ENVIRON CLAUDE_CODE_MESSAGING_SOCKET=/tmp/cc-socks/25966.sock
1788041354.304299 peer 0x10a13c0e0 message 105
1788041354.304301 client 0x10a040e00 IDENTIFY_ENVIRON CLAUDE_CODE_MESSAGING_TOKEN=a5cdb57076578d2275933fa55d029cc1
1788041354.304303 peer 0x10a13c0e0 message 105
1788041354.304305 client 0x10a040e00 IDENTIFY_ENVIRON GIT_EDITOR=true
1788041354.304307 peer 0x10a13c0e0 message 105
1788041354.304309 client 0x10a040e00 IDENTIFY_ENVIRON CLAUDE_CODE_EXECPATH=/Users/ztomer/Library/Application Support/Claude/claude-code/2.1.247/claude.app/Contents/MacOS/claude
1788041354.304311 peer 0x10a13c0e0 message 105
1788041354.304313 client 0x10a040e00 IDENTIFY_ENVIRON CLAUDECODE=1
1788041354.304315 peer 0x10a13c0e0 message 105
1788041354.304317 client 0x10a040e00 IDENTIFY_ENVIRON CLAUDE_CODE_SESSION_ID=9e6fd8c2-7faa-444e-9003-5b8a34f7932b
1788041354.304319 peer 0x10a13c0e0 message 105
1788041354.304320 client 0x10a040e00 IDENTIFY_ENVIRON CLAUDE_CODE_CHILD_SESSION=1
1788041354.304322 peer 0x10a13c0e0 message 105
1788041354.304324 client 0x10a040e00 IDENTIFY_ENVIRON CLAUDE_PID=25966
1788041354.304325 peer 0x10a13c0e0 message 105
1788041354.304327 client 0x10a040e00 IDENTIFY_ENVIRON CLAUDE_EFFORT=high
1788041354.304328 peer 0x10a13c0e0 message 105
1788041354.304330 client 0x10a040e00 IDENTIFY_ENVIRON SHLVL=1
1788041354.304331 peer 0x10a13c0e0 message 105
1788041354.304333 client 0x10a040e00 IDENTIFY_ENVIRON PWD=/Users/ztomer/Projects/monitor
1788041354.304335 peer 0x10a13c0e0 message 105
1788041354.304336 client 0x10a040e00 IDENTIFY_ENVIRON OLDPWD=/Users/ztomer/Projects/monitor
1788041354.304338 peer 0x10a13c0e0 message 105
1788041354.304340 client 0x10a040e00 IDENTIFY_ENVIRON HOMEBREW_NO_ANALYTICS=1
1788041354.304341 peer 0x10a13c0e0 message 105
1788041354.304343 client 0x10a040e00 IDENTIFY_ENVIRON HOMEBREW_NO_ENV_HINTS=1
1788041354.304344 peer 0x10a13c0e0 message 105
1788041354.304346 client 0x10a040e00 IDENTIFY_ENVIRON HOMEBREW_BAT=1
1788041354.304347 peer 0x10a13c0e0 message 105
1788041354.304349 client 0x10a040e00 IDENTIFY_ENVIRON HOMEBREW_CASK_OPTS=--no-quarantine
1788041354.304351 peer 0x10a13c0e0 message 105
1788041354.304352 client 0x10a040e00 IDENTIFY_ENVIRON HOMEBREW_NO_AUTO_UPDATE=1
1788041354.304354 peer 0x10a13c0e0 message 105
1788041354.304356 client 0x10a040e00 IDENTIFY_ENVIRON BUN_INSTALL=/Users/ztomer/.bun
1788041354.304357 peer 0x10a13c0e0 message 105
1788041354.304359 client 0x10a040e00 IDENTIFY_ENVIRON RUSTC_WRAPPER=sccache
1788041354.304360 peer 0x10a13c0e0 message 105
1788041354.304362 client 0x10a040e00 IDENTIFY_ENVIRON SCCACHE_CACHE_SIZE=20G
1788041354.304363 peer 0x10a13c0e0 message 105
1788041354.304365 client 0x10a040e00 IDENTIFY_ENVIRON _=/opt/homebrew/bin/tmux
1788041354.304367 peer 0x10a13c0e0 message 106
1788041354.304368 client 0x10a040e00 name is client-67655
1788041354.304372 peer 0x10a13c0e0 message 200
1788041354.304374 cmd_unpack_argv: argv[0]=send-keys
1788041354.304376 cmd_unpack_argv: argv[1]=u
1788041354.304382 cmd_parse_build_commands 0:0: send-keys
1788041354.304384 cmd_parse_build_commands 0:1: u
1788041354.304387 args_parse_flags: next u
1788041354.304389 args_parse: flags end at 1 of 2
1788041354.304390 args_parse: 1 = u (type STRING)
1788041354.304393 cmd_parse_build_commands: send-keys u
1788041354.304395 cmdq_get_command: [send-keys/0x10a09bf00] group 4057
1788041354.304397 cmdq_append <client-67655>: [send-keys/0x10a09bf00]
1788041354.304399 cmdq_append <client-67655>: [server_client_command_done/0x10a09a200]
1788041354.304401 cmdq_next <global>: empty
1788041354.304402 cmdq_next <client-67655>: enter
1788041354.304404 cmdq_next <client-67655>: [send-keys/0x10a09bf00] (0), flags 0
1788041354.304407 message: client-67655 command: send-keys u
1788041354.304410 cmd_find_best_session: 0 sessions to try
1788041354.304412 cmd_find_current_client: no target, return 0x0
1788041354.304413 cmd_find_best_session: 0 sessions to try
1788041354.304415 cmd_find_from_nothing: s=$0 0
1788041354.304416 cmd_find_from_nothing: wl=1 1 w=@0 multitop
1788041354.304418 cmd_find_from_nothing: wp=%0
1788041354.304419 cmd_find_from_nothing: idx=1
1788041354.304421 cmd_find_target: target none, type pane, item 0x10a09bf00, flags NONE
1788041354.304423 cmd_find_best_session: 0 sessions to try
1788041354.304424 cmd_find_from_nothing: s=$0 0
1788041354.304426 cmd_find_from_nothing: wl=1 1 w=@0 multitop
1788041354.304427 cmd_find_from_nothing: wp=%0
1788041354.304429 cmd_find_from_nothing: idx=1
1788041354.304430 cmd_find_target: current is from client
1788041354.304432 cmd_find_target: s=$0 0
1788041354.304433 cmd_find_target: wl=1 1 w=@0 multitop
1788041354.304435 cmd_find_target: wp=%0
1788041354.304436 cmd_find_target: idx=1
1788041354.304439 writing key 0x75 (u) to %0
1788041354.304441 input_key: u
1788041354.304446 running hook after-send-keys (parent 0x10a09bf00)
1788041354.304449 unref client 0x10a040e00 (3 references)
1788041354.304451 cmdq_next <client-67655>: [server_client_command_done/0x10a09a200] (1), flags 0
1788041354.304453 unref client 0x10a040e00 (2 references)
1788041354.304455 cmdq_next <client-67655>: exit (empty)
1788041354.304456 cmdq_next <global>: empty
1788041354.304457 cmdq_next <client-67655>: empty
1788041354.304459 sending message 203 to peer 0x10a13c0e0 (4 bytes)
1788041354.304461 server_client_check_pane_buffer: pane %0 is on
1788041354.304463 @0 active pane not changed
1788041354.304477 cmdq_next <global>: empty
1788041354.304480 cmdq_next <client-67655>: empty
1788041354.304482 server_client_check_pane_buffer: pane %0 is on
1788041354.304484 @0 active pane not changed
1788041354.305489 %0 has 1024 bytes
1788041354.305498 @0 alerts timer reset 0
1788041354.305502 @0 alerts flags added 0x2
1788041354.305505 window_add_ref: @0 alerts_queue, now 2
1788041354.305507 alerts check queued (by @0)
1788041354.305510 screen_write_start_pane: size 100x30, pane %0 (at 0,0)
1788041354.305517 input_parse_buffer: %0 ground, 1024 bytes: \033[2;2H\033[38;2;98;114;164;49mStatus   \033[39;49m  \033[38;2;80;250;123;49mready\033[39;49m \033[2;21H  \033[2;24H   \033[2;28H    \033[2;34H  \033[2;37H   \033[2;41H    \033[2;47H  \033[2;50H   \033[2;54H    \033[2;60H  \033[2;63H   \033[2;67H    \033[2;73H  \033[2;76H   \033[2;80H    \033[2;86H  \033[2;89H   \033[2;93H    \033[3;2H\033[38;2;98;114;164;49mCommand  \033[39;49m  printf\033[3;20H'Interactive\033[3;33Hprompt [Y/n]\033[3;46H'; sleep 0.5; printf\033[3;67H''; printf '10%%20%%30%%'; echo\033[3;99H'\033[4;2H\033[38;2;98;114;164;49mLast run \033[39;49m  1\033[4;15Hmin ago \302\267\033[4;25H\033[38;2;80;250;123;49mok\033[4;28H\033[39;49m(2s)\033[5;2H\033[38;2;98;114;164;49mSudo     \033[39;49m  \033[38;2;98;114;164;49mchecking keychain \302\267 not started\033[39;49m                               \033[5;76H    \033[5;81H                   \033[6;3H   \033[6;7H                                                                    \033[6;76H    \033[6;81H                   \033[7;2H\033[38;2;241;250;140;49m\342\206\222 u to run \302\267 s to go back\033[8;3H\033[39;49m                                                                                                \033[9;3H                    
1788041354.305520 input_csi_dispatch: 'H' "" "2;2"
1788041354.305522 parameter 0: number 2
1788041354.305524 parameter 1: number 2
1788041354.305527 screen_write_cursormove: from 96,28 to 1,1
1788041354.305530 input_csi_dispatch: 'm' "" "38;2;98;114;164;49"
1788041354.305532 parameter 0: number 38
1788041354.305533 parameter 1: number 2
1788041354.305535 parameter 2: number 98
1788041354.305537 parameter 3: number 114
1788041354.305538 parameter 4: number 164
1788041354.305540 parameter 5: number 49
1788041354.305543 screen_write_collect_end: 9 Status    (at 1,1)
1788041354.305545 utf8_to_data: 41000020 -> (1 1  )
1788041354.305548 utf8_from_data: (1 1 S) -> 41000053
1788041354.305549 utf8_from_data: (1 1 S) -> 41000053
1788041354.305551 utf8_from_data: (1 1 S) -> 41000053
1788041354.305552 utf8_from_data: (1 1 S) -> 41000053
1788041354.305554 utf8_from_data: (1 1 S) -> 41000053
1788041354.305555 utf8_from_data: (1 1 S) -> 41000053
1788041354.305557 utf8_from_data: (1 1 S) -> 41000053
1788041354.305558 utf8_from_data: (1 1 S) -> 41000053
1788041354.305560 utf8_from_data: (1 1 S) -> 41000053
1788041354.305590 utf8_to_data: 41000039 -> (1 1 9)
1788041354.305636 input_csi_dispatch: 'm' "" "39;49"
1788041354.305640 parameter 0: number 39
1788041354.305642 parameter 1: number 49
1788041354.305647 screen_write_collect_trim: 0x10a0a47e0 1-9 before 10-11
1788041354.305649 screen_write_collect_end: 2    (at 10,1)
1788041354.305652 utf8_to_data: 41000039 -> (1 1 9)
1788041354.305654 utf8_from_data: (1 1  ) -> 41000020
1788041354.305655 utf8_from_data: (1 1  ) -> 41000020
1788041354.305657 utf8_to_data: 41000025 -> (1 1 %)
1788041354.305659 input_csi_dispatch: 'm' "" "38;2;80;250;123;49"
1788041354.305660 parameter 0: number 38
1788041354.305662 parameter 1: number 2
1788041354.305663 parameter 2: number 80
1788041354.305664 parameter 3: number 250
1788041354.305666 parameter 4: number 123
1788041354.305667 parameter 5: number 49
1788041354.305669 screen_write_collect_trim: 0x10a0a47e0 1-9 before 12-16
1788041354.305670 screen_write_collect_trim: 0x10a0a4840 10-11 before 12-16
1788041354.305672 screen_write_collect_end: 5 ready (at 12,1)
1788041354.305673 utf8_to_data: 41000025 -> (1 1 %)
1788041354.305675 utf8_from_data: (1 1 r) -> 41000072
1788041354.305676 utf8_from_data: (1 1 r) -> 41000072
1788041354.305677 utf8_from_data: (1 1 r) -> 41000072
1788041354.305679 utf8_from_data: (1 1 r) -> 41000072
1788041354.305680 utf8_from_data: (1 1 r) -> 41000072
1788041354.305681 utf8_to_data: 41000043 -> (1 1 C)
1788041354.305683 input_csi_dispatch: 'm' "" "39;49"
1788041354.305684 parameter 0: number 39
1788041354.305685 parameter 1: number 49
1788041354.305687 screen_write_collect_trim: 0x10a0a47e0 1-9 before 17-17
1788041354.305688 screen_write_collect_trim: 0x10a0a4840 10-11 before 17-17
1788041354.305690 screen_write_collect_trim: 0x10a0a48a0 12-16 before 17-17
1788041354.305691 screen_write_collect_end: 1   (at 17,1)
1788041354.305692 utf8_to_data: 41000043 -> (1 1 C)
1788041354.305694 utf8_from_data: (1 1  ) -> 41000020
1788041354.305695 input_csi_dispatch: 'H' "" "2;21"
1788041354.305697 parameter 0: number 2
1788041354.305698 parameter 1: number 21
1788041354.305700 screen_write_cursormove: from 18,1 to 20,1
1788041354.305702 screen_write_collect_trim: 0x10a0a47e0 1-9 before 20-21
1788041354.305703 screen_write_collect_trim: 0x10a0a4840 10-11 before 20-21
1788041354.305705 screen_write_collect_trim: 0x10a0a48a0 12-16 before 20-21
1788041354.305706 screen_write_collect_trim: 0x10a0a4900 17-17 before 20-21
1788041354.305707 screen_write_collect_end: 2    (at 20,1)
1788041354.305709 input_csi_dispatch: 'H' "" "2;24"
1788041354.305711 parameter 0: number 2
1788041354.305712 parameter 1: number 24
1788041354.305714 screen_write_cursormove: from 22,1 to 23,1
1788041354.305716 screen_write_collect_trim: 0x10a0a47e0 1-9 before 23-25
1788041354.305717 screen_write_collect_trim: 0x10a0a4840 10-11 before 23-25
1788041354.305719 screen_write_collect_trim: 0x10a0a48a0 12-16 before 23-25
1788041354.305721 screen_write_collect_trim: 0x10a0a4900 17-17 before 23-25
1788041354.305722 screen_write_collect_trim: 0x10a0a4960 20-21 before 23-25
1788041354.305724 screen_write_collect_end: 3     (at 23,1)
1788041354.305726 input_csi_dispatch: 'H' "" "2;28"
1788041354.305727 parameter 0: number 2
1788041354.305729 parameter 1: number 28
1788041354.305731 screen_write_cursormove: from 26,1 to 27,1
1788041354.305732 screen_write_collect_trim: 0x10a0a47e0 1-9 before 27-30
1788041354.305734 screen_write_collect_trim: 0x10a0a4840 10-11 before 27-30
1788041354.305735 screen_write_collect_trim: 0x10a0a48a0 12-16 before 27-30
1788041354.305737 screen_write_collect_trim: 0x10a0a4900 17-17 before 27-30
1788041354.305739 screen_write_collect_trim: 0x10a0a4960 20-21 before 27-30
1788041354.305740 screen_write_collect_trim: 0x10a0a49c0 23-25 before 27-30
1788041354.305742 screen_write_collect_end: 4      (at 27,1)
1788041354.305744 utf8_to_data: 41000036 -> (1 1 6)
1788041354.305745 utf8_from_data: (1 1  ) -> 41000020
1788041354.305747 utf8_from_data: (1 1  ) -> 41000020
1788041354.305749 utf8_from_data: (1 1  ) -> 41000020
1788041354.305751 utf8_from_data: (1 1  ) -> 41000020
1788041354.305753 input_csi_dispatch: 'H' "" "2;34"
1788041354.305754 parameter 0: number 2
1788041354.305756 parameter 1: number 34
1788041354.305757 screen_write_cursormove: from 31,1 to 33,1
1788041354.305759 screen_write_collect_trim: 0x10a0a47e0 1-9 before 33-34
1788041354.305761 screen_write_collect_trim: 0x10a0a4840 10-11 before 33-34
1788041354.305762 screen_write_collect_trim: 0x10a0a48a0 12-16 before 33-34
1788041354.305764 screen_write_collect_trim: 0x10a0a4900 17-17 before 33-34
1788041354.305765 screen_write_collect_trim: 0x10a0a4960 20-21 before 33-34
1788041354.305767 screen_write_collect_trim: 0x10a0a49c0 23-25 before 33-34
1788041354.305769 screen_write_collect_trim: 0x10a0a6a00 27-30 before 33-34
1788041354.305770 screen_write_collect_end: 2    (at 33,1)
1788041354.305772 input_csi_dispatch: 'H' "" "2;37"
1788041354.305773 parameter 0: number 2
1788041354.305774 parameter 1: number 37
1788041354.305776 screen_write_cursormove: from 35,1 to 36,1
1788041354.305777 screen_write_collect_trim: 0x10a0a47e0 1-9 before 36-38
1788041354.305779 screen_write_collect_trim: 0x10a0a4840 10-11 before 36-38
1788041354.305781 screen_write_collect_trim: 0x10a0a48a0 12-16 before 36-38
1788041354.305782 screen_write_collect_trim: 0x10a0a4900 17-17 before 36-38
1788041354.305784 screen_write_collect_trim: 0x10a0a4960 20-21 before 36-38
1788041354.305785 screen_write_collect_trim: 0x10a0a49c0 23-25 before 36-38
1788041354.305787 screen_write_collect_trim: 0x10a0a6a00 27-30 before 36-38
1788041354.305788 screen_write_collect_trim: 0x10a0a69a0 33-34 before 36-38
1788041354.305790 screen_write_collect_end: 3     (at 36,1)
1788041354.305791 input_csi_dispatch: 'H' "" "2;41"
1788041354.305793 parameter 0: number 2
1788041354.305795 parameter 1: number 41
1788041354.305797 screen_write_cursormove: from 39,1 to 40,1
1788041354.305798 screen_write_collect_trim: 0x10a0a47e0 1-9 before 40-43
1788041354.305801 screen_write_collect_trim: 0x10a0a4840 10-11 before 40-43
1788041354.305802 screen_write_collect_trim: 0x10a0a48a0 12-16 before 40-43
1788041354.305803 screen_write_collect_trim: 0x10a0a4900 17-17 before 40-43
1788041354.305805 screen_write_collect_trim: 0x10a0a4960 20-21 before 40-43
1788041354.305807 screen_write_collect_trim: 0x10a0a49c0 23-25 before 40-43
1788041354.305808 screen_write_collect_trim: 0x10a0a6a00 27-30 before 40-43
1788041354.305810 screen_write_collect_trim: 0x10a0a69a0 33-34 before 40-43
1788041354.305811 screen_write_collect_trim: 0x10a0a6940 36-38 before 40-43
1788041354.305813 screen_write_collect_end: 4      (at 40,1)
1788041354.305814 utf8_to_data: 41000036 -> (1 1 6)
1788041354.305816 utf8_from_data: (1 1  ) -> 41000020
1788041354.305818 utf8_from_data: (1 1  ) -> 41000020
1788041354.305819 utf8_from_data: (1 1  ) -> 41000020
1788041354.305821 utf8_from_data: (1 1  ) -> 41000020
1788041354.305822 input_csi_dispatch: 'H' "" "2;47"
1788041354.305824 parameter 0: number 2
1788041354.305825 parameter 1: number 47
1788041354.305827 screen_write_cursormove: from 44,1 to 46,1
1788041354.305828 screen_write_collect_trim: 0x10a0a47e0 1-9 before 46-47
1788041354.305830 screen_write_collect_trim: 0x10a0a4840 10-11 before 46-47
1788041354.305831 screen_write_collect_trim: 0x10a0a48a0 12-16 before 46-47
1788041354.305833 screen_write_collect_trim: 0x10a0a4900 17-17 before 46-47
1788041354.305834 screen_write_collect_trim: 0x10a0a4960 20-21 before 46-47
1788041354.305836 screen_write_collect_trim: 0x10a0a49c0 23-25 before 46-47
1788041354.305837 screen_write_collect_trim: 0x10a0a6a00 27-30 before 46-47
1788041354.305839 screen_write_collect_trim: 0x10a0a69a0 33-34 before 46-47
1788041354.305840 screen_write_collect_trim: 0x10a0a6940 36-38 before 46-47
1788041354.305841 screen_write_collect_trim: 0x10a0a68e0 40-43 before 46-47
1788041354.305843 screen_write_collect_end: 2    (at 46,1)
1788041354.305844 input_csi_dispatch: 'H' "" "2;50"
1788041354.305846 parameter 0: number 2
1788041354.305847 parameter 1: number 50
1788041354.305849 screen_write_cursormove: from 48,1 to 49,1
1788041354.305851 screen_write_collect_trim: 0x10a0a47e0 1-9 before 49-51
1788041354.305852 screen_write_collect_trim: 0x10a0a4840 10-11 before 49-51
1788041354.305854 screen_write_collect_trim: 0x10a0a48a0 12-16 before 49-51
1788041354.305855 screen_write_collect_trim: 0x10a0a4900 17-17 before 49-51
1788041354.305857 screen_write_collect_trim: 0x10a0a4960 20-21 before 49-51
1788041354.305859 screen_write_collect_trim: 0x10a0a49c0 23-25 before 49-51
1788041354.305860 screen_write_collect_trim: 0x10a0a6a00 27-30 before 49-51
1788041354.305862 screen_write_collect_trim: 0x10a0a69a0 33-34 before 49-51
1788041354.305863 screen_write_collect_trim: 0x10a0a6940 36-38 before 49-51
1788041354.305865 screen_write_collect_trim: 0x10a0a68e0 40-43 before 49-51
1788041354.305866 screen_write_collect_trim: 0x10a0a6880 46-47 before 49-51
1788041354.305867 screen_write_collect_end: 3     (at 49,1)
1788041354.305869 input_csi_dispatch: 'H' "" "2;54"
1788041354.305871 parameter 0: number 2
1788041354.305872 parameter 1: number 54
1788041354.305874 screen_write_cursormove: from 52,1 to 53,1
1788041354.305875 screen_write_collect_trim: 0x10a0a47e0 1-9 before 53-56
1788041354.305877 screen_write_collect_trim: 0x10a0a4840 10-11 before 53-56
1788041354.305878 screen_write_collect_trim: 0x10a0a48a0 12-16 before 53-56
1788041354.305880 screen_write_collect_trim: 0x10a0a4900 17-17 before 53-56
1788041354.305881 screen_write_collect_trim: 0x10a0a4960 20-21 before 53-56
1788041354.305883 screen_write_collect_trim: 0x10a0a49c0 23-25 before 53-56
1788041354.305884 screen_write_collect_trim: 0x10a0a6a00 27-30 before 53-56
1788041354.305886 screen_write_collect_trim: 0x10a0a69a0 33-34 before 53-56
1788041354.305887 screen_write_collect_trim: 0x10a0a6940 36-38 before 53-56
1788041354.305888 screen_write_collect_trim: 0x10a0a68e0 40-43 before 53-56
1788041354.305890 screen_write_collect_trim: 0x10a0a6880 46-47 before 53-56
1788041354.305891 screen_write_collect_trim: 0x10a0a6820 49-51 before 53-56
1788041354.305893 screen_write_collect_end: 4      (at 53,1)
1788041354.305895 utf8_to_data: 41000036 -> (1 1 6)
1788041354.305896 utf8_from_data: (1 1  ) -> 41000020
1788041354.305898 utf8_from_data: (1 1  ) -> 41000020
1788041354.305899 utf8_from_data: (1 1  ) -> 41000020
1788041354.305901 utf8_from_data: (1 1  ) -> 41000020
1788041354.305902 input_csi_dispatch: 'H' "" "2;60"
1788041354.305904 parameter 0: number 2
1788041354.305905 parameter 1: number 60
1788041354.305906 screen_write_cursormove: from 57,1 to 59,1
1788041354.305908 screen_write_collect_trim: 0x10a0a47e0 1-9 before 59-60
1788041354.305909 screen_write_collect_trim: 0x10a0a4840 10-11 before 59-60
1788041354.305911 screen_write_collect_trim: 0x10a0a48a0 12-16 before 59-60
1788041354.305912 screen_write_collect_trim: 0x10a0a4900 17-17 before 59-60
1788041354.305914 screen_write_collect_trim: 0x10a0a4960 20-21 before 59-60
1788041354.305918 screen_write_collect_trim: 0x10a0a49c0 23-25 before 59-60
1788041354.305920 screen_write_collect_trim: 0x10a0a6a00 27-30 before 59-60
1788041354.305921 screen_write_collect_trim: 0x10a0a69a0 33-34 before 59-60
1788041354.305923 screen_write_collect_trim: 0x10a0a6940 36-38 before 59-60
1788041354.305924 screen_write_collect_trim: 0x10a0a68e0 40-43 before 59-60
1788041354.305926 screen_write_collect_trim: 0x10a0a6880 46-47 before 59-60
1788041354.305927 screen_write_collect_trim: 0x10a0a6820 49-51 before 59-60
1788041354.305929 screen_write_collect_trim: 0x10a0a67c0 53-56 before 59-60
1788041354.305930 screen_write_collect_end: 2    (at 59,1)
1788041354.305932 input_csi_dispatch: 'H' "" "2;63"
1788041354.305933 parameter 0: number 2
1788041354.305934 parameter 1: number 63
1788041354.305936 screen_write_cursormove: from 61,1 to 62,1
1788041354.305938 screen_write_collect_trim: 0x10a0a47e0 1-9 before 62-64
1788041354.305939 screen_write_collect_trim: 0x10a0a4840 10-11 before 62-64
1788041354.305940 screen_write_collect_trim: 0x10a0a48a0 12-16 before 62-64
1788041354.305942 screen_write_collect_trim: 0x10a0a4900 17-17 before 62-64
1788041354.305943 screen_write_collect_trim: 0x10a0a4960 20-21 before 62-64
1788041354.305944 screen_write_collect_trim: 0x10a0a49c0 23-25 before 62-64
1788041354.305946 screen_write_collect_trim: 0x10a0a6a00 27-30 before 62-64
1788041354.305948 screen_write_collect_trim: 0x10a0a69a0 33-34 before 62-64
1788041354.305949 screen_write_collect_trim: 0x10a0a6940 36-38 before 62-64
1788041354.305950 screen_write_collect_trim: 0x10a0a68e0 40-43 before 62-64
1788041354.305951 screen_write_collect_trim: 0x10a0a6880 46-47 before 62-64
1788041354.305953 screen_write_collect_trim: 0x10a0a6820 49-51 before 62-64
1788041354.305954 screen_write_collect_trim: 0x10a0a67c0 53-56 before 62-64
1788041354.305956 screen_write_collect_trim: 0x10a0a6760 59-60 before 62-64
1788041354.305958 screen_write_collect_end: 3     (at 62,1)
1788041354.305960 input_csi_dispatch: 'H' "" "2;67"
1788041354.305961 parameter 0: number 2
1788041354.305963 parameter 1: number 67
1788041354.305964 screen_write_cursormove: from 65,1 to 66,1
1788041354.305967 screen_write_collect_trim: 0x10a0a47e0 1-9 before 66-69
1788041354.305969 screen_write_collect_trim: 0x10a0a4840 10-11 before 66-69
1788041354.305971 screen_write_collect_trim: 0x10a0a48a0 12-16 before 66-69
1788041354.305973 screen_write_collect_trim: 0x10a0a4900 17-17 before 66-69
1788041354.305976 screen_write_collect_trim: 0x10a0a4960 20-21 before 66-69
1788041354.305978 screen_write_collect_trim: 0x10a0a49c0 23-25 before 66-69
1788041354.305980 screen_write_collect_trim: 0x10a0a6a00 27-30 before 66-69
1788041354.305982 screen_write_collect_trim: 0x10a0a69a0 33-34 before 66-69
1788041354.305983 screen_write_collect_trim: 0x10a0a6940 36-38 before 66-69
1788041354.305985 screen_write_collect_trim: 0x10a0a68e0 40-43 before 66-69
1788041354.305987 screen_write_collect_trim: 0x10a0a6880 46-47 before 66-69
1788041354.305988 screen_write_collect_trim: 0x10a0a6820 49-51 before 66-69
1788041354.305990 screen_write_collect_trim: 0x10a0a67c0 53-56 before 66-69
1788041354.305991 screen_write_collect_trim: 0x10a0a6760 59-60 before 66-69
1788041354.305993 screen_write_collect_trim: 0x10a0a6700 62-64 before 66-69
1788041354.305995 screen_write_collect_end: 4      (at 66,1)
1788041354.305996 utf8_to_data: 41000036 -> (1 1 6)
1788041354.305998 utf8_from_data: (1 1  ) -> 41000020
1788041354.306000 utf8_from_data: (1 1  ) -> 41000020
1788041354.306002 utf8_from_data: (1 1  ) -> 41000020
1788041354.306003 utf8_from_data: (1 1  ) -> 41000020
1788041354.306005 input_csi_dispatch: 'H' "" "2;73"
1788041354.306007 parameter 0: number 2
1788041354.306009 parameter 1: number 73
1788041354.306010 screen_write_cursormove: from 70,1 to 72,1
1788041354.306012 screen_write_collect_trim: 0x10a0a47e0 1-9 before 72-73
1788041354.306014 screen_write_collect_trim: 0x10a0a4840 10-11 before 72-73
1788041354.306015 screen_write_collect_trim: 0x10a0a48a0 12-16 before 72-73
1788041354.306017 screen_write_collect_trim: 0x10a0a4900 17-17 before 72-73
1788041354.306018 screen_write_collect_trim: 0x10a0a4960 20-21 before 72-73
1788041354.306020 screen_write_collect_trim: 0x10a0a49c0 23-25 before 72-73
1788041354.306021 screen_write_collect_trim: 0x10a0a6a00 27-30 before 72-73
1788041354.306023 screen_write_collect_trim: 0x10a0a69a0 33-34 before 72-73
1788041354.306025 screen_write_collect_trim: 0x10a0a6940 36-38 before 72-73
1788041354.306026 screen_write_collect_trim: 0x10a0a68e0 40-43 before 72-73
1788041354.306028 screen_write_collect_trim: 0x10a0a6880 46-47 before 72-73
1788041354.306030 screen_write_collect_trim: 0x10a0a6820 49-51 before 72-73
1788041354.306031 screen_write_collect_trim: 0x10a0a67c0 53-56 before 72-73
1788041354.306033 screen_write_collect_trim: 0x10a0a6760 59-60 before 72-73
1788041354.306034 screen_write_collect_trim: 0x10a0a6700 62-64 before 72-73
1788041354.306036 screen_write_collect_trim: 0x10a0a4420 66-69 before 72-73
1788041354.306038 screen_write_collect_end: 2    (at 72,1)
1788041354.306039 input_csi_dispatch: 'H' "" "2;76"
1788041354.306041 parameter 0: number 2
1788041354.306042 parameter 1: number 76
1788041354.306044 screen_write_cursormove: from 74,1 to 75,1
1788041354.306047 screen_write_collect_trim: 0x10a0a47e0 1-9 before 75-77
1788041354.306050 screen_write_collect_trim: 0x10a0a4840 10-11 before 75-77
1788041354.306052 screen_write_collect_trim: 0x10a0a48a0 12-16 before 75-77
1788041354.306054 screen_write_collect_trim: 0x10a0a4900 17-17 before 75-77
1788041354.306057 screen_write_collect_trim: 0x10a0a4960 20-21 before 75-77
1788041354.306058 screen_write_collect_trim: 0x10a0a49c0 23-25 before 75-77
1788041354.306060 screen_write_collect_trim: 0x10a0a6a00 27-30 before 75-77
1788041354.306061 screen_write_collect_trim: 0x10a0a69a0 33-34 before 75-77
1788041354.306063 screen_write_collect_trim: 0x10a0a6940 36-38 before 75-77
1788041354.306064 screen_write_collect_trim: 0x10a0a68e0 40-43 before 75-77
1788041354.306066 screen_write_collect_trim: 0x10a0a6880 46-47 before 75-77
1788041354.306067 screen_write_collect_trim: 0x10a0a6820 49-51 before 75-77
1788041354.306068 screen_write_collect_trim: 0x10a0a67c0 53-56 before 75-77
1788041354.306070 screen_write_collect_trim: 0x10a0a6760 59-60 before 75-77
1788041354.306071 screen_write_collect_trim: 0x10a0a6700 62-64 before 75-77
1788041354.306073 screen_write_collect_trim: 0x10a0a4420 66-69 before 75-77
1788041354.306074 screen_write_collect_trim: 0x10a0a40c0 72-73 before 75-77
1788041354.306076 screen_write_collect_end: 3     (at 75,1)
1788041354.306077 input_csi_dispatch: 'H' "" "2;80"
1788041354.306078 parameter 0: number 2
1788041354.306080 parameter 1: number 80
1788041354.306081 screen_write_cursormove: from 78,1 to 79,1
1788041354.306083 screen_write_collect_trim: 0x10a0a47e0 1-9 before 79-82
1788041354.306084 screen_write_collect_trim: 0x10a0a4840 10-11 before 79-82
1788041354.306086 screen_write_collect_trim: 0x10a0a48a0 12-16 before 79-82
1788041354.306087 screen_write_collect_trim: 0x10a0a4900 17-17 before 79-82
1788041354.306089 screen_write_collect_trim: 0x10a0a4960 20-21 before 79-82
1788041354.306090 screen_write_collect_trim: 0x10a0a49c0 23-25 before 79-82
1788041354.306092 screen_write_collect_trim: 0x10a0a6a00 27-30 before 79-82
1788041354.306093 screen_write_collect_trim: 0x10a0a69a0 33-34 before 79-82
1788041354.306095 screen_write_collect_trim: 0x10a0a6940 36-38 before 79-82
1788041354.306096 screen_write_collect_trim: 0x10a0a68e0 40-43 before 79-82
1788041354.306097 screen_write_collect_trim: 0x10a0a6880 46-47 before 79-82
1788041354.306099 screen_write_collect_trim: 0x10a0a6820 49-51 before 79-82
1788041354.306101 screen_write_collect_trim: 0x10a0a67c0 53-56 before 79-82
1788041354.306102 screen_write_collect_trim: 0x10a0a6760 59-60 before 79-82
1788041354.306104 screen_write_collect_trim: 0x10a0a6700 62-64 before 79-82
1788041354.306105 screen_write_collect_trim: 0x10a0a4420 66-69 before 79-82
1788041354.306107 screen_write_collect_trim: 0x10a0a40c0 72-73 before 79-82
1788041354.306108 screen_write_collect_trim: 0x10a0a4120 75-77 before 79-82
1788041354.306110 screen_write_collect_end: 4      (at 79,1)
1788041354.306111 utf8_to_data: 41000036 -> (1 1 6)
1788041354.306113 utf8_from_data: (1 1  ) -> 41000020
1788041354.306114 utf8_from_data: (1 1  ) -> 41000020
1788041354.306116 utf8_from_data: (1 1  ) -> 41000020
1788041354.306117 utf8_from_data: (1 1  ) -> 41000020
1788041354.306119 input_csi_dispatch: 'H' "" "2;86"
1788041354.306121 parameter 0: number 2
1788041354.306122 parameter 1: number 86
1788041354.306123 screen_write_cursormove: from 83,1 to 85,1
1788041354.306125 screen_write_collect_trim: 0x10a0a47e0 1-9 before 85-86
1788041354.306127 screen_write_collect_trim: 0x10a0a4840 10-11 before 85-86
1788041354.306128 screen_write_collect_trim: 0x10a0a48a0 12-16 before 85-86
1788041354.306130 screen_write_collect_trim: 0x10a0a4900 17-17 before 85-86
1788041354.306131 screen_write_collect_trim: 0x10a0a4960 20-21 before 85-86
1788041354.306133 screen_write_collect_trim: 0x10a0a49c0 23-25 before 85-86
1788041354.306134 screen_write_collect_trim: 0x10a0a6a00 27-30 before 85-86
1788041354.306136 screen_write_collect_trim: 0x10a0a69a0 33-34 before 85-86
1788041354.306137 screen_write_collect_trim: 0x10a0a6940 36-38 before 85-86
1788041354.306139 screen_write_collect_trim: 0x10a0a68e0 40-43 before 85-86
1788041354.306140 screen_write_collect_trim: 0x10a0a6880 46-47 before 85-86
1788041354.306142 screen_write_collect_trim: 0x10a0a6820 49-51 before 85-86
1788041354.306143 screen_write_collect_trim: 0x10a0a67c0 53-56 before 85-86
1788041354.306144 screen_write_collect_trim: 0x10a0a6760 59-60 before 85-86
1788041354.306146 screen_write_collect_trim: 0x10a0a6700 62-64 before 85-86
1788041354.306147 screen_write_collect_trim: 0x10a0a4420 66-69 before 85-86
1788041354.306149 screen_write_collect_trim: 0x10a0a40c0 72-73 before 85-86
1788041354.306150 screen_write_collect_trim: 0x10a0a4120 75-77 before 85-86
1788041354.306152 screen_write_collect_trim: 0x10a0a6b20 79-82 before 85-86
1788041354.306153 screen_write_collect_end: 2    (at 85,1)
1788041354.306154 input_csi_dispatch: 'H' "" "2;89"
1788041354.306156 parameter 0: number 2
1788041354.306157 parameter 1: number 89
1788041354.306159 screen_write_cursormove: from 87,1 to 88,1
1788041354.306161 screen_write_collect_trim: 0x10a0a47e0 1-9 before 88-90
1788041354.306162 screen_write_collect_trim: 0x10a0a4840 10-11 before 88-90
1788041354.306164 screen_write_collect_trim: 0x10a0a48a0 12-16 before 88-90
1788041354.306165 screen_write_collect_trim: 0x10a0a4900 17-17 before 88-90
1788041354.306166 screen_write_collect_trim: 0x10a0a4960 20-21 before 88-90
1788041354.306168 screen_write_collect_trim: 0x10a0a49c0 23-25 before 88-90
1788041354.306169 screen_write_collect_trim: 0x10a0a6a00 27-30 before 88-90
1788041354.306171 screen_write_collect_trim: 0x10a0a69a0 33-34 before 88-90
1788041354.306172 screen_write_collect_trim: 0x10a0a6940 36-38 before 88-90
1788041354.306174 screen_write_collect_trim: 0x10a0a68e0 40-43 before 88-90
1788041354.306176 screen_write_collect_trim: 0x10a0a6880 46-47 before 88-90
1788041354.306177 screen_write_collect_trim: 0x10a0a6820 49-51 before 88-90
1788041354.306179 screen_write_collect_trim: 0x10a0a67c0 53-56 before 88-90
1788041354.306181 screen_write_collect_trim: 0x10a0a6760 59-60 before 88-90
1788041354.306182 screen_write_collect_trim: 0x10a0a6700 62-64 before 88-90
1788041354.306184 screen_write_collect_trim: 0x10a0a4420 66-69 before 88-90
1788041354.306185 screen_write_collect_trim: 0x10a0a40c0 72-73 before 88-90
1788041354.306187 screen_write_collect_trim: 0x10a0a4120 75-77 before 88-90
1788041354.306188 screen_write_collect_trim: 0x10a0a6b20 79-82 before 88-90
1788041354.306190 screen_write_collect_trim: 0x10a0a6b80 85-86 before 88-90
1788041354.306191 screen_write_collect_end: 3     (at 88,1)
1788041354.306193 input_csi_dispatch: 'H' "" "2;93"
1788041354.306195 parameter 0: number 2
1788041354.306196 parameter 1: number 93
1788041354.306198 screen_write_cursormove: from 91,1 to 92,1
1788041354.306199 screen_write_collect_trim: 0x10a0a47e0 1-9 before 92-95
1788041354.306201 screen_write_collect_trim: 0x10a0a4840 10-11 before 92-95
1788041354.306203 screen_write_collect_trim: 0x10a0a48a0 12-16 before 92-95
1788041354.306204 screen_write_collect_trim: 0x10a0a4900 17-17 before 92-95
1788041354.306206 screen_write_collect_trim: 0x10a0a4960 20-21 before 92-95
1788041354.306207 screen_write_collect_trim: 0x10a0a49c0 23-25 before 92-95
1788041354.306209 screen_write_collect_trim: 0x10a0a6a00 27-30 before 92-95
1788041354.306210 screen_write_collect_trim: 0x10a0a69a0 33-34 before 92-95
1788041354.306212 screen_write_collect_trim: 0x10a0a6940 36-38 before 92-95
1788041354.306214 screen_write_collect_trim: 0x10a0a68e0 40-43 before 92-95
1788041354.306215 screen_write_collect_trim: 0x10a0a6880 46-47 before 92-95
1788041354.306217 screen_write_collect_trim: 0x10a0a6820 49-51 before 92-95
1788041354.306218 screen_write_collect_trim: 0x10a0a67c0 53-56 before 92-95
1788041354.306220 screen_write_collect_trim: 0x10a0a6760 59-60 before 92-95
1788041354.306221 screen_write_collect_trim: 0x10a0a6700 62-64 before 92-95
1788041354.306222 screen_write_collect_trim: 0x10a0a4420 66-69 before 92-95
1788041354.306224 screen_write_collect_trim: 0x10a0a40c0 72-73 before 92-95
1788041354.306225 screen_write_collect_trim: 0x10a0a4120 75-77 before 92-95
1788041354.306227 screen_write_collect_trim: 0x10a0a6b20 79-82 before 92-95
1788041354.306229 screen_write_collect_trim: 0x10a0a6b80 85-86 before 92-95
1788041354.306230 screen_write_collect_trim: 0x10a0a66a0 88-90 before 92-95
1788041354.306231 screen_write_collect_end: 4      (at 92,1)
1788041354.306233 utf8_to_data: 41000036 -> (1 1 6)
1788041354.306234 utf8_from_data: (1 1  ) -> 41000020
1788041354.306236 utf8_from_data: (1 1  ) -> 41000020
1788041354.306237 utf8_from_data: (1 1  ) -> 41000020
1788041354.306239 utf8_from_data: (1 1  ) -> 41000020
1788041354.306241 input_csi_dispatch: 'H' "" "3;2"
1788041354.306242 parameter 0: number 3
1788041354.306243 parameter 1: number 2
1788041354.306245 screen_write_cursormove: from 96,1 to 1,2
1788041354.306247 input_csi_dispatch: 'm' "" "38;2;98;114;164;49"
1788041354.306249 parameter 0: number 38
1788041354.306250 parameter 1: number 2
1788041354.306252 parameter 2: number 98
1788041354.306253 parameter 3: number 114
1788041354.306255 parameter 4: number 164
1788041354.306256 parameter 5: number 49
1788041354.306258 screen_write_collect_end: 9 Command   (at 1,2)
1788041354.306260 utf8_from_data: (1 1 C) -> 41000043
1788041354.306261 utf8_from_data: (1 1 C) -> 41000043
1788041354.306263 utf8_from_data: (1 1 C) -> 41000043
1788041354.306265 utf8_from_data: (1 1 C) -> 41000043
1788041354.306266 utf8_from_data: (1 1 C) -> 41000043
1788041354.306268 utf8_from_data: (1 1 C) -> 41000043
1788041354.306269 utf8_from_data: (1 1 C) -> 41000043
1788041354.306271 utf8_from_data: (1 1 C) -> 41000043
1788041354.306272 utf8_from_data: (1 1 C) -> 41000043
1788041354.306274 input_csi_dispatch: 'm' "" "39;49"
1788041354.306275 parameter 0: number 39
1788041354.306276 parameter 1: number 49
1788041354.306278 screen_write_collect_trim: 0x10a0a65e0 1-9 before 10-17
1788041354.306280 screen_write_collect_end: 8   printf (at 10,2)
1788041354.306281 utf8_from_data: (1 1  ) -> 41000020
1788041354.306283 utf8_from_data: (1 1  ) -> 41000020
1788041354.306284 utf8_from_data: (1 1  ) -> 41000020
1788041354.306285 utf8_from_data: (1 1  ) -> 41000020
1788041354.306287 input_csi_dispatch: 'H' "" "3;20"
1788041354.306288 parameter 0: number 3
1788041354.306290 parameter 1: number 20
1788041354.306291 screen_write_cursormove: from 18,2 to 19,2
1788041354.306293 screen_write_collect_trim: 0x10a0a65e0 1-9 before 19-30
1788041354.306294 screen_write_collect_trim: 0x10a0a6580 10-17 before 19-30
1788041354.306296 screen_write_collect_end: 12 'Interactive (at 19,2)
1788041354.306297 utf8_from_data: (1 1 ') -> 41000027
1788041354.306299 utf8_from_data: (1 1 ') -> 41000027
1788041354.306300 utf8_from_data: (1 1 ') -> 41000027
1788041354.306302 utf8_from_data: (1 1 ') -> 41000027
1788041354.306303 input_csi_dispatch: 'H' "" "3;33"
1788041354.306306 parameter 0: number 3
1788041354.306308 parameter 1: number 33
1788041354.306309 screen_write_cursormove: from 31,2 to 32,2
1788041354.306311 screen_write_collect_trim: 0x10a0a65e0 1-9 before 32-43
1788041354.306313 screen_write_collect_trim: 0x10a0a6580 10-17 before 32-43
1788041354.306314 screen_write_collect_trim: 0x10a0a6520 19-30 before 32-43
1788041354.306316 screen_write_collect_end: 12 prompt [Y/n] (at 32,2)
1788041354.306317 utf8_from_data: (1 1 p) -> 41000070
1788041354.306318 utf8_from_data: (1 1 p) -> 41000070
1788041354.306320 utf8_from_data: (1 1 p) -> 41000070
1788041354.306321 utf8_from_data: (1 1 p) -> 41000070
1788041354.306323 input_csi_dispatch: 'H' "" "3;46"
1788041354.306324 parameter 0: number 3
1788041354.306326 parameter 1: number 46
1788041354.306327 screen_write_cursormove: from 44,2 to 45,2
1788041354.306329 screen_write_collect_trim: 0x10a0a65e0 1-9 before 45-64
1788041354.306331 screen_write_collect_trim: 0x10a0a6580 10-17 before 45-64
1788041354.306332 screen_write_collect_trim: 0x10a0a6520 19-30 before 45-64
1788041354.306334 screen_write_collect_trim: 0x10a0a64c0 32-43 before 45-64
1788041354.306335 screen_write_collect_end: 20 '; sleep 0.5; printf (at 45,2)
1788041354.306337 utf8_from_data: (1 1 ') -> 41000027
1788041354.306338 utf8_from_data: (1 1 ') -> 41000027
1788041354.306340 utf8_from_data: (1 1 ') -> 41000027
1788041354.306341 utf8_from_data: (1 1 ') -> 41000027
1788041354.306343 input_csi_dispatch: 'H' "" "3;67"
1788041354.306345 parameter 0: number 3
1788041354.306346 parameter 1: number 67
1788041354.306347 screen_write_cursormove: from 65,2 to 66,2
1788041354.306349 screen_write_collect_trim: 0x10a0a65e0 1-9 before 66-96
1788041354.306351 screen_write_collect_trim: 0x10a0a6580 10-17 before 66-96
1788041354.306352 screen_write_collect_trim: 0x10a0a6520 19-30 before 66-96
1788041354.306354 screen_write_collect_trim: 0x10a0a64c0 32-43 before 66-96
1788041354.306356 screen_write_collect_trim: 0x10a0a4300 45-64 before 66-96
1788041354.306357 screen_write_collect_end: 31 ''; printf '10%%20%%30%%'; echo (at 66,2)
1788041354.306359 utf8_to_data: 41000036 -> (1 1 6)
1788041354.306360 utf8_from_data: (1 1 ') -> 41000027
1788041354.306362 utf8_from_data: (1 1 ') -> 41000027
1788041354.306364 utf8_from_data: (1 1 ') -> 41000027
1788041354.306366 utf8_from_data: (1 1 ') -> 41000027
1788041354.306368 utf8_from_data: (1 1 ') -> 41000027
1788041354.306370 utf8_from_data: (1 1 ') -> 41000027
1788041354.306372 utf8_from_data: (1 1 ') -> 41000027
1788041354.306374 utf8_from_data: (1 1 ') -> 41000027
1788041354.306376 utf8_from_data: (1 1 ') -> 41000027
1788041354.306378 utf8_from_data: (1 1 ') -> 41000027
1788041354.306380 utf8_from_data: (1 1 ') -> 41000027
1788041354.306382 utf8_from_data: (1 1 ') -> 41000027
1788041354.306384 input_csi_dispatch: 'H' "" "3;99"
1788041354.306386 parameter 0: number 3
1788041354.306388 parameter 1: number 99
1788041354.306390 screen_write_cursormove: from 97,2 to 98,2
1788041354.306392 screen_write_collect_trim: 0x10a0a65e0 1-9 before 98-98
1788041354.306394 screen_write_collect_trim: 0x10a0a6580 10-17 before 98-98
1788041354.306395 screen_write_collect_trim: 0x10a0a6520 19-30 before 98-98
1788041354.306398 screen_write_collect_trim: 0x10a0a64c0 32-43 before 98-98
1788041354.306399 screen_write_collect_trim: 0x10a0a4300 45-64 before 98-98
1788041354.306401 screen_write_collect_trim: 0x10a0a4060 66-96 before 98-98
1788041354.306403 screen_write_collect_end: 1 ' (at 98,2)
1788041354.306406 input_csi_dispatch: 'H' "" "4;2"
1788041354.306408 parameter 0: number 4
1788041354.306409 parameter 1: number 2
1788041354.306411 screen_write_cursormove: from 99,2 to 1,3
1788041354.306414 input_csi_dispatch: 'm' "" "38;2;98;114;164;49"
1788041354.306416 parameter 0: number 38
1788041354.306417 parameter 1: number 2
1788041354.306419 parameter 2: number 98
1788041354.306420 parameter 3: number 114
1788041354.306421 parameter 4: number 164
1788041354.306423 parameter 5: number 49
1788041354.306425 screen_write_collect_end: 9 Last run  (at 1,3)
1788041354.306427 utf8_from_data: (1 1 L) -> 4100004c
1788041354.306428 utf8_from_data: (1 1 L) -> 4100004c
1788041354.306430 utf8_from_data: (1 1 L) -> 4100004c
1788041354.306431 utf8_from_data: (1 1 L) -> 4100004c
1788041354.306433 utf8_from_data: (1 1 L) -> 4100004c
1788041354.306436 utf8_from_data: (1 1 L) -> 4100004c
1788041354.306438 utf8_from_data: (1 1 L) -> 4100004c
1788041354.306439 utf8_from_data: (1 1 L) -> 4100004c
1788041354.306441 utf8_from_data: (1 1 L) -> 4100004c
1788041354.306443 input_csi_dispatch: 'm' "" "39;49"
1788041354.306445 parameter 0: number 39
1788041354.306446 parameter 1: number 49
1788041354.306448 screen_write_collect_trim: 0x10a0a6d00 1-9 before 10-12
1788041354.306450 screen_write_collect_end: 3   1 (at 10,3)
1788041354.306451 input_csi_dispatch: 'H' "" "4;15"
1788041354.306452 parameter 0: number 4
1788041354.306454 parameter 1: number 15
1788041354.306456 screen_write_cursormove: from 13,3 to 14,3
1788041354.306457 screen_write_collect_trim: 0x10a0a6d00 1-9 before 14-21
1788041354.306459 screen_write_collect_trim: 0x10a0a6d60 10-12 before 14-21
1788041354.306461 screen_write_collect_end: 8 min ago  (at 14,3)
1788041354.306463 utf8_to_data: 41000036 -> (1 1 6)
1788041354.306465 utf8_from_data: (1 1 m) -> 4100006d
1788041354.306467 utf8_from_data: (1 1 m) -> 4100006d
1788041354.306469 utf8_from_data: (1 1 m) -> 4100006d
1788041354.306470 utf8_from_data: (1 1 m) -> 4100006d
1788041354.306472 UTF-8 \302\267 is U+0000B7
1788041354.306474 utf8proc_wcwidth(000B7) returned 1
1788041354.306476 input_top_bit_set 2 '\302\267' (width 1)
1788041354.306478 collect list: x=1 (last 4294967295), y=1, used=9
1788041354.306481 collect list: x=10 (last 1), y=1, used=2
1788041354.306482 collect list: x=12 (last 10), y=1, used=5
1788041354.306484 collect list: x=17 (last 12), y=1, used=1
1788041354.306485 collect list: x=20 (last 17), y=1, used=2
1788041354.306487 collect list: x=23 (last 20), y=1, used=3
1788041354.306488 collect list: x=27 (last 23), y=1, used=4
1788041354.306489 collect list: x=33 (last 27), y=1, used=2
1788041354.306491 collect list: x=36 (last 33), y=1, used=3
1788041354.306492 collect list: x=40 (last 36), y=1, used=4
1788041354.306494 collect list: x=46 (last 40), y=1, used=2
1788041354.306495 collect list: x=49 (last 46), y=1, used=3
1788041354.306496 collect list: x=53 (last 49), y=1, used=4
1788041354.306498 collect list: x=59 (last 53), y=1, used=2
1788041354.306499 collect list: x=62 (last 59), y=1, used=3
1788041354.306501 collect list: x=66 (last 62), y=1, used=4
1788041354.306502 collect list: x=72 (last 66), y=1, used=2
1788041354.306503 collect list: x=75 (last 72), y=1, used=3
1788041354.306505 collect list: x=79 (last 75), y=1, used=4
1788041354.306506 collect list: x=85 (last 79), y=1, used=2
1788041354.306508 collect list: x=88 (last 85), y=1, used=3
1788041354.306509 collect list: x=92 (last 88), y=1, used=4
1788041354.306510 collect list: x=1 (last 4294967295), y=2, used=9
1788041354.306512 collect list: x=10 (last 1), y=2, used=8
1788041354.306514 collect list: x=19 (last 10), y=2, used=12
1788041354.306515 collect list: x=32 (last 19), y=2, used=12
1788041354.306516 collect list: x=45 (last 32), y=2, used=20
1788041354.306518 collect list: x=66 (last 45), y=2, used=31
1788041354.306519 collect list: x=98 (last 66), y=2, used=1
1788041354.306521 collect list: x=1 (last 4294967295), y=3, used=9
1788041354.306522 collect list: x=10 (last 1), y=3, used=3
1788041354.306523 collect list: x=14 (last 10), y=3, used=8
1788041354.306525 screen_write_collect_flush: flushed 32 items (screen_write_collect_add)
1788041354.306527 screen_write_combine: character \302\267 at 22,3 (width 1)
1788041354.306528 UTF-8   is U+000020
1788041354.306530 UTF-8 \302\267 is U+0000B7
1788041354.306531 UTF-8 \302\267 is U+0000B7
1788041354.306533 UTF-8   is U+000020
1788041354.306535 utf8_from_data: (1 2 \302\267) -> 4200b7c2
1788041354.306537 input_csi_dispatch: 'H' "" "4;25"
1788041354.306538 parameter 0: number 4
1788041354.306539 parameter 1: number 25
1788041354.306541 screen_write_cursormove: from 23,3 to 24,3
1788041354.306543 input_csi_dispatch: 'm' "" "38;2;80;250;123;49"
1788041354.306544 parameter 0: number 38
1788041354.306545 parameter 1: number 2
1788041354.306547 parameter 2: number 80
1788041354.306548 parameter 3: number 250
1788041354.306550 parameter 4: number 123
1788041354.306551 parameter 5: number 49
1788041354.306553 screen_write_collect_end: 2 ok (at 24,3)
1788041354.306555 utf8_from_data: (1 1 o) -> 4100006f
1788041354.306557 utf8_from_data: (1 1 o) -> 4100006f
1788041354.306559 input_csi_dispatch: 'H' "" "4;28"
1788041354.306560 parameter 0: number 4
1788041354.306562 parameter 1: number 28
1788041354.306563 screen_write_cursormove: from 26,3 to 27,3
1788041354.306565 input_csi_dispatch: 'm' "" "39;49"
1788041354.306566 parameter 0: number 39
1788041354.306567 parameter 1: number 49
1788041354.306569 screen_write_collect_trim: 0x10a0a6a60 24-25 before 27-30
1788041354.306570 screen_write_collect_end: 4 (2s) (at 27,3)
1788041354.306572 utf8_to_data: 41000036 -> (1 1 6)
1788041354.306573 utf8_from_data: (1 1 () -> 41000028
1788041354.306575 utf8_from_data: (1 1 () -> 41000028
1788041354.306576 utf8_from_data: (1 1 () -> 41000028
1788041354.306578 utf8_from_data: (1 1 () -> 41000028
1788041354.306580 input_csi_dispatch: 'H' "" "5;2"
1788041354.306581 parameter 0: number 5
1788041354.306583 parameter 1: number 2
1788041354.306585 screen_write_cursormove: from 31,3 to 1,4
1788041354.306587 input_csi_dispatch: 'm' "" "38;2;98;114;164;49"
1788041354.306588 parameter 0: number 38
1788041354.306590 parameter 1: number 2
1788041354.306591 parameter 2: number 98
1788041354.306592 parameter 3: number 114
1788041354.306594 parameter 4: number 164
1788041354.306595 parameter 5: number 49
1788041354.306597 screen_write_collect_end: 9 Sudo      (at 1,4)
1788041354.306598 utf8_from_data: (1 1 S) -> 41000053
1788041354.306600 utf8_from_data: (1 1 S) -> 41000053
1788041354.306603 utf8_from_data: (1 1 S) -> 41000053
1788041354.306605 utf8_from_data: (1 1 S) -> 41000053
1788041354.306607 utf8_from_data: (1 1 S) -> 41000053
1788041354.306610 utf8_from_data: (1 1 S) -> 41000053
1788041354.306612 utf8_from_data: (1 1 S) -> 41000053
1788041354.306614 utf8_from_data: (1 1 S) -> 41000053
1788041354.306615 utf8_from_data: (1 1 S) -> 41000053
1788041354.306617 utf8_to_data: 41000023 -> (1 1 #)
1788041354.306619 input_csi_dispatch: 'm' "" "39;49"
1788041354.306620 parameter 0: number 39
1788041354.306621 parameter 1: number 49
1788041354.306623 screen_write_collect_trim: 0x10a0a4540 1-9 before 10-11
1788041354.306625 screen_write_collect_end: 2    (at 10,4)
1788041354.306626 utf8_to_data: 41000023 -> (1 1 #)
1788041354.306629 utf8_from_data: (1 1  ) -> 41000020
1788041354.306630 utf8_from_data: (1 1  ) -> 41000020
1788041354.306632 utf8_to_data: 41000023 -> (1 1 #)
1788041354.306633 input_csi_dispatch: 'm' "" "38;2;98;114;164;49"
1788041354.306635 parameter 0: number 38
1788041354.306636 parameter 1: number 2
1788041354.306638 parameter 2: number 98
1788041354.306639 parameter 3: number 114
1788041354.306640 parameter 4: number 164
1788041354.306642 parameter 5: number 49
1788041354.306643 screen_write_collect_trim: 0x10a0a4540 1-9 before 12-29
1788041354.306645 screen_write_collect_trim: 0x10a0a45a0 10-11 before 12-29
1788041354.306646 screen_write_collect_end: 18 checking keychain  (at 12,4)
1788041354.306648 utf8_to_data: 41000023 -> (1 1 #)
1788041354.306649 utf8_from_data: (1 1 c) -> 41000063
1788041354.306651 utf8_from_data: (1 1 c) -> 41000063
1788041354.306652 utf8_from_data: (1 1 c) -> 41000063
1788041354.306654 utf8_from_data: (1 1 c) -> 41000063
1788041354.306655 utf8_from_data: (1 1 c) -> 41000063
1788041354.306657 utf8_from_data: (1 1 c) -> 41000063
1788041354.306659 utf8_from_data: (1 1 c) -> 41000063
1788041354.306660 utf8_from_data: (1 1 c) -> 41000063
1788041354.306662 utf8_from_data: (1 1 c) -> 41000063
1788041354.306663 utf8_from_data: (1 1 c) -> 41000063
1788041354.306665 utf8_from_data: (1 1 c) -> 41000063
1788041354.306666 utf8_from_data: (1 1 c) -> 41000063
1788041354.306667 utf8_from_data: (1 1 c) -> 41000063
1788041354.306669 utf8_from_data: (1 1 c) -> 41000063
1788041354.306670 utf8_from_data: (1 1 c) -> 41000063
1788041354.306672 utf8_from_data: (1 1 c) -> 41000063
1788041354.306673 utf8_from_data: (1 1 c) -> 41000063
1788041354.306674 utf8_from_data: (1 1 c) -> 41000063
1788041354.306676 utf8_to_data: 41000023 -> (1 1 #)
1788041354.306677 UTF-8 \302\267 is U+0000B7
1788041354.306679 utf8proc_wcwidth(000B7) returned 1
1788041354.306680 input_top_bit_set 2 '\302\267' (width 1)
1788041354.306682 collect list: x=24 (last 4294967295), y=3, used=2
1788041354.306683 collect list: x=27 (last 24), y=3, used=4
1788041354.306685 collect list: x=1 (last 4294967295), y=4, used=9
1788041354.306686 collect list: x=10 (last 1), y=4, used=2
1788041354.306688 collect list: x=12 (last 10), y=4, used=18
1788041354.306689 screen_write_collect_flush: flushed 5 items (screen_write_collect_add)
1788041354.306691 screen_write_combine: character \302\267 at 30,4 (width 1)
1788041354.306693 utf8_to_data: 41000020 -> (1 1  )
1788041354.306694 UTF-8   is U+000020
1788041354.306696 UTF-8 \302\267 is U+0000B7
1788041354.306697 UTF-8 \302\267 is U+0000B7
1788041354.306699 UTF-8   is U+000020
1788041354.306700 utf8_to_data: 41000023 -> (1 1 #)
1788041354.306702 utf8_from_data: (1 2 \302\267) -> 4200b7c2
1788041354.306704 screen_write_collect_end: 12  not started (at 31,4)
1788041354.306705 utf8_to_data: 41000023 -> (1 1 #)
1788041354.306707 utf8_from_data: (1 1  ) -> 41000020
1788041354.306709 utf8_from_data: (1 1  ) -> 41000020
1788041354.306710 utf8_from_data: (1 1  ) -> 41000020
1788041354.306711 utf8_from_data: (1 1  ) -> 41000020
1788041354.306713 utf8_from_data: (1 1  ) -> 41000020
1788041354.306714 utf8_from_data: (1 1  ) -> 41000020
1788041354.306716 utf8_from_data: (1 1  ) -> 41000020
1788041354.306717 utf8_from_data: (1 1  ) -> 41000020
1788041354.306718 utf8_from_data: (1 1  ) -> 41000020
1788041354.306720 utf8_from_data: (1 1  ) -> 41000020
1788041354.306721 utf8_from_data: (1 1  ) -> 41000020
1788041354.306723 utf8_from_data: (1 1  ) -> 41000020
1788041354.306725 utf8_to_data: 4100002e -> (1 1 .)
1788041354.306727 input_csi_dispatch: 'm' "" "39;49"
1788041354.306729 parameter 0: number 39
1788041354.306730 parameter 1: number 49
1788041354.306732 screen_write_collect_trim: 0x10a0a4660 31-42 before 43-73
1788041354.306733 screen_write_collect_end: 31                                 (at 43,4)
1788041354.306735 utf8_to_data: 4100002e -> (1 1 .)
1788041354.306736 utf8_from_data: (1 1  ) -> 41000020
1788041354.306738 utf8_from_data: (1 1  ) -> 41000020
1788041354.306739 utf8_from_data: (1 1  ) -> 41000020
1788041354.306741 utf8_from_data: (1 1  ) -> 41000020
1788041354.306742 utf8_from_data: (1 1  ) -> 41000020
1788041354.306744 utf8_from_data: (1 1  ) -> 41000020
1788041354.306745 utf8_from_data: (1 1  ) -> 41000020
1788041354.306747 utf8_from_data: (1 1  ) -> 41000020
1788041354.306748 utf8_from_data: (1 1  ) -> 41000020
1788041354.306750 utf8_from_data: (1 1  ) -> 41000020
1788041354.306751 utf8_from_data: (1 1  ) -> 41000020
1788041354.306753 utf8_from_data: (1 1  ) -> 41000020
1788041354.306754 utf8_from_data: (1 1  ) -> 41000020
1788041354.306756 utf8_from_data: (1 1  ) -> 41000020
1788041354.306757 utf8_from_data: (1 1  ) -> 41000020
1788041354.306759 utf8_from_data: (1 1  ) -> 41000020
1788041354.306760 utf8_from_data: (1 1  ) -> 41000020
1788041354.306761 utf8_from_data: (1 1  ) -> 41000020
1788041354.306763 utf8_from_data: (1 1  ) -> 41000020
1788041354.306765 utf8_from_data: (1 1  ) -> 41000020
1788041354.306766 utf8_from_data: (1 1  ) -> 41000020
1788041354.306768 utf8_from_data: (1 1  ) -> 41000020
1788041354.306769 utf8_from_data: (1 1  ) -> 41000020
1788041354.306771 utf8_from_data: (1 1  ) -> 41000020
1788041354.306772 utf8_from_data: (1 1  ) -> 41000020
1788041354.306773 utf8_from_data: (1 1  ) -> 41000020
1788041354.306775 utf8_from_data: (1 1  ) -> 41000020
1788041354.306776 utf8_from_data: (1 1  ) -> 41000020
1788041354.306778 utf8_from_data: (1 1  ) -> 41000020
1788041354.306779 utf8_from_data: (1 1  ) -> 41000020
1788041354.306781 utf8_from_data: (1 1  ) -> 41000020
1788041354.306783 input_csi_dispatch: 'H' "" "5;76"
1788041354.306784 parameter 0: number 5
1788041354.306786 parameter 1: number 76
1788041354.306787 screen_write_cursormove: from 74,4 to 75,4
1788041354.306789 screen_write_collect_trim: 0x10a0a4660 31-42 before 75-78
1788041354.306790 screen_write_collect_trim: 0x10a0a46c0 43-73 before 75-78
1788041354.306792 screen_write_collect_end: 4      (at 75,4)
1788041354.306793 utf8_to_data: 41000020 -> (1 1  )
1788041354.306794 utf8_from_data: (1 1  ) -> 41000020
1788041354.306796 utf8_from_data: (1 1  ) -> 41000020
1788041354.306797 utf8_from_data: (1 1  ) -> 41000020
1788041354.306799 utf8_from_data: (1 1  ) -> 41000020
1788041354.306800 input_csi_dispatch: 'H' "" "5;81"
1788041354.306801 parameter 0: number 5
1788041354.306803 parameter 1: number 81
1788041354.306804 screen_write_cursormove: from 79,4 to 80,4
1788041354.306806 screen_write_collect_trim: 0x10a0a4660 31-42 before 80-98
1788041354.306807 screen_write_collect_trim: 0x10a0a46c0 43-73 before 80-98
1788041354.306809 screen_write_collect_trim: 0x10a0a4720 75-78 before 80-98
1788041354.306810 screen_write_collect_end: 19                     (at 80,4)
1788041354.306812 utf8_to_data: 41000033 -> (1 1 3)
1788041354.306813 utf8_from_data: (1 1  ) -> 41000020
1788041354.306814 utf8_from_data: (1 1  ) -> 41000020
1788041354.306816 utf8_from_data: (1 1  ) -> 41000020
1788041354.306817 utf8_from_data: (1 1  ) -> 41000020
1788041354.306818 utf8_from_data: (1 1  ) -> 41000020
1788041354.306820 utf8_from_data: (1 1  ) -> 41000020
1788041354.306821 utf8_from_data: (1 1  ) -> 41000020
1788041354.306823 utf8_from_data: (1 1  ) -> 41000020
1788041354.306824 utf8_from_data: (1 1  ) -> 41000020
1788041354.306826 utf8_from_data: (1 1  ) -> 41000020
1788041354.306827 utf8_from_data: (1 1  ) -> 41000020
1788041354.306828 utf8_from_data: (1 1  ) -> 41000020
1788041354.306830 utf8_from_data: (1 1  ) -> 41000020
1788041354.306831 utf8_from_data: (1 1  ) -> 41000020
1788041354.306832 utf8_from_data: (1 1  ) -> 41000020
1788041354.306834 utf8_from_data: (1 1  ) -> 41000020
1788041354.306835 utf8_from_data: (1 1  ) -> 41000020
1788041354.306836 utf8_from_data: (1 1  ) -> 41000020
1788041354.306838 utf8_from_data: (1 1  ) -> 41000020
1788041354.306839 input_csi_dispatch: 'H' "" "6;3"
1788041354.306840 parameter 0: number 6
1788041354.306842 parameter 1: number 3
1788041354.306843 screen_write_cursormove: from 99,4 to 2,5
1788041354.306845 screen_write_collect_end: 3     (at 2,5)
1788041354.306847 utf8_to_data: 41000044 -> (1 1 D)
1788041354.306848 utf8_from_data: (1 1  ) -> 41000020
1788041354.306849 utf8_from_data: (1 1  ) -> 41000020
1788041354.306851 utf8_from_data: (1 1  ) -> 41000020
1788041354.306852 input_csi_dispatch: 'H' "" "6;7"
1788041354.306854 parameter 0: number 6
1788041354.306855 parameter 1: number 7
1788041354.306857 screen_write_cursormove: from 5,5 to 6,5
1788041354.306859 screen_write_collect_trim: 0x10a0a47e0 2-4 before 6-73
1788041354.306860 screen_write_collect_end: 68                                                                      (at 6,5)
1788041354.306862 utf8_to_data: 4100005b -> (1 1 [)
1788041354.306863 utf8_from_data: (1 1  ) -> 41000020
1788041354.306865 utf8_from_data: (1 1  ) -> 41000020
1788041354.306866 utf8_from_data: (1 1  ) -> 41000020
1788041354.306867 utf8_from_data: (1 1  ) -> 41000020
1788041354.306869 utf8_from_data: (1 1  ) -> 41000020
1788041354.306870 utf8_from_data: (1 1  ) -> 41000020
1788041354.306872 utf8_from_data: (1 1  ) -> 41000020
1788041354.306873 utf8_from_data: (1 1  ) -> 41000020
1788041354.306875 utf8_from_data: (1 1  ) -> 41000020
1788041354.306876 utf8_from_data: (1 1  ) -> 41000020
1788041354.306878 utf8_from_data: (1 1  ) -> 41000020
1788041354.306879 utf8_from_data: (1 1  ) -> 41000020
1788041354.306880 utf8_from_data: (1 1  ) -> 41000020
1788041354.306882 utf8_from_data: (1 1  ) -> 41000020
1788041354.306883 utf8_from_data: (1 1  ) -> 41000020
1788041354.306885 utf8_from_data: (1 1  ) -> 41000020
1788041354.306887 utf8_from_data: (1 1  ) -> 41000020
1788041354.306888 utf8_from_data: (1 1  ) -> 41000020
1788041354.306889 utf8_from_data: (1 1  ) -> 41000020
1788041354.306891 utf8_from_data: (1 1  ) -> 41000020
1788041354.306892 utf8_from_data: (1 1  ) -> 41000020
1788041354.306894 utf8_from_data: (1 1  ) -> 41000020
1788041354.306896 utf8_from_data: (1 1  ) -> 41000020
1788041354.306898 utf8_from_data: (1 1  ) -> 41000020
1788041354.306899 utf8_from_data: (1 1  ) -> 41000020
1788041354.306902 utf8_from_data: (1 1  ) -> 41000020
1788041354.306904 utf8_from_data: (1 1  ) -> 41000020
1788041354.306905 utf8_from_data: (1 1  ) -> 41000020
1788041354.306907 utf8_from_data: (1 1  ) -> 41000020
1788041354.306908 utf8_from_data: (1 1  ) -> 41000020
1788041354.306909 utf8_from_data: (1 1  ) -> 41000020
1788041354.306911 utf8_from_data: (1 1  ) -> 41000020
1788041354.306912 utf8_from_data: (1 1  ) -> 41000020
1788041354.306913 utf8_from_data: (1 1  ) -> 41000020
1788041354.306915 utf8_from_data: (1 1  ) -> 41000020
1788041354.306916 utf8_from_data: (1 1  ) -> 41000020
1788041354.306917 utf8_from_data: (1 1  ) -> 41000020
1788041354.306919 utf8_from_data: (1 1  ) -> 41000020
1788041354.306920 utf8_from_data: (1 1  ) -> 41000020
1788041354.306921 utf8_from_data: (1 1  ) -> 41000020
1788041354.306923 utf8_from_data: (1 1  ) -> 41000020
1788041354.306924 utf8_from_data: (1 1  ) -> 41000020
1788041354.306925 utf8_from_data: (1 1  ) -> 41000020
1788041354.306927 utf8_from_data: (1 1  ) -> 41000020
1788041354.306928 utf8_from_data: (1 1  ) -> 41000020
1788041354.306930 utf8_from_data: (1 1  ) -> 41000020
1788041354.306931 utf8_from_data: (1 1  ) -> 41000020
1788041354.306932 utf8_from_data: (1 1  ) -> 41000020
1788041354.306934 utf8_from_data: (1 1  ) -> 41000020
1788041354.306935 utf8_from_data: (1 1  ) -> 41000020
1788041354.306936 utf8_from_data: (1 1  ) -> 41000020
1788041354.306938 utf8_from_data: (1 1  ) -> 41000020
1788041354.306939 utf8_from_data: (1 1  ) -> 41000020
1788041354.306940 utf8_from_data: (1 1  ) -> 41000020
1788041354.306942 utf8_from_data: (1 1  ) -> 41000020
1788041354.306943 utf8_from_data: (1 1  ) -> 41000020
1788041354.306945 utf8_from_data: (1 1  ) -> 41000020
1788041354.306946 utf8_from_data: (1 1  ) -> 41000020
1788041354.306948 utf8_from_data: (1 1  ) -> 41000020
1788041354.306949 utf8_from_data: (1 1  ) -> 41000020
1788041354.306951 utf8_from_data: (1 1  ) -> 41000020
1788041354.306952 utf8_from_data: (1 1  ) -> 41000020
1788041354.306954 utf8_from_data: (1 1  ) -> 41000020
1788041354.306955 utf8_from_data: (1 1  ) -> 41000020
1788041354.306956 utf8_from_data: (1 1  ) -> 41000020
1788041354.306958 utf8_from_data: (1 1  ) -> 41000020
1788041354.306959 utf8_from_data: (1 1  ) -> 41000020
1788041354.306961 utf8_from_data: (1 1  ) -> 41000020
1788041354.306963 input_csi_dispatch: 'H' "" "6;76"
1788041354.306965 parameter 0: number 6
1788041354.306967 parameter 1: number 76
1788041354.306969 screen_write_cursormove: from 74,5 to 75,5
1788041354.306970 screen_write_collect_trim: 0x10a0a47e0 2-4 before 75-78
1788041354.306972 screen_write_collect_trim: 0x10a0a4840 6-73 before 75-78
1788041354.306974 screen_write_collect_end: 4      (at 75,5)
1788041354.306975 utf8_to_data: 41000020 -> (1 1  )
1788041354.306976 utf8_from_data: (1 1  ) -> 41000020
1788041354.306978 utf8_from_data: (1 1  ) -> 41000020
1788041354.306979 utf8_from_data: (1 1  ) -> 41000020
1788041354.306981 utf8_from_data: (1 1  ) -> 41000020
1788041354.306982 input_csi_dispatch: 'H' "" "6;81"
1788041354.306983 parameter 0: number 6
1788041354.306985 parameter 1: number 81
1788041354.306986 screen_write_cursormove: from 79,5 to 80,5
1788041354.306988 screen_write_collect_trim: 0x10a0a47e0 2-4 before 80-98
1788041354.306989 screen_write_collect_trim: 0x10a0a4840 6-73 before 80-98
1788041354.306992 screen_write_collect_trim: 0x10a0a48a0 75-78 before 80-98
1788041354.306993 screen_write_collect_end: 19                     (at 80,5)
1788041354.306995 utf8_to_data: 41000037 -> (1 1 7)
1788041354.306996 utf8_from_data: (1 1  ) -> 41000020
1788041354.306998 utf8_from_data: (1 1  ) -> 41000020
1788041354.307008 utf8_from_data: (1 1  ) -> 41000020
1788041354.307009 utf8_from_data: (1 1  ) -> 41000020
1788041354.307011 utf8_from_data: (1 1  ) -> 41000020
1788041354.307013 utf8_from_data: (1 1  ) -> 41000020
1788041354.307014 utf8_from_data: (1 1  ) -> 41000020
1788041354.307016 utf8_from_data: (1 1  ) -> 41000020
1788041354.307017 utf8_from_data: (1 1  ) -> 41000020
1788041354.307019 utf8_from_data: (1 1  ) -> 41000020
1788041354.307020 utf8_from_data: (1 1  ) -> 41000020
1788041354.307022 utf8_from_data: (1 1  ) -> 41000020
1788041354.307023 utf8_from_data: (1 1  ) -> 41000020
1788041354.307025 utf8_from_data: (1 1  ) -> 41000020
1788041354.307026 utf8_from_data: (1 1  ) -> 41000020
1788041354.307028 utf8_from_data: (1 1  ) -> 41000020
1788041354.307029 utf8_from_data: (1 1  ) -> 41000020
1788041354.307031 utf8_from_data: (1 1  ) -> 41000020
1788041354.307033 utf8_from_data: (1 1  ) -> 41000020
1788041354.307035 input_csi_dispatch: 'H' "" "7;2"
1788041354.307036 parameter 0: number 7
1788041354.307038 parameter 1: number 2
1788041354.307039 screen_write_cursormove: from 99,5 to 1,6
1788041354.307041 input_csi_dispatch: 'm' "" "38;2;241;250;140;49"
1788041354.307043 parameter 0: number 38
1788041354.307044 parameter 1: number 2
1788041354.307046 parameter 2: number 241
1788041354.307047 parameter 3: number 250
1788041354.307048 parameter 4: number 140
1788041354.307050 parameter 5: number 49
1788041354.307051 UTF-8 \342\206\222 is U+002192
1788041354.307053 utf8proc_wcwidth(02192) returned 1
1788041354.307055 input_top_bit_set 3 '\342\206\222' (width 1)
1788041354.307057 collect list: x=31 (last 4294967295), y=4, used=12
1788041354.307060 collect list: x=43 (last 31), y=4, used=31
1788041354.307061 collect list: x=75 (last 43), y=4, used=4
1788041354.307064 collect list: x=80 (last 75), y=4, used=19
1788041354.307066 collect list: x=2 (last 4294967295), y=5, used=3
1788041354.307068 collect list: x=6 (last 2), y=5, used=68
1788041354.307069 collect list: x=75 (last 6), y=5, used=4
1788041354.307071 collect list: x=80 (last 75), y=5, used=19
1788041354.307072 screen_write_collect_flush: flushed 8 items (screen_write_collect_add)
1788041354.307074 screen_write_combine: character \342\206\222 at 1,6 (width 1)
1788041354.307075 UTF-8   is U+000020
1788041354.307077 UTF-8 \342\206\222 is U+002192
1788041354.307078 UTF-8 \342\206\222 is U+002192
1788041354.307079 UTF-8   is U+000020
1788041354.307081 utf8_from_data: (1 3 \342\206\222) -> 439286e2
1788041354.307083 screen_write_collect_end: 10  u to run  (at 2,6)
1788041354.307084 utf8_to_data: 4100004e -> (1 1 N)
1788041354.307086 utf8_from_data: (1 1  ) -> 41000020
1788041354.307087 utf8_from_data: (1 1  ) -> 41000020
1788041354.307088 utf8_from_data: (1 1  ) -> 41000020
1788041354.307090 utf8_from_data: (1 1  ) -> 41000020
1788041354.307091 utf8_from_data: (1 1  ) -> 41000020
1788041354.307092 utf8_from_data: (1 1  ) -> 41000020
1788041354.307094 utf8_from_data: (1 1  ) -> 41000020
1788041354.307095 utf8_from_data: (1 1  ) -> 41000020
1788041354.307096 utf8_from_data: (1 1  ) -> 41000020
1788041354.307098 utf8_from_data: (1 1  ) -> 41000020
1788041354.307099 utf8_to_data: 41000020 -> (1 1  )
1788041354.307100 UTF-8 \302\267 is U+0000B7
1788041354.307102 utf8proc_wcwidth(000B7) returned 1
1788041354.307103 input_top_bit_set 2 '\302\267' (width 1)
1788041354.307105 collect list: x=2 (last 4294967295), y=6, used=10
1788041354.307106 screen_write_collect_flush: flushed 1 items (screen_write_collect_add)
1788041354.307108 screen_write_combine: character \302\267 at 12,6 (width 1)
1788041354.307109 utf8_to_data: 41000020 -> (1 1  )
1788041354.307111 UTF-8   is U+000020
1788041354.307112 UTF-8 \302\267 is U+0000B7
1788041354.307113 UTF-8 \302\267 is U+0000B7
1788041354.307115 UTF-8   is U+000020
1788041354.307116 utf8_to_data: 41000020 -> (1 1  )
1788041354.307117 utf8_from_data: (1 2 \302\267) -> 4200b7c2
1788041354.307119 screen_write_collect_end: 13  s to go back (at 13,6)
1788041354.307121 utf8_to_data: 41000020 -> (1 1  )
1788041354.307122 utf8_from_data: (1 1  ) -> 41000020
1788041354.307123 utf8_from_data: (1 1  ) -> 41000020
1788041354.307125 utf8_from_data: (1 1  ) -> 41000020
1788041354.307126 utf8_from_data: (1 1  ) -> 41000020
1788041354.307127 utf8_from_data: (1 1  ) -> 41000020
1788041354.307129 utf8_from_data: (1 1  ) -> 41000020
1788041354.307130 utf8_from_data: (1 1  ) -> 41000020
1788041354.307131 utf8_from_data: (1 1  ) -> 41000020
1788041354.307133 utf8_from_data: (1 1  ) -> 41000020
1788041354.307134 utf8_from_data: (1 1  ) -> 41000020
1788041354.307135 utf8_from_data: (1 1  ) -> 41000020
1788041354.307137 utf8_from_data: (1 1  ) -> 41000020
1788041354.307138 utf8_from_data: (1 1  ) -> 41000020
1788041354.307139 utf8_to_data: 41000020 -> (1 1  )
1788041354.307141 input_csi_dispatch: 'H' "" "8;3"
1788041354.307142 parameter 0: number 8
1788041354.307144 parameter 1: number 3
1788041354.307145 screen_write_cursormove: from 26,6 to 2,7
1788041354.307147 input_csi_dispatch: 'm' "" "39;49"
1788041354.307148 parameter 0: number 39
1788041354.307149 parameter 1: number 49
1788041354.307152 screen_write_collect_end: 96                                                                                                  (at 2,7)
1788041354.307154 utf8_to_data: 438094e2 -> (1 3 \342\224\200)
1788041354.307155 utf8_from_data: (1 1  ) -> 41000020
1788041354.307157 utf8_from_data: (1 1  ) -> 41000020
1788041354.307158 utf8_from_data: (1 1  ) -> 41000020
1788041354.307160 utf8_from_data: (1 1  ) -> 41000020
1788041354.307162 utf8_from_data: (1 1  ) -> 41000020
1788041354.307163 utf8_from_data: (1 1  ) -> 41000020
1788041354.307165 utf8_from_data: (1 1  ) -> 41000020
1788041354.307166 utf8_from_data: (1 1  ) -> 41000020
1788041354.307167 utf8_from_data: (1 1  ) -> 41000020
1788041354.307169 utf8_from_data: (1 1  ) -> 41000020
1788041354.307170 utf8_from_data: (1 1  ) -> 41000020
1788041354.307171 utf8_from_data: (1 1  ) -> 41000020
1788041354.307173 utf8_from_data: (1 1  ) -> 41000020
1788041354.307174 utf8_from_data: (1 1  ) -> 41000020
1788041354.307175 utf8_from_data: (1 1  ) -> 41000020
1788041354.307177 utf8_from_data: (1 1  ) -> 41000020
1788041354.307178 utf8_from_data: (1 1  ) -> 41000020
1788041354.307180 utf8_from_data: (1 1  ) -> 41000020
1788041354.307181 utf8_from_data: (1 1  ) -> 41000020
1788041354.307182 utf8_from_data: (1 1  ) -> 41000020
1788041354.307184 utf8_from_data: (1 1  ) -> 41000020
1788041354.307185 utf8_from_data: (1 1  ) -> 41000020
1788041354.307186 utf8_from_data: (1 1  ) -> 41000020
1788041354.307188 utf8_from_data: (1 1  ) -> 41000020
1788041354.307189 utf8_from_data: (1 1  ) -> 41000020
1788041354.307191 utf8_from_data: (1 1  ) -> 41000020
1788041354.307192 utf8_from_data: (1 1  ) -> 41000020
1788041354.307194 utf8_from_data: (1 1  ) -> 41000020
1788041354.307196 utf8_from_data: (1 1  ) -> 41000020
1788041354.307198 utf8_from_data: (1 1  ) -> 41000020
1788041354.307200 utf8_from_data: (1 1  ) -> 41000020
1788041354.307202 utf8_from_data: (1 1  ) -> 41000020
1788041354.307203 utf8_from_data: (1 1  ) -> 41000020
1788041354.307205 utf8_from_data: (1 1  ) -> 41000020
1788041354.307207 utf8_from_data: (1 1  ) -> 41000020
1788041354.307209 utf8_from_data: (1 1  ) -> 41000020
1788041354.307211 utf8_from_data: (1 1  ) -> 41000020
1788041354.307213 utf8_from_data: (1 1  ) -> 41000020
1788041354.307214 utf8_from_data: (1 1  ) -> 41000020
1788041354.307216 utf8_from_data: (1 1  ) -> 41000020
1788041354.307218 utf8_from_data: (1 1  ) -> 41000020
1788041354.307219 utf8_from_data: (1 1  ) -> 41000020
1788041354.307220 utf8_from_data: (1 1  ) -> 41000020
1788041354.307222 utf8_from_data: (1 1  ) -> 41000020
1788041354.307224 utf8_from_data: (1 1  ) -> 41000020
1788041354.307225 utf8_from_data: (1 1  ) -> 41000020
1788041354.307227 utf8_from_data: (1 1  ) -> 41000020
1788041354.307230 utf8_from_data: (1 1  ) -> 41000020
1788041354.307232 utf8_from_data: (1 1  ) -> 41000020
1788041354.307234 utf8_from_data: (1 1  ) -> 41000020
1788041354.307235 utf8_from_data: (1 1  ) -> 41000020
1788041354.307238 utf8_from_data: (1 1  ) -> 41000020
1788041354.307240 utf8_from_data: (1 1  ) -> 41000020
1788041354.307242 utf8_from_data: (1 1  ) -> 41000020
1788041354.307245 utf8_from_data: (1 1  ) -> 41000020
1788041354.307246 utf8_from_data: (1 1  ) -> 41000020
1788041354.307248 utf8_from_data: (1 1  ) -> 41000020
1788041354.307249 utf8_from_data: (1 1  ) -> 41000020
1788041354.307251 utf8_from_data: (1 1  ) -> 41000020
1788041354.307252 utf8_from_data: (1 1  ) -> 41000020
1788041354.307254 utf8_from_data: (1 1  ) -> 41000020
1788041354.307256 utf8_from_data: (1 1  ) -> 41000020
1788041354.307258 utf8_from_data: (1 1  ) -> 41000020
1788041354.307260 utf8_from_data: (1 1  ) -> 41000020
1788041354.307262 utf8_from_data: (1 1  ) -> 41000020
1788041354.307263 utf8_from_data: (1 1  ) -> 41000020
1788041354.307265 utf8_from_data: (1 1  ) -> 41000020
1788041354.307266 utf8_from_data: (1 1  ) -> 41000020
1788041354.307268 utf8_from_data: (1 1  ) -> 41000020
1788041354.307269 utf8_from_data: (1 1  ) -> 41000020
1788041354.307270 utf8_from_data: (1 1  ) -> 41000020
1788041354.307272 utf8_from_data: (1 1  ) -> 41000020
1788041354.307273 utf8_from_data: (1 1  ) -> 41000020
1788041354.307274 utf8_from_data: (1 1  ) -> 41000020
1788041354.307276 utf8_from_data: (1 1  ) -> 41000020
1788041354.307277 utf8_from_data: (1 1  ) -> 41000020
1788041354.307279 utf8_from_data: (1 1  ) -> 41000020
1788041354.307280 utf8_from_data: (1 1  ) -> 41000020
1788041354.307282 utf8_from_data: (1 1  ) -> 41000020
1788041354.307283 utf8_from_data: (1 1  ) -> 41000020
1788041354.307284 utf8_from_data: (1 1  ) -> 41000020
1788041354.307286 utf8_from_data: (1 1  ) -> 41000020
1788041354.307287 utf8_from_data: (1 1  ) -> 41000020
1788041354.307289 utf8_from_data: (1 1  ) -> 41000020
1788041354.307290 utf8_from_data: (1 1  ) -> 41000020
1788041354.307292 utf8_from_data: (1 1  ) -> 41000020
1788041354.307294 utf8_from_data: (1 1  ) -> 41000020
1788041354.307296 utf8_from_data: (1 1  ) -> 41000020
1788041354.307298 utf8_from_data: (1 1  ) -> 41000020
1788041354.307300 utf8_from_data: (1 1  ) -> 41000020
1788041354.307301 utf8_from_data: (1 1  ) -> 41000020
1788041354.307303 utf8_from_data: (1 1  ) -> 41000020
1788041354.307305 utf8_from_data: (1 1  ) -> 41000020
1788041354.307306 utf8_from_data: (1 1  ) -> 41000020
1788041354.307308 utf8_from_data: (1 1  ) -> 41000020
1788041354.307310 utf8_from_data: (1 1  ) -> 41000020
1788041354.307313 utf8_to_data: 41000020 -> (1 1  )
1788041354.307315 input_csi_dispatch: 'H' "" "9;3"
1788041354.307317 parameter 0: number 9
1788041354.307319 parameter 1: number 3
1788041354.307322 screen_write_cursormove: from 98,7 to 2,8
1788041354.307325 screen_write_collect_end: 20                      (at 2,8)
1788041354.307328 utf8_to_data: 41000020 -> (1 1  )
1788041354.307334 utf8_from_data: (1 1  ) -> 41000020
1788041354.307335 utf8_from_data: (1 1  ) -> 41000020
1788041354.307337 utf8_from_data: (1 1  ) -> 41000020
1788041354.307340 utf8_from_data: (1 1  ) -> 41000020
1788041354.307343 utf8_from_data: (1 1  ) -> 41000020
1788041354.307344 utf8_from_data: (1 1  ) -> 41000020
1788041354.307347 utf8_from_data: (1 1  ) -> 41000020
1788041354.307350 utf8_from_data: (1 1  ) -> 41000020
1788041354.307352 utf8_from_data: (1 1  ) -> 41000020
1788041354.307353 utf8_from_data: (1 1  ) -> 41000020
1788041354.307355 utf8_from_data: (1 1  ) -> 41000020
1788041354.307356 utf8_from_data: (1 1  ) -> 41000020
1788041354.307358 utf8_from_data: (1 1  ) -> 41000020
1788041354.307359 utf8_from_data: (1 1  ) -> 41000020
1788041354.307361 utf8_from_data: (1 1  ) -> 41000020
1788041354.307362 utf8_from_data: (1 1  ) -> 41000020
1788041354.307364 utf8_from_data: (1 1  ) -> 41000020
1788041354.307365 utf8_from_data: (1 1  ) -> 41000020
1788041354.307366 utf8_from_data: (1 1  ) -> 41000020
1788041354.307368 utf8_from_data: (1 1  ) -> 41000020
1788041354.307369 utf8_to_data: 41000020 -> (1 1  )
1788041354.307371 collect list: x=13 (last 4294967295), y=6, used=13
1788041354.307372 collect list: x=2 (last 4294967295), y=7, used=96
1788041354.307374 collect list: x=2 (last 4294967295), y=8, used=20
1788041354.307376 screen_write_collect_flush: flushed 3 items (screen_write_stop)
1788041354.307380 @0 alerts check, alerts 0x2
1788041354.307381 window_remove_ref: @0 alerts_callback, now 1
1788041354.307384 cmdq_next <global>: empty
1788041354.307385 cmdq_next <client-67655>: empty
1788041354.307388 server_client_check_pane_buffer: %0 has 1024 minimum (of 1024) bytes used
1788041354.307390 server_client_check_pane_buffer: pane %0 is on
1788041354.307393 @0 active pane changed
1788041354.307394 @0 name timer queued (102524 left)
1788041354.307407 %0 has 1024 bytes
1788041354.307410 @0 alerts timer reset 0
1788041354.307412 @0 alerts flags added 0x2
1788041354.307414 window_add_ref: @0 alerts_queue, now 2
1788041354.307415 alerts check queued (by @0)
1788041354.307417 screen_write_start_pane: size 100x30, pane %0 (at 0,0)
1788041354.307422 input_parse_buffer: %0 ground, 1024 bytes:                            \033[9;51H \033[9;53H                                               \033[10;3H       \033[10;12H                    \033[10;34H     \033[10;41H         \033[10;51H \033[10;53H       \033[10;62H                    \033[10;84H     \033[10;91H         \033[11;3H       \033[11;12H                    \033[11;34H     \033[11;41H         \033[11;51H \033[11;53H       \033[11;62H                    \033[11;84H     \033[11;91H         \033[12;3H       \033[12;12H                    \033[12;34H     \033[12;41H         \033[12;51H \033[12;53H       \033[12;62H                    \033[12;84H     \033[12;91H         \033[13;3H       \033[13;12H                    \033[13;34H     \033[13;41H         \033[13;51H \033[13;53H       \033[13;62H                    \033[13;84H     \033[13;91H         \033[14;3H       \033[14;12H                    \033[14;34H     \033[14;41H         \033[14;51H \033[14;53H       \033[14;62H                    \033[14;84H     \033[14;91H         \033[15;3H       \033[15;12H                    \033[15;34H     \033[15;41H         \033[15;51H \033[15;53H       \033[15;62H                    \033[15;84H     \033[15;91H         \033[16;3H    
1788041354.307424 screen_write_collect_end: 27                             (at 22,8)
1788041354.307426 utf8_to_data: 41000020 -> (1 1  )
1788041354.307427 utf8_from_data: (1 1  ) -> 41000020
1788041354.307429 utf8_from_data: (1 1  ) -> 41000020
1788041354.307430 utf8_from_data: (1 1  ) -> 41000020
1788041354.307431 utf8_from_data: (1 1  ) -> 41000020
1788041354.307433 utf8_from_data: (1 1  ) -> 41000020
1788041354.307434 utf8_from_data: (1 1  ) -> 41000020
1788041354.307436 utf8_from_data: (1 1  ) -> 41000020
1788041354.307437 utf8_from_data: (1 1  ) -> 41000020
1788041354.307438 utf8_from_data: (1 1  ) -> 41000020
1788041354.307440 utf8_from_data: (1 1  ) -> 41000020
1788041354.307441 utf8_from_data: (1 1  ) -> 41000020
1788041354.307443 utf8_from_data: (1 1  ) -> 41000020
1788041354.307444 utf8_from_data: (1 1  ) -> 41000020
1788041354.307446 utf8_from_data: (1 1  ) -> 41000020
1788041354.307447 utf8_from_data: (1 1  ) -> 41000020
1788041354.307448 utf8_from_data: (1 1  ) -> 41000020
1788041354.307450 utf8_from_data: (1 1  ) -> 41000020
1788041354.307451 utf8_from_data: (1 1  ) -> 41000020
1788041354.307453 utf8_from_data: (1 1  ) -> 41000020
1788041354.307454 utf8_from_data: (1 1  ) -> 41000020
1788041354.307456 utf8_from_data: (1 1  ) -> 41000020
1788041354.307457 utf8_from_data: (1 1  ) -> 41000020
1788041354.307458 utf8_from_data: (1 1  ) -> 41000020
1788041354.307460 utf8_from_data: (1 1  ) -> 41000020
1788041354.307461 utf8_from_data: (1 1  ) -> 41000020
1788041354.307462 utf8_from_data: (1 1  ) -> 41000020
1788041354.307464 utf8_from_data: (1 1  ) -> 41000020
1788041354.307466 input_csi_dispatch: 'H' "" "9;51"
1788041354.307467 parameter 0: number 9
1788041354.307468 parameter 1: number 51
1788041354.307470 screen_write_cursormove: from 49,8 to 50,8
1788041354.307472 screen_write_collect_trim: 0x10a0a68e0 22-48 before 50-50
1788041354.307473 screen_write_collect_end: 1   (at 50,8)
1788041354.307475 utf8_to_data: 438294e2 -> (1 3 \342\224\202)
1788041354.307476 utf8_from_data: (1 1  ) -> 41000020
1788041354.307478 input_csi_dispatch: 'H' "" "9;53"
1788041354.307479 parameter 0: number 9
1788041354.307480 parameter 1: number 53
1788041354.307482 screen_write_cursormove: from 51,8 to 52,8
1788041354.307484 screen_write_collect_trim: 0x10a0a68e0 22-48 before 52-98
1788041354.307485 screen_write_collect_trim: 0x10a0a6880 50-50 before 52-98
1788041354.307487 screen_write_collect_end: 47                                                 (at 52,8)
1788041354.307488 utf8_to_data: 41000020 -> (1 1  )
1788041354.307490 utf8_from_data: (1 1  ) -> 41000020
1788041354.307491 utf8_from_data: (1 1  ) -> 41000020
1788041354.307492 utf8_from_data: (1 1  ) -> 41000020
1788041354.307494 utf8_from_data: (1 1  ) -> 41000020
1788041354.307495 utf8_from_data: (1 1  ) -> 41000020
1788041354.307497 utf8_from_data: (1 1  ) -> 41000020
1788041354.307498 utf8_from_data: (1 1  ) -> 41000020
1788041354.307500 utf8_from_data: (1 1  ) -> 41000020
1788041354.307501 utf8_from_data: (1 1  ) -> 41000020
1788041354.307503 utf8_from_data: (1 1  ) -> 41000020
1788041354.307504 utf8_from_data: (1 1  ) -> 41000020
1788041354.307505 utf8_from_data: (1 1  ) -> 41000020
1788041354.307507 utf8_from_data: (1 1  ) -> 41000020
1788041354.307508 utf8_from_data: (1 1  ) -> 41000020
1788041354.307510 utf8_from_data: (1 1  ) -> 41000020
1788041354.307511 utf8_from_data: (1 1  ) -> 41000020
1788041354.307513 utf8_from_data: (1 1  ) -> 41000020
1788041354.307514 utf8_from_data: (1 1  ) -> 41000020
1788041354.307515 utf8_from_data: (1 1  ) -> 41000020
1788041354.307517 utf8_from_data: (1 1  ) -> 41000020
1788041354.307518 utf8_from_data: (1 1  ) -> 41000020
1788041354.307520 utf8_from_data: (1 1  ) -> 41000020
1788041354.307521 utf8_from_data: (1 1  ) -> 41000020
1788041354.307522 utf8_from_data: (1 1  ) -> 41000020
1788041354.307524 utf8_from_data: (1 1  ) -> 41000020
1788041354.307525 utf8_from_data: (1 1  ) -> 41000020
1788041354.307526 utf8_from_data: (1 1  ) -> 41000020
1788041354.307528 utf8_from_data: (1 1  ) -> 41000020
1788041354.307529 utf8_from_data: (1 1  ) -> 41000020
1788041354.307531 utf8_from_data: (1 1  ) -> 41000020
1788041354.307532 utf8_from_data: (1 1  ) -> 41000020
1788041354.307535 utf8_from_data: (1 1  ) -> 41000020
1788041354.307538 utf8_from_data: (1 1  ) -> 41000020
1788041354.307540 utf8_from_data: (1 1  ) -> 41000020
1788041354.307542 utf8_from_data: (1 1  ) -> 41000020
1788041354.307544 utf8_from_data: (1 1  ) -> 41000020
1788041354.307546 utf8_from_data: (1 1  ) -> 41000020
1788041354.307549 utf8_from_data: (1 1  ) -> 41000020
1788041354.307551 utf8_from_data: (1 1  ) -> 41000020
1788041354.307553 utf8_from_data: (1 1  ) -> 41000020
1788041354.307556 utf8_from_data: (1 1  ) -> 41000020
1788041354.307559 utf8_from_data: (1 1  ) -> 41000020
1788041354.307561 utf8_from_data: (1 1  ) -> 41000020
1788041354.307563 utf8_from_data: (1 1  ) -> 41000020
1788041354.307564 utf8_from_data: (1 1  ) -> 41000020
1788041354.307566 utf8_from_data: (1 1  ) -> 41000020
1788041354.307567 utf8_from_data: (1 1  ) -> 41000020
1788041354.307568 input_csi_dispatch: 'H' "" "10;3"
1788041354.307570 parameter 0: number 10
1788041354.307571 parameter 1: number 3
1788041354.307573 screen_write_cursormove: from 99,8 to 2,9
1788041354.307576 screen_write_collect_end: 7         (at 2,9)
1788041354.307578 utf8_to_data: 41000020 -> (1 1  )
1788041354.307581 utf8_from_data: (1 1  ) -> 41000020
1788041354.307582 utf8_from_data: (1 1  ) -> 41000020
1788041354.307583 utf8_from_data: (1 1  ) -> 41000020
1788041354.307585 utf8_from_data: (1 1  ) -> 41000020
1788041354.307588 utf8_from_data: (1 1  ) -> 41000020
1788041354.307592 utf8_from_data: (1 1  ) -> 41000020
1788041354.307595 utf8_from_data: (1 1  ) -> 41000020
1788041354.307597 input_csi_dispatch: 'H' "" "10;12"
1788041354.307599 parameter 0: number 10
1788041354.307600 parameter 1: number 12
1788041354.307602 screen_write_cursormove: from 9,9 to 11,9
1788041354.307604 screen_write_collect_trim: 0x10a0a67c0 2-8 before 11-30
1788041354.307606 screen_write_collect_end: 20                      (at 11,9)
1788041354.307607 utf8_to_data: 41000074 -> (1 1 t)
1788041354.307608 utf8_from_data: (1 1  ) -> 41000020
1788041354.307610 utf8_from_data: (1 1  ) -> 41000020
1788041354.307611 utf8_from_data: (1 1  ) -> 41000020
1788041354.307612 utf8_from_data: (1 1  ) -> 41000020
1788041354.307614 utf8_from_data: (1 1  ) -> 41000020
1788041354.307615 utf8_from_data: (1 1  ) -> 41000020
1788041354.307616 utf8_from_data: (1 1  ) -> 41000020
1788041354.307618 utf8_from_data: (1 1  ) -> 41000020
1788041354.307619 utf8_from_data: (1 1  ) -> 41000020
1788041354.307620 utf8_from_data: (1 1  ) -> 41000020
1788041354.307622 utf8_from_data: (1 1  ) -> 41000020
1788041354.307623 utf8_from_data: (1 1  ) -> 41000020
1788041354.307624 utf8_from_data: (1 1  ) -> 41000020
1788041354.307626 utf8_from_data: (1 1  ) -> 41000020
1788041354.307627 utf8_from_data: (1 1  ) -> 41000020
1788041354.307630 utf8_from_data: (1 1  ) -> 41000020
1788041354.307631 utf8_from_data: (1 1  ) -> 41000020
1788041354.307633 utf8_from_data: (1 1  ) -> 41000020
1788041354.307634 utf8_from_data: (1 1  ) -> 41000020
1788041354.307635 utf8_from_data: (1 1  ) -> 41000020
1788041354.307637 input_csi_dispatch: 'H' "" "10;34"
1788041354.307638 parameter 0: number 10
1788041354.307639 parameter 1: number 34
1788041354.307641 screen_write_cursormove: from 31,9 to 33,9
1788041354.307642 screen_write_collect_trim: 0x10a0a67c0 2-8 before 33-37
1788041354.307644 screen_write_collect_trim: 0x10a0a6760 11-30 before 33-37
1788041354.307645 screen_write_collect_end: 5       (at 33,9)
1788041354.307647 utf8_to_data: 41000020 -> (1 1  )
1788041354.307648 utf8_from_data: (1 1  ) -> 41000020
1788041354.307649 utf8_from_data: (1 1  ) -> 41000020
1788041354.307651 utf8_from_data: (1 1  ) -> 41000020
1788041354.307652 utf8_from_data: (1 1  ) -> 41000020
1788041354.307654 utf8_from_data: (1 1  ) -> 41000020
1788041354.307655 input_csi_dispatch: 'H' "" "10;41"
1788041354.307657 parameter 0: number 10
1788041354.307658 parameter 1: number 41
1788041354.307659 screen_write_cursormove: from 38,9 to 40,9
1788041354.307661 screen_write_collect_trim: 0x10a0a67c0 2-8 before 40-48
1788041354.307662 screen_write_collect_trim: 0x10a0a6760 11-30 before 40-48
1788041354.307664 screen_write_collect_trim: 0x10a0a6700 33-37 before 40-48
1788041354.307665 screen_write_collect_end: 9           (at 40,9)
1788041354.307667 utf8_to_data: 41000020 -> (1 1  )
1788041354.307668 utf8_from_data: (1 1  ) -> 41000020
1788041354.307669 utf8_from_data: (1 1  ) -> 41000020
1788041354.307671 utf8_from_data: (1 1  ) -> 41000020
1788041354.307672 utf8_from_data: (1 1  ) -> 41000020
1788041354.307673 utf8_from_data: (1 1  ) -> 41000020
1788041354.307675 utf8_from_data: (1 1  ) -> 41000020
1788041354.307676 utf8_from_data: (1 1  ) -> 41000020
1788041354.307678 utf8_from_data: (1 1  ) -> 41000020
1788041354.307679 utf8_from_data: (1 1  ) -> 41000020
1788041354.307680 input_csi_dispatch: 'H' "" "10;51"
1788041354.307682 parameter 0: number 10
1788041354.307684 parameter 1: number 51
1788041354.307685 screen_write_cursormove: from 49,9 to 50,9
1788041354.307686 screen_write_collect_trim: 0x10a0a67c0 2-8 before 50-50
1788041354.307688 screen_write_collect_trim: 0x10a0a6760 11-30 before 50-50
1788041354.307689 screen_write_collect_trim: 0x10a0a6700 33-37 before 50-50
1788041354.307691 screen_write_collect_trim: 0x10a0a4420 40-48 before 50-50
1788041354.307693 screen_write_collect_end: 1   (at 50,9)
1788041354.307694 utf8_to_data: 438294e2 -> (1 3 \342\224\202)
1788041354.307696 utf8_from_data: (1 1  ) -> 41000020
1788041354.307698 input_csi_dispatch: 'H' "" "10;53"
1788041354.307699 parameter 0: number 10
1788041354.307701 parameter 1: number 53
1788041354.307702 screen_write_cursormove: from 51,9 to 52,9
1788041354.307704 screen_write_collect_trim: 0x10a0a67c0 2-8 before 52-58
1788041354.307705 screen_write_collect_trim: 0x10a0a6760 11-30 before 52-58
1788041354.307706 screen_write_collect_trim: 0x10a0a6700 33-37 before 52-58
1788041354.307708 screen_write_collect_trim: 0x10a0a4420 40-48 before 52-58
1788041354.307709 screen_write_collect_trim: 0x10a0a40c0 50-50 before 52-58
1788041354.307712 screen_write_collect_end: 7         (at 52,9)
1788041354.307713 utf8_to_data: 41000020 -> (1 1  )
1788041354.307715 utf8_from_data: (1 1  ) -> 41000020
1788041354.307716 utf8_from_data: (1 1  ) -> 41000020
1788041354.307718 utf8_from_data: (1 1  ) -> 41000020
1788041354.307719 utf8_from_data: (1 1  ) -> 41000020
1788041354.307720 utf8_from_data: (1 1  ) -> 41000020
1788041354.307722 utf8_from_data: (1 1  ) -> 41000020
1788041354.307723 utf8_from_data: (1 1  ) -> 41000020
1788041354.307724 input_csi_dispatch: 'H' "" "10;62"
1788041354.307726 parameter 0: number 10
1788041354.307727 parameter 1: number 62
1788041354.307729 screen_write_cursormove: from 59,9 to 61,9
1788041354.307730 screen_write_collect_trim: 0x10a0a67c0 2-8 before 61-80
1788041354.307732 screen_write_collect_trim: 0x10a0a6760 11-30 before 61-80
1788041354.307733 screen_write_collect_trim: 0x10a0a6700 33-37 before 61-80
1788041354.307735 screen_write_collect_trim: 0x10a0a4420 40-48 before 61-80
1788041354.307736 screen_write_collect_trim: 0x10a0a40c0 50-50 before 61-80
1788041354.307738 screen_write_collect_trim: 0x10a0a4120 52-58 before 61-80
1788041354.307739 screen_write_collect_end: 20                      (at 61,9)
1788041354.307740 utf8_to_data: 41000056 -> (1 1 V)
1788041354.307742 utf8_from_data: (1 1  ) -> 41000020
1788041354.307743 utf8_from_data: (1 1  ) -> 41000020
1788041354.307745 utf8_from_data: (1 1  ) -> 41000020
1788041354.307746 utf8_from_data: (1 1  ) -> 41000020
1788041354.307747 utf8_from_data: (1 1  ) -> 41000020
1788041354.307749 utf8_from_data: (1 1  ) -> 41000020
1788041354.307750 utf8_from_data: (1 1  ) -> 41000020
1788041354.307751 utf8_from_data: (1 1  ) -> 41000020
1788041354.307753 utf8_from_data: (1 1  ) -> 41000020
1788041354.307754 utf8_from_data: (1 1  ) -> 41000020
1788041354.307755 utf8_from_data: (1 1  ) -> 41000020
1788041354.307757 utf8_from_data: (1 1  ) -> 41000020
1788041354.307758 utf8_from_data: (1 1  ) -> 41000020
1788041354.307759 utf8_from_data: (1 1  ) -> 41000020
1788041354.307761 utf8_from_data: (1 1  ) -> 41000020
1788041354.307762 utf8_from_data: (1 1  ) -> 41000020
1788041354.307763 utf8_from_data: (1 1  ) -> 41000020
1788041354.307765 utf8_from_data: (1 1  ) -> 41000020
1788041354.307766 utf8_from_data: (1 1  ) -> 41000020
1788041354.307768 utf8_from_data: (1 1  ) -> 41000020
1788041354.307769 input_csi_dispatch: 'H' "" "10;84"
1788041354.307770 parameter 0: number 10
1788041354.307772 parameter 1: number 84
1788041354.307773 screen_write_cursormove: from 81,9 to 83,9
1788041354.307775 screen_write_collect_trim: 0x10a0a67c0 2-8 before 83-87
1788041354.307776 screen_write_collect_trim: 0x10a0a6760 11-30 before 83-87
1788041354.307778 screen_write_collect_trim: 0x10a0a6700 33-37 before 83-87
1788041354.307779 screen_write_collect_trim: 0x10a0a4420 40-48 before 83-87
1788041354.307780 screen_write_collect_trim: 0x10a0a40c0 50-50 before 83-87
1788041354.307782 screen_write_collect_trim: 0x10a0a4120 52-58 before 83-87
1788041354.307783 screen_write_collect_trim: 0x10a0a6b20 61-80 before 83-87
1788041354.307785 screen_write_collect_end: 5       (at 83,9)
1788041354.307786 utf8_to_data: 41000020 -> (1 1  )
1788041354.307787 utf8_from_data: (1 1  ) -> 41000020
1788041354.307789 utf8_from_data: (1 1  ) -> 41000020
1788041354.307790 utf8_from_data: (1 1  ) -> 41000020
1788041354.307791 utf8_from_data: (1 1  ) -> 41000020
1788041354.307793 utf8_from_data: (1 1  ) -> 41000020
1788041354.307794 input_csi_dispatch: 'H' "" "10;91"
1788041354.307796 parameter 0: number 10
1788041354.307797 parameter 1: number 91
1788041354.307799 screen_write_cursormove: from 88,9 to 90,9
1788041354.307800 screen_write_collect_trim: 0x10a0a67c0 2-8 before 90-98
1788041354.307802 screen_write_collect_trim: 0x10a0a6760 11-30 before 90-98
1788041354.307803 screen_write_collect_trim: 0x10a0a6700 33-37 before 90-98
1788041354.307805 screen_write_collect_trim: 0x10a0a4420 40-48 before 90-98
1788041354.307806 screen_write_collect_trim: 0x10a0a40c0 50-50 before 90-98
1788041354.307808 screen_write_collect_trim: 0x10a0a4120 52-58 before 90-98
1788041354.307809 screen_write_collect_trim: 0x10a0a6b20 61-80 before 90-98
1788041354.307810 screen_write_collect_trim: 0x10a0a6b80 83-87 before 90-98
1788041354.307812 screen_write_collect_end: 9           (at 90,9)
1788041354.307813 utf8_to_data: 41000020 -> (1 1  )
1788041354.307814 utf8_from_data: (1 1  ) -> 41000020
1788041354.307816 utf8_from_data: (1 1  ) -> 41000020
1788041354.307817 utf8_from_data: (1 1  ) -> 41000020
1788041354.307819 utf8_from_data: (1 1  ) -> 41000020
1788041354.307820 utf8_from_data: (1 1  ) -> 41000020
1788041354.307821 utf8_from_data: (1 1  ) -> 41000020
1788041354.307823 utf8_from_data: (1 1  ) -> 41000020
1788041354.307824 utf8_from_data: (1 1  ) -> 41000020
1788041354.307825 utf8_from_data: (1 1  ) -> 41000020
1788041354.307827 input_csi_dispatch: 'H' "" "11;3"
1788041354.307828 parameter 0: number 11
1788041354.307829 parameter 1: number 3
1788041354.307831 screen_write_cursormove: from 99,9 to 2,10
1788041354.307832 screen_write_collect_end: 7         (at 2,10)
1788041354.307834 utf8_to_data: 41000020 -> (1 1  )
1788041354.307835 utf8_from_data: (1 1  ) -> 41000020
1788041354.307837 utf8_from_data: (1 1  ) -> 41000020
1788041354.307838 utf8_from_data: (1 1  ) -> 41000020
1788041354.307839 utf8_from_data: (1 1  ) -> 41000020
1788041354.307841 utf8_from_data: (1 1  ) -> 41000020
1788041354.307842 utf8_from_data: (1 1  ) -> 41000020
1788041354.307844 utf8_from_data: (1 1  ) -> 41000020
1788041354.307845 input_csi_dispatch: 'H' "" "11;12"
1788041354.307846 parameter 0: number 11
1788041354.307848 parameter 1: number 12
1788041354.307849 screen_write_cursormove: from 9,10 to 11,10
1788041354.307851 screen_write_collect_trim: 0x10a0a6640 2-8 before 11-30
1788041354.307852 screen_write_collect_end: 20                      (at 11,10)
1788041354.307854 utf8_to_data: 4100006f -> (1 1 o)
1788041354.307855 utf8_from_data: (1 1  ) -> 41000020
1788041354.307856 utf8_from_data: (1 1  ) -> 41000020
1788041354.307858 utf8_from_data: (1 1  ) -> 41000020
1788041354.307859 utf8_from_data: (1 1  ) -> 41000020
1788041354.307860 utf8_from_data: (1 1  ) -> 41000020
1788041354.307862 utf8_from_data: (1 1  ) -> 41000020
1788041354.307863 utf8_from_data: (1 1  ) -> 41000020
1788041354.307865 utf8_from_data: (1 1  ) -> 41000020
1788041354.307866 utf8_from_data: (1 1  ) -> 41000020
1788041354.307867 utf8_from_data: (1 1  ) -> 41000020
1788041354.307869 utf8_from_data: (1 1  ) -> 41000020
1788041354.307870 utf8_from_data: (1 1  ) -> 41000020
1788041354.307871 utf8_from_data: (1 1  ) -> 41000020
1788041354.307873 utf8_from_data: (1 1  ) -> 41000020
1788041354.307874 utf8_from_data: (1 1  ) -> 41000020
1788041354.307875 utf8_from_data: (1 1  ) -> 41000020
1788041354.307877 utf8_from_data: (1 1  ) -> 41000020
1788041354.307878 utf8_from_data: (1 1  ) -> 41000020
1788041354.307879 utf8_from_data: (1 1  ) -> 41000020
1788041354.307881 utf8_from_data: (1 1  ) -> 41000020
1788041354.307882 input_csi_dispatch: 'H' "" "11;34"
1788041354.307884 parameter 0: number 11
1788041354.307885 parameter 1: number 34
1788041354.307886 screen_write_cursormove: from 31,10 to 33,10
1788041354.307888 screen_write_collect_trim: 0x10a0a6640 2-8 before 33-37
1788041354.307889 screen_write_collect_trim: 0x10a0a65e0 11-30 before 33-37
1788041354.307891 screen_write_collect_end: 5       (at 33,10)
1788041354.307892 utf8_to_data: 41000020 -> (1 1  )
1788041354.307894 utf8_from_data: (1 1  ) -> 41000020
1788041354.307895 utf8_from_data: (1 1  ) -> 41000020
1788041354.307896 utf8_from_data: (1 1  ) -> 41000020
1788041354.307898 utf8_from_data: (1 1  ) -> 41000020
1788041354.307899 utf8_from_data: (1 1  ) -> 41000020
1788041354.307900 input_csi_dispatch: 'H' "" "11;41"
1788041354.307902 parameter 0: number 11
1788041354.307903 parameter 1: number 41
1788041354.307904 screen_write_cursormove: from 38,10 to 40,10
1788041354.307906 screen_write_collect_trim: 0x10a0a6640 2-8 before 40-48
1788041354.307908 screen_write_collect_trim: 0x10a0a65e0 11-30 before 40-48
1788041354.307909 screen_write_collect_trim: 0x10a0a6580 33-37 before 40-48
1788041354.307910 screen_write_collect_end: 9           (at 40,10)
1788041354.307912 utf8_to_data: 41000020 -> (1 1  )
1788041354.307913 utf8_from_data: (1 1  ) -> 41000020
1788041354.307914 utf8_from_data: (1 1  ) -> 41000020
1788041354.307916 utf8_from_data: (1 1  ) -> 41000020
1788041354.307917 utf8_from_data: (1 1  ) -> 41000020
1788041354.307918 utf8_from_data: (1 1  ) -> 41000020
1788041354.307920 utf8_from_data: (1 1  ) -> 41000020
1788041354.307921 utf8_from_data: (1 1  ) -> 41000020
1788041354.307922 utf8_from_data: (1 1  ) -> 41000020
1788041354.307924 utf8_from_data: (1 1  ) -> 41000020
1788041354.307925 input_csi_dispatch: 'H' "" "11;51"
1788041354.307926 parameter 0: number 11
1788041354.307928 parameter 1: number 51
1788041354.307929 screen_write_cursormove: from 49,10 to 50,10
1788041354.307931 screen_write_collect_trim: 0x10a0a6640 2-8 before 50-50
1788041354.307932 screen_write_collect_trim: 0x10a0a65e0 11-30 before 50-50
1788041354.307933 screen_write_collect_trim: 0x10a0a6580 33-37 before 50-50
1788041354.307935 screen_write_collect_trim: 0x10a0a6520 40-48 before 50-50
1788041354.307936 screen_write_collect_end: 1   (at 50,10)
1788041354.307938 utf8_to_data: 438294e2 -> (1 3 \342\224\202)
1788041354.307939 utf8_from_data: (1 1  ) -> 41000020
1788041354.307941 input_csi_dispatch: 'H' "" "11;53"
1788041354.307942 parameter 0: number 11
1788041354.307943 parameter 1: number 53
1788041354.307945 screen_write_cursormove: from 51,10 to 52,10
1788041354.307947 screen_write_collect_trim: 0x10a0a6640 2-8 before 52-58
1788041354.307948 screen_write_collect_trim: 0x10a0a65e0 11-30 before 52-58
1788041354.307950 screen_write_collect_trim: 0x10a0a6580 33-37 before 52-58
1788041354.307951 screen_write_collect_trim: 0x10a0a6520 40-48 before 52-58
1788041354.307953 screen_write_collect_trim: 0x10a0a64c0 50-50 before 52-58
1788041354.307954 screen_write_collect_end: 7         (at 52,10)
1788041354.307955 utf8_to_data: 41000020 -> (1 1  )
1788041354.307957 utf8_from_data: (1 1  ) -> 41000020
1788041354.307958 utf8_from_data: (1 1  ) -> 41000020
1788041354.307960 utf8_from_data: (1 1  ) -> 41000020
1788041354.307961 utf8_from_data: (1 1  ) -> 41000020
1788041354.307962 utf8_from_data: (1 1  ) -> 41000020
1788041354.307964 utf8_from_data: (1 1  ) -> 41000020
1788041354.307965 utf8_from_data: (1 1  ) -> 41000020
1788041354.307967 input_csi_dispatch: 'H' "" "11;62"
1788041354.307968 parameter 0: number 11
1788041354.307969 parameter 1: number 62
1788041354.307971 screen_write_cursormove: from 59,10 to 61,10
1788041354.307972 screen_write_collect_trim: 0x10a0a6640 2-8 before 61-80
1788041354.307974 screen_write_collect_trim: 0x10a0a65e0 11-30 before 61-80
1788041354.307975 screen_write_collect_trim: 0x10a0a6580 33-37 before 61-80
1788041354.307977 screen_write_collect_trim: 0x10a0a6520 40-48 before 61-80
1788041354.307978 screen_write_collect_trim: 0x10a0a64c0 50-50 before 61-80
1788041354.307980 screen_write_collect_trim: 0x10a0a4300 52-58 before 61-80
1788041354.307981 screen_write_collect_end: 20                      (at 61,10)
1788041354.307983 utf8_to_data: 4100006d -> (1 1 m)
1788041354.307984 utf8_from_data: (1 1  ) -> 41000020
1788041354.307985 utf8_from_data: (1 1  ) -> 41000020
1788041354.307987 utf8_from_data: (1 1  ) -> 41000020
1788041354.307988 utf8_from_data: (1 1  ) -> 41000020
1788041354.307989 utf8_from_data: (1 1  ) -> 41000020
1788041354.307991 utf8_from_data: (1 1  ) -> 41000020
1788041354.307993 utf8_from_data: (1 1  ) -> 41000020
1788041354.307994 utf8_from_data: (1 1  ) -> 41000020
1788041354.307996 utf8_from_data: (1 1  ) -> 41000020
1788041354.307997 utf8_from_data: (1 1  ) -> 41000020
1788041354.307998 utf8_from_data: (1 1  ) -> 41000020
1788041354.308000 utf8_from_data: (1 1  ) -> 41000020
1788041354.308001 utf8_from_data: (1 1  ) -> 41000020
1788041354.308002 utf8_from_data: (1 1  ) -> 41000020
1788041354.308004 utf8_from_data: (1 1  ) -> 41000020
1788041354.308005 utf8_from_data: (1 1  ) -> 41000020
1788041354.308006 utf8_from_data: (1 1  ) -> 41000020
1788041354.308008 utf8_from_data: (1 1  ) -> 41000020
1788041354.308009 utf8_from_data: (1 1  ) -> 41000020
1788041354.308010 utf8_from_data: (1 1  ) -> 41000020
1788041354.308012 input_csi_dispatch: 'H' "" "11;84"
1788041354.308013 parameter 0: number 11
1788041354.308014 parameter 1: number 84
1788041354.308016 screen_write_cursormove: from 81,10 to 83,10
1788041354.308017 screen_write_collect_trim: 0x10a0a6640 2-8 before 83-87
1788041354.308019 screen_write_collect_trim: 0x10a0a65e0 11-30 before 83-87
1788041354.308020 screen_write_collect_trim: 0x10a0a6580 33-37 before 83-87
1788041354.308022 screen_write_collect_trim: 0x10a0a6520 40-48 before 83-87
1788041354.308023 screen_write_collect_trim: 0x10a0a64c0 50-50 before 83-87
1788041354.308024 screen_write_collect_trim: 0x10a0a4300 52-58 before 83-87
1788041354.308026 screen_write_collect_trim: 0x10a0a4060 61-80 before 83-87
1788041354.308027 screen_write_collect_end: 5       (at 83,10)
1788041354.308029 utf8_to_data: 41000020 -> (1 1  )
1788041354.308030 utf8_from_data: (1 1  ) -> 41000020
1788041354.308032 utf8_from_data: (1 1  ) -> 41000020
1788041354.308033 utf8_from_data: (1 1  ) -> 41000020
1788041354.308034 utf8_from_data: (1 1  ) -> 41000020
1788041354.308036 utf8_from_data: (1 1  ) -> 41000020
1788041354.308037 input_csi_dispatch: 'H' "" "11;91"
1788041354.308038 parameter 0: number 11
1788041354.308040 parameter 1: number 91
1788041354.308041 screen_write_cursormove: from 88,10 to 90,10
1788041354.308043 screen_write_collect_trim: 0x10a0a6640 2-8 before 90-98
1788041354.308044 screen_write_collect_trim: 0x10a0a65e0 11-30 before 90-98
1788041354.308047 screen_write_collect_trim: 0x10a0a6580 33-37 before 90-98
1788041354.308050 screen_write_collect_trim: 0x10a0a6520 40-48 before 90-98
1788041354.308051 screen_write_collect_trim: 0x10a0a64c0 50-50 before 90-98
1788041354.308054 screen_write_collect_trim: 0x10a0a4300 52-58 before 90-98
1788041354.308055 screen_write_collect_trim: 0x10a0a4060 61-80 before 90-98
1788041354.308057 screen_write_collect_trim: 0x10a0a6c40 83-87 before 90-98
1788041354.308058 screen_write_collect_end: 9           (at 90,10)
1788041354.308060 utf8_to_data: 41000020 -> (1 1  )
1788041354.308061 utf8_from_data: (1 1  ) -> 41000020
1788041354.308063 utf8_from_data: (1 1  ) -> 41000020
1788041354.308064 utf8_from_data: (1 1  ) -> 41000020
1788041354.308065 utf8_from_data: (1 1  ) -> 41000020
1788041354.308067 utf8_from_data: (1 1  ) -> 41000020
1788041354.308068 utf8_from_data: (1 1  ) -> 41000020
1788041354.308069 utf8_from_data: (1 1  ) -> 41000020
1788041354.308071 utf8_from_data: (1 1  ) -> 41000020
1788041354.308072 utf8_from_data: (1 1  ) -> 41000020
1788041354.308074 input_csi_dispatch: 'H' "" "12;3"
1788041354.308075 parameter 0: number 12
1788041354.308076 parameter 1: number 3
1788041354.308078 screen_write_cursormove: from 99,10 to 2,11
1788041354.308079 screen_write_collect_end: 7         (at 2,11)
1788041354.308081 utf8_to_data: 41000020 -> (1 1  )
1788041354.308082 utf8_from_data: (1 1  ) -> 41000020
1788041354.308083 utf8_from_data: (1 1  ) -> 41000020
1788041354.308085 utf8_from_data: (1 1  ) -> 41000020
1788041354.308086 utf8_from_data: (1 1  ) -> 41000020
1788041354.308087 utf8_from_data: (1 1  ) -> 41000020
1788041354.308089 utf8_from_data: (1 1  ) -> 41000020
1788041354.308090 utf8_from_data: (1 1  ) -> 41000020
1788041354.308091 input_csi_dispatch: 'H' "" "12;12"
1788041354.308093 parameter 0: number 12
1788041354.308094 parameter 1: number 12
1788041354.308095 screen_write_cursormove: from 9,11 to 11,11
1788041354.308097 screen_write_collect_trim: 0x10a0a6d60 2-8 before 11-30
1788041354.308099 screen_write_collect_end: 20                      (at 11,11)
1788041354.308100 utf8_to_data: 41000043 -> (1 1 C)
1788041354.308102 utf8_from_data: (1 1  ) -> 41000020
1788041354.308103 utf8_from_data: (1 1  ) -> 41000020
1788041354.308104 utf8_from_data: (1 1  ) -> 41000020
1788041354.308106 utf8_from_data: (1 1  ) -> 41000020
1788041354.308107 utf8_from_data: (1 1  ) -> 41000020
1788041354.308108 utf8_from_data: (1 1  ) -> 41000020
1788041354.308110 utf8_from_data: (1 1  ) -> 41000020
1788041354.308112 utf8_from_data: (1 1  ) -> 41000020
1788041354.308114 utf8_from_data: (1 1  ) -> 41000020
1788041354.308115 utf8_from_data: (1 1  ) -> 41000020
1788041354.308116 utf8_from_data: (1 1  ) -> 41000020
1788041354.308118 utf8_from_data: (1 1  ) -> 41000020
1788041354.308119 utf8_from_data: (1 1  ) -> 41000020
1788041354.308120 utf8_from_data: (1 1  ) -> 41000020
1788041354.308122 utf8_from_data: (1 1  ) -> 41000020
1788041354.308123 utf8_from_data: (1 1  ) -> 41000020
1788041354.308124 utf8_from_data: (1 1  ) -> 41000020
1788041354.308126 utf8_from_data: (1 1  ) -> 41000020
1788041354.308127 utf8_from_data: (1 1  ) -> 41000020
1788041354.308128 utf8_from_data: (1 1  ) -> 41000020
1788041354.308130 input_csi_dispatch: 'H' "" "12;34"
1788041354.308131 parameter 0: number 12
1788041354.308132 parameter 1: number 34
1788041354.308134 screen_write_cursormove: from 31,11 to 33,11
1788041354.308135 screen_write_collect_trim: 0x10a0a6d60 2-8 before 33-37
1788041354.308137 screen_write_collect_trim: 0x10a0a6ac0 11-30 before 33-37
1788041354.308138 screen_write_collect_end: 5       (at 33,11)
1788041354.308140 utf8_to_data: 41000020 -> (1 1  )
1788041354.308141 utf8_from_data: (1 1  ) -> 41000020
1788041354.308142 utf8_from_data: (1 1  ) -> 41000020
1788041354.308144 utf8_from_data: (1 1  ) -> 41000020
1788041354.308145 utf8_from_data: (1 1  ) -> 41000020
1788041354.308146 utf8_from_data: (1 1  ) -> 41000020
1788041354.308148 input_csi_dispatch: 'H' "" "12;41"
1788041354.308149 parameter 0: number 12
1788041354.308150 parameter 1: number 41
1788041354.308152 screen_write_cursormove: from 38,11 to 40,11
1788041354.308153 screen_write_collect_trim: 0x10a0a6d60 2-8 before 40-48
1788041354.308155 screen_write_collect_trim: 0x10a0a6ac0 11-30 before 40-48
1788041354.308156 screen_write_collect_trim: 0x10a0a6a60 33-37 before 40-48
1788041354.308158 screen_write_collect_end: 9           (at 40,11)
1788041354.308159 utf8_to_data: 41000020 -> (1 1  )
1788041354.308160 utf8_from_data: (1 1  ) -> 41000020
1788041354.308162 utf8_from_data: (1 1  ) -> 41000020
1788041354.308163 utf8_from_data: (1 1  ) -> 41000020
1788041354.308165 utf8_from_data: (1 1  ) -> 41000020
1788041354.308166 utf8_from_data: (1 1  ) -> 41000020
1788041354.308167 utf8_from_data: (1 1  ) -> 41000020
1788041354.308169 utf8_from_data: (1 1  ) -> 41000020
1788041354.308170 utf8_from_data: (1 1  ) -> 41000020
1788041354.308171 utf8_from_data: (1 1  ) -> 41000020
1788041354.308173 input_csi_dispatch: 'H' "" "12;51"
1788041354.308174 parameter 0: number 12
1788041354.308175 parameter 1: number 51
1788041354.308177 screen_write_cursormove: from 49,11 to 50,11
1788041354.308178 screen_write_collect_trim: 0x10a0a6d60 2-8 before 50-50
1788041354.308180 screen_write_collect_trim: 0x10a0a6ac0 11-30 before 50-50
1788041354.308181 screen_write_collect_trim: 0x10a0a6a60 33-37 before 50-50
1788041354.308183 screen_write_collect_trim: 0x10a0a43c0 40-48 before 50-50
1788041354.308184 screen_write_collect_end: 1   (at 50,11)
1788041354.308186 utf8_to_data: 438294e2 -> (1 3 \342\224\202)
1788041354.308187 utf8_from_data: (1 1  ) -> 41000020
1788041354.308188 input_csi_dispatch: 'H' "" "12;53"
1788041354.308190 parameter 0: number 12
1788041354.308191 parameter 1: number 53
1788041354.308193 screen_write_cursormove: from 51,11 to 52,11
1788041354.308194 screen_write_collect_trim: 0x10a0a6d60 2-8 before 52-58
1788041354.308196 screen_write_collect_trim: 0x10a0a6ac0 11-30 before 52-58
1788041354.308198 screen_write_collect_trim: 0x10a0a6a60 33-37 before 52-58
1788041354.308199 screen_write_collect_trim: 0x10a0a43c0 40-48 before 52-58
1788041354.308201 screen_write_collect_trim: 0x10a0a4540 50-50 before 52-58
1788041354.308202 screen_write_collect_end: 7         (at 52,11)
1788041354.308204 utf8_to_data: 41000020 -> (1 1  )
1788041354.308205 utf8_from_data: (1 1  ) -> 41000020
1788041354.308207 utf8_from_data: (1 1  ) -> 41000020
1788041354.308208 utf8_from_data: (1 1  ) -> 41000020
1788041354.308209 utf8_from_data: (1 1  ) -> 41000020
1788041354.308211 utf8_from_data: (1 1  ) -> 41000020
1788041354.308212 utf8_from_data: (1 1  ) -> 41000020
1788041354.308213 utf8_from_data: (1 1  ) -> 41000020
1788041354.308215 input_csi_dispatch: 'H' "" "12;62"
1788041354.308216 parameter 0: number 12
1788041354.308217 parameter 1: number 62
1788041354.308219 screen_write_cursormove: from 59,11 to 61,11
1788041354.308220 screen_write_collect_trim: 0x10a0a6d60 2-8 before 61-80
1788041354.308222 screen_write_collect_trim: 0x10a0a6ac0 11-30 before 61-80
1788041354.308224 screen_write_collect_trim: 0x10a0a6a60 33-37 before 61-80
1788041354.308225 screen_write_collect_trim: 0x10a0a43c0 40-48 before 61-80
1788041354.308227 screen_write_collect_trim: 0x10a0a4540 50-50 before 61-80
1788041354.308228 screen_write_collect_trim: 0x10a0a45a0 52-58 before 61-80
1788041354.308229 screen_write_collect_end: 20                      (at 61,11)
1788041354.308231 utf8_to_data: 41000063 -> (1 1 c)
1788041354.308232 utf8_from_data: (1 1  ) -> 41000020
1788041354.308233 utf8_from_data: (1 1  ) -> 41000020
1788041354.308235 utf8_from_data: (1 1  ) -> 41000020
1788041354.308236 utf8_from_data: (1 1  ) -> 41000020
1788041354.308238 utf8_from_data: (1 1  ) -> 41000020
1788041354.308239 utf8_from_data: (1 1  ) -> 41000020
1788041354.308240 utf8_from_data: (1 1  ) -> 41000020
1788041354.308241 utf8_from_data: (1 1  ) -> 41000020
1788041354.308243 utf8_from_data: (1 1  ) -> 41000020
1788041354.308244 utf8_from_data: (1 1  ) -> 41000020
1788041354.308246 utf8_from_data: (1 1  ) -> 41000020
1788041354.308247 utf8_from_data: (1 1  ) -> 41000020
1788041354.308248 utf8_from_data: (1 1  ) -> 41000020
1788041354.308250 utf8_from_data: (1 1  ) -> 41000020
1788041354.308252 utf8_from_data: (1 1  ) -> 41000020
1788041354.308253 utf8_from_data: (1 1  ) -> 41000020
1788041354.308255 utf8_from_data: (1 1  ) -> 41000020
1788041354.308256 utf8_from_data: (1 1  ) -> 41000020
1788041354.308257 utf8_from_data: (1 1  ) -> 41000020
1788041354.308259 utf8_from_data: (1 1  ) -> 41000020
1788041354.308260 input_csi_dispatch: 'H' "" "12;84"
1788041354.308261 parameter 0: number 12
1788041354.308263 parameter 1: number 84
1788041354.308264 screen_write_cursormove: from 81,11 to 83,11
1788041354.308266 screen_write_collect_trim: 0x10a0a6d60 2-8 before 83-87
1788041354.308268 screen_write_collect_trim: 0x10a0a6ac0 11-30 before 83-87
1788041354.308269 screen_write_collect_trim: 0x10a0a6a60 33-37 before 83-87
1788041354.308270 screen_write_collect_trim: 0x10a0a43c0 40-48 before 83-87
1788041354.308272 screen_write_collect_trim: 0x10a0a4540 50-50 before 83-87
1788041354.308273 screen_write_collect_trim: 0x10a0a45a0 52-58 before 83-87
1788041354.308275 screen_write_collect_trim: 0x10a0a4600 61-80 before 83-87
1788041354.308276 screen_write_collect_end: 5       (at 83,11)
1788041354.308277 utf8_to_data: 41000020 -> (1 1  )
1788041354.308279 utf8_from_data: (1 1  ) -> 41000020
1788041354.308280 utf8_from_data: (1 1  ) -> 41000020
1788041354.308282 utf8_from_data: (1 1  ) -> 41000020
1788041354.308283 utf8_from_data: (1 1  ) -> 41000020
1788041354.308285 utf8_from_data: (1 1  ) -> 41000020
1788041354.308286 input_csi_dispatch: 'H' "" "12;91"
1788041354.308287 parameter 0: number 12
1788041354.308289 parameter 1: number 91
1788041354.308290 screen_write_cursormove: from 88,11 to 90,11
1788041354.308292 screen_write_collect_trim: 0x10a0a6d60 2-8 before 90-98
1788041354.308294 screen_write_collect_trim: 0x10a0a6ac0 11-30 before 90-98
1788041354.308295 screen_write_collect_trim: 0x10a0a6a60 33-37 before 90-98
1788041354.308296 screen_write_collect_trim: 0x10a0a43c0 40-48 before 90-98
1788041354.308298 screen_write_collect_trim: 0x10a0a4540 50-50 before 90-98
1788041354.308299 screen_write_collect_trim: 0x10a0a45a0 52-58 before 90-98
1788041354.308301 screen_write_collect_trim: 0x10a0a4600 61-80 before 90-98
1788041354.308302 screen_write_collect_trim: 0x10a0a4660 83-87 before 90-98
1788041354.308304 screen_write_collect_end: 9           (at 90,11)
1788041354.308305 utf8_to_data: 41000020 -> (1 1  )
1788041354.308307 utf8_from_data: (1 1  ) -> 41000020
1788041354.308308 utf8_from_data: (1 1  ) -> 41000020
1788041354.308309 utf8_from_data: (1 1  ) -> 41000020
1788041354.308311 utf8_from_data: (1 1  ) -> 41000020
1788041354.308312 utf8_from_data: (1 1  ) -> 41000020
1788041354.308313 utf8_from_data: (1 1  ) -> 41000020
1788041354.308315 utf8_from_data: (1 1  ) -> 41000020
1788041354.308316 utf8_from_data: (1 1  ) -> 41000020
1788041354.308317 utf8_from_data: (1 1  ) -> 41000020
1788041354.308319 input_csi_dispatch: 'H' "" "13;3"
1788041354.308320 parameter 0: number 13
1788041354.308321 parameter 1: number 3
1788041354.308323 screen_write_cursormove: from 99,11 to 2,12
1788041354.308324 screen_write_collect_end: 7         (at 2,12)
1788041354.308326 utf8_to_data: 41000020 -> (1 1  )
1788041354.308327 utf8_from_data: (1 1  ) -> 41000020
1788041354.308328 utf8_from_data: (1 1  ) -> 41000020
1788041354.308330 utf8_from_data: (1 1  ) -> 41000020
1788041354.308331 utf8_from_data: (1 1  ) -> 41000020
1788041354.308332 utf8_from_data: (1 1  ) -> 41000020
1788041354.308334 utf8_from_data: (1 1  ) -> 41000020
1788041354.308335 utf8_from_data: (1 1  ) -> 41000020
1788041354.308337 input_csi_dispatch: 'H' "" "13;12"
1788041354.308338 parameter 0: number 13
1788041354.308339 parameter 1: number 12
1788041354.308341 screen_write_cursormove: from 9,12 to 11,12
1788041354.308343 screen_write_collect_trim: 0x10a0a4720 2-8 before 11-30
1788041354.308344 screen_write_collect_end: 20                      (at 11,12)
1788041354.308345 utf8_to_data: 41000070 -> (1 1 p)
1788041354.308347 utf8_from_data: (1 1  ) -> 41000020
1788041354.308348 utf8_from_data: (1 1  ) -> 41000020
1788041354.308350 utf8_from_data: (1 1  ) -> 41000020
1788041354.308351 utf8_from_data: (1 1  ) -> 41000020
1788041354.308352 utf8_from_data: (1 1  ) -> 41000020
1788041354.308354 utf8_from_data: (1 1  ) -> 41000020
1788041354.308355 utf8_from_data: (1 1  ) -> 41000020
1788041354.308356 utf8_from_data: (1 1  ) -> 41000020
1788041354.308358 utf8_from_data: (1 1  ) -> 41000020
1788041354.308359 utf8_from_data: (1 1  ) -> 41000020
1788041354.308360 utf8_from_data: (1 1  ) -> 41000020
1788041354.308362 utf8_from_data: (1 1  ) -> 41000020
1788041354.308363 utf8_from_data: (1 1  ) -> 41000020
1788041354.308364 utf8_from_data: (1 1  ) -> 41000020
1788041354.308366 utf8_from_data: (1 1  ) -> 41000020
1788041354.308367 utf8_from_data: (1 1  ) -> 41000020
1788041354.308368 utf8_from_data: (1 1  ) -> 41000020
1788041354.308370 utf8_from_data: (1 1  ) -> 41000020
1788041354.308371 utf8_from_data: (1 1  ) -> 41000020
1788041354.308372 utf8_from_data: (1 1  ) -> 41000020
1788041354.308374 input_csi_dispatch: 'H' "" "13;34"
1788041354.308375 parameter 0: number 13
1788041354.308376 parameter 1: number 34
1788041354.308378 screen_write_cursormove: from 31,12 to 33,12
1788041354.308379 screen_write_collect_trim: 0x10a0a4720 2-8 before 33-37
1788041354.308381 screen_write_collect_trim: 0x10a0a4780 11-30 before 33-37
1788041354.308382 screen_write_collect_end: 5       (at 33,12)
1788041354.308384 utf8_to_data: 41000020 -> (1 1  )
1788041354.308385 utf8_from_data: (1 1  ) -> 41000020
1788041354.308386 utf8_from_data: (1 1  ) -> 41000020
1788041354.308388 utf8_from_data: (1 1  ) -> 41000020
1788041354.308389 utf8_from_data: (1 1  ) -> 41000020
1788041354.308390 utf8_from_data: (1 1  ) -> 41000020
1788041354.308392 input_csi_dispatch: 'H' "" "13;41"
1788041354.308393 parameter 0: number 13
1788041354.308394 parameter 1: number 41
1788041354.308396 screen_write_cursormove: from 38,12 to 40,12
1788041354.308397 screen_write_collect_trim: 0x10a0a4720 2-8 before 40-48
1788041354.308399 screen_write_collect_trim: 0x10a0a4780 11-30 before 40-48
1788041354.308400 screen_write_collect_trim: 0x10a0a47e0 33-37 before 40-48
1788041354.308401 screen_write_collect_end: 9           (at 40,12)
1788041354.308403 utf8_to_data: 41000020 -> (1 1  )
1788041354.308404 utf8_from_data: (1 1  ) -> 41000020
1788041354.308406 utf8_from_data: (1 1  ) -> 41000020
1788041354.308407 utf8_from_data: (1 1  ) -> 41000020
1788041354.308408 utf8_from_data: (1 1  ) -> 41000020
1788041354.308410 utf8_from_data: (1 1  ) -> 41000020
1788041354.308411 utf8_from_data: (1 1  ) -> 41000020
1788041354.308412 utf8_from_data: (1 1  ) -> 41000020
1788041354.308414 utf8_from_data: (1 1  ) -> 41000020
1788041354.308415 utf8_from_data: (1 1  ) -> 41000020
1788041354.308417 input_csi_dispatch: 'H' "" "13;51"
1788041354.308418 parameter 0: number 13
1788041354.308419 parameter 1: number 51
1788041354.308421 screen_write_cursormove: from 49,12 to 50,12
1788041354.308422 screen_write_collect_trim: 0x10a0a4720 2-8 before 50-50
1788041354.308424 screen_write_collect_trim: 0x10a0a4780 11-30 before 50-50
1788041354.308425 screen_write_collect_trim: 0x10a0a47e0 33-37 before 50-50
1788041354.308427 screen_write_collect_trim: 0x10a0a4840 40-48 before 50-50
1788041354.308428 screen_write_collect_end: 1   (at 50,12)
1788041354.308430 utf8_to_data: 438294e2 -> (1 3 \342\224\202)
1788041354.308431 utf8_from_data: (1 1  ) -> 41000020
1788041354.308432 input_csi_dispatch: 'H' "" "13;53"
1788041354.308434 parameter 0: number 13
1788041354.308435 parameter 1: number 53
1788041354.308436 screen_write_cursormove: from 51,12 to 52,12
1788041354.308438 screen_write_collect_trim: 0x10a0a4720 2-8 before 52-58
1788041354.308439 screen_write_collect_trim: 0x10a0a4780 11-30 before 52-58
1788041354.308441 screen_write_collect_trim: 0x10a0a47e0 33-37 before 52-58
1788041354.308442 screen_write_collect_trim: 0x10a0a4840 40-48 before 52-58
1788041354.308444 screen_write_collect_trim: 0x10a0a48a0 50-50 before 52-58
1788041354.308445 screen_write_collect_end: 7         (at 52,12)
1788041354.308447 utf8_to_data: 41000020 -> (1 1  )
1788041354.308448 utf8_from_data: (1 1  ) -> 41000020
1788041354.308449 utf8_from_data: (1 1  ) -> 41000020
1788041354.308451 utf8_from_data: (1 1  ) -> 41000020
1788041354.308452 utf8_from_data: (1 1  ) -> 41000020
1788041354.308453 utf8_from_data: (1 1  ) -> 41000020
1788041354.308455 utf8_from_data: (1 1  ) -> 41000020
1788041354.308456 utf8_from_data: (1 1  ) -> 41000020
1788041354.308458 input_csi_dispatch: 'H' "" "13;62"
1788041354.308459 parameter 0: number 13
1788041354.308460 parameter 1: number 62
1788041354.308462 screen_write_cursormove: from 59,12 to 61,12
1788041354.308463 screen_write_collect_trim: 0x10a0a4720 2-8 before 61-80
1788041354.308465 screen_write_collect_trim: 0x10a0a4780 11-30 before 61-80
1788041354.308466 screen_write_collect_trim: 0x10a0a47e0 33-37 before 61-80
1788041354.308468 screen_write_collect_trim: 0x10a0a4840 40-48 before 61-80
1788041354.308469 screen_write_collect_trim: 0x10a0a48a0 50-50 before 61-80
1788041354.308471 screen_write_collect_trim: 0x10a0a4900 52-58 before 61-80
1788041354.308472 screen_write_collect_end: 20                      (at 61,12)
1788041354.308474 utf8_to_data: 4100006d -> (1 1 m)
1788041354.308476 utf8_from_data: (1 1  ) -> 41000020
1788041354.308477 utf8_from_data: (1 1  ) -> 41000020
1788041354.308480 utf8_from_data: (1 1  ) -> 41000020
1788041354.308482 utf8_from_data: (1 1  ) -> 41000020
1788041354.308484 utf8_from_data: (1 1  ) -> 41000020
1788041354.308486 utf8_from_data: (1 1  ) -> 41000020
1788041354.308488 utf8_from_data: (1 1  ) -> 41000020
1788041354.308489 utf8_from_data: (1 1  ) -> 41000020
1788041354.308491 utf8_from_data: (1 1  ) -> 41000020
1788041354.308492 utf8_from_data: (1 1  ) -> 41000020
1788041354.308493 utf8_from_data: (1 1  ) -> 41000020
1788041354.308495 utf8_from_data: (1 1  ) -> 41000020
1788041354.308496 utf8_from_data: (1 1  ) -> 41000020
1788041354.308497 utf8_from_data: (1 1  ) -> 41000020
1788041354.308499 utf8_from_data: (1 1  ) -> 41000020
1788041354.308500 utf8_from_data: (1 1  ) -> 41000020
1788041354.308501 utf8_from_data: (1 1  ) -> 41000020
1788041354.308503 utf8_from_data: (1 1  ) -> 41000020
1788041354.308504 utf8_from_data: (1 1  ) -> 41000020
1788041354.308505 utf8_from_data: (1 1  ) -> 41000020
1788041354.308507 input_csi_dispatch: 'H' "" "13;84"
1788041354.308508 parameter 0: number 13
1788041354.308509 parameter 1: number 84
1788041354.308511 screen_write_cursormove: from 81,12 to 83,12
1788041354.308513 screen_write_collect_trim: 0x10a0a4720 2-8 before 83-87
1788041354.308515 screen_write_collect_trim: 0x10a0a4780 11-30 before 83-87
1788041354.308516 screen_write_collect_trim: 0x10a0a47e0 33-37 before 83-87
1788041354.308518 screen_write_collect_trim: 0x10a0a4840 40-48 before 83-87
1788041354.308519 screen_write_collect_trim: 0x10a0a48a0 50-50 before 83-87
1788041354.308521 screen_write_collect_trim: 0x10a0a4900 52-58 before 83-87
1788041354.308522 screen_write_collect_trim: 0x10a0a4960 61-80 before 83-87
1788041354.308523 screen_write_collect_end: 5       (at 83,12)
1788041354.308525 utf8_to_data: 41000020 -> (1 1  )
1788041354.308526 utf8_from_data: (1 1  ) -> 41000020
1788041354.308527 utf8_from_data: (1 1  ) -> 41000020
1788041354.308529 utf8_from_data: (1 1  ) -> 41000020
1788041354.308530 utf8_from_data: (1 1  ) -> 41000020
1788041354.308531 utf8_from_data: (1 1  ) -> 41000020
1788041354.308533 input_csi_dispatch: 'H' "" "13;91"
1788041354.308534 parameter 0: number 13
1788041354.308536 parameter 1: number 91
1788041354.308537 screen_write_cursormove: from 88,12 to 90,12
1788041354.308539 screen_write_collect_trim: 0x10a0a4720 2-8 before 90-98
1788041354.308540 screen_write_collect_trim: 0x10a0a4780 11-30 before 90-98
1788041354.308541 screen_write_collect_trim: 0x10a0a47e0 33-37 before 90-98
1788041354.308543 screen_write_collect_trim: 0x10a0a4840 40-48 before 90-98
1788041354.308544 screen_write_collect_trim: 0x10a0a48a0 50-50 before 90-98
1788041354.308546 screen_write_collect_trim: 0x10a0a4900 52-58 before 90-98
1788041354.308547 screen_write_collect_trim: 0x10a0a4960 61-80 before 90-98
1788041354.308548 screen_write_collect_trim: 0x10a0a49c0 83-87 before 90-98
1788041354.308550 screen_write_collect_end: 9           (at 90,12)
1788041354.308551 utf8_to_data: 41000020 -> (1 1  )
1788041354.308552 utf8_from_data: (1 1  ) -> 41000020
1788041354.308554 utf8_from_data: (1 1  ) -> 41000020
1788041354.308555 utf8_from_data: (1 1  ) -> 41000020
1788041354.308556 utf8_from_data: (1 1  ) -> 41000020
1788041354.308558 utf8_from_data: (1 1  ) -> 41000020
1788041354.308559 utf8_from_data: (1 1  ) -> 41000020
1788041354.308560 utf8_from_data: (1 1  ) -> 41000020
1788041354.308562 utf8_from_data: (1 1  ) -> 41000020
1788041354.308563 utf8_from_data: (1 1  ) -> 41000020
1788041354.308565 input_csi_dispatch: 'H' "" "14;3"
1788041354.308566 parameter 0: number 14
1788041354.308567 parameter 1: number 3
1788041354.308569 screen_write_cursormove: from 99,12 to 2,13
1788041354.308570 screen_write_collect_end: 7         (at 2,13)
1788041354.308572 utf8_to_data: 41000020 -> (1 1  )
1788041354.308573 utf8_from_data: (1 1  ) -> 41000020
1788041354.308574 utf8_from_data: (1 1  ) -> 41000020
1788041354.308576 utf8_from_data: (1 1  ) -> 41000020
1788041354.308577 utf8_from_data: (1 1  ) -> 41000020
1788041354.308579 utf8_from_data: (1 1  ) -> 41000020
1788041354.308580 utf8_from_data: (1 1  ) -> 41000020
1788041354.308581 utf8_from_data: (1 1  ) -> 41000020
1788041354.308583 input_csi_dispatch: 'H' "" "14;12"
1788041354.308585 parameter 0: number 14
1788041354.308586 parameter 1: number 12
1788041354.308587 screen_write_cursormove: from 9,13 to 11,13
1788041354.308589 screen_write_collect_trim: 0x10a0a69a0 2-8 before 11-30
1788041354.308591 screen_write_collect_end: 20                      (at 11,13)
1788041354.308592 utf8_to_data: 41000070 -> (1 1 p)
1788041354.308593 utf8_from_data: (1 1  ) -> 41000020
1788041354.308595 utf8_from_data: (1 1  ) -> 41000020
1788041354.308596 utf8_from_data: (1 1  ) -> 41000020
1788041354.308598 utf8_from_data: (1 1  ) -> 41000020
1788041354.308599 utf8_from_data: (1 1  ) -> 41000020
1788041354.308600 utf8_from_data: (1 1  ) -> 41000020
1788041354.308602 utf8_from_data: (1 1  ) -> 41000020
1788041354.308603 utf8_from_data: (1 1  ) -> 41000020
1788041354.308604 utf8_from_data: (1 1  ) -> 41000020
1788041354.308606 utf8_from_data: (1 1  ) -> 41000020
1788041354.308607 utf8_from_data: (1 1  ) -> 41000020
1788041354.308608 utf8_from_data: (1 1  ) -> 41000020
1788041354.308610 utf8_from_data: (1 1  ) -> 41000020
1788041354.308611 utf8_from_data: (1 1  ) -> 41000020
1788041354.308612 utf8_from_data: (1 1  ) -> 41000020
1788041354.308614 utf8_from_data: (1 1  ) -> 41000020
1788041354.308615 utf8_from_data: (1 1  ) -> 41000020
1788041354.308616 utf8_from_data: (1 1  ) -> 41000020
1788041354.308618 utf8_from_data: (1 1  ) -> 41000020
1788041354.308619 utf8_from_data: (1 1  ) -> 41000020
1788041354.308621 input_csi_dispatch: 'H' "" "14;34"
1788041354.308622 parameter 0: number 14
1788041354.308623 parameter 1: number 34
1788041354.308625 screen_write_cursormove: from 31,13 to 33,13
1788041354.308626 screen_write_collect_trim: 0x10a0a69a0 2-8 before 33-37
1788041354.308628 screen_write_collect_trim: 0x10a0a6940 11-30 before 33-37
1788041354.308630 screen_write_collect_end: 5       (at 33,13)
1788041354.308631 utf8_to_data: 41000020 -> (1 1  )
1788041354.308633 utf8_from_data: (1 1  ) -> 41000020
1788041354.308634 utf8_from_data: (1 1  ) -> 41000020
1788041354.308636 utf8_from_data: (1 1  ) -> 41000020
1788041354.308637 utf8_from_data: (1 1  ) -> 41000020
1788041354.308638 utf8_from_data: (1 1  ) -> 41000020
1788041354.308640 input_csi_dispatch: 'H' "" "14;41"
1788041354.308641 parameter 0: number 14
1788041354.308642 parameter 1: number 41
1788041354.308644 screen_write_cursormove: from 38,13 to 40,13
1788041354.308645 screen_write_collect_trim: 0x10a0a69a0 2-8 before 40-48
1788041354.308647 screen_write_collect_trim: 0x10a0a6940 11-30 before 40-48
1788041354.308648 screen_write_collect_trim: 0x10a0a4a80 33-37 before 40-48
1788041354.308650 screen_write_collect_end: 9           (at 40,13)
1788041354.308651 utf8_to_data: 41000020 -> (1 1  )
1788041354.308652 utf8_from_data: (1 1  ) -> 41000020
1788041354.308654 utf8_from_data: (1 1  ) -> 41000020
1788041354.308655 utf8_from_data: (1 1  ) -> 41000020
1788041354.308656 utf8_from_data: (1 1  ) -> 41000020
1788041354.308658 utf8_from_data: (1 1  ) -> 41000020
1788041354.308659 utf8_from_data: (1 1  ) -> 41000020
1788041354.308660 utf8_from_data: (1 1  ) -> 41000020
1788041354.308662 utf8_from_data: (1 1  ) -> 41000020
1788041354.308663 utf8_from_data: (1 1  ) -> 41000020
1788041354.308665 input_csi_dispatch: 'H' "" "14;51"
1788041354.308666 parameter 0: number 14
1788041354.308667 parameter 1: number 51
1788041354.308669 screen_write_cursormove: from 49,13 to 50,13
1788041354.308670 screen_write_collect_trim: 0x10a0a69a0 2-8 before 50-50
1788041354.308671 screen_write_collect_trim: 0x10a0a6940 11-30 before 50-50
1788041354.308673 screen_write_collect_trim: 0x10a0a4a80 33-37 before 50-50
1788041354.308674 screen_write_collect_trim: 0x10a0a4ae0 40-48 before 50-50
1788041354.308676 screen_write_collect_end: 1   (at 50,13)
1788041354.308677 utf8_to_data: 438294e2 -> (1 3 \342\224\202)
1788041354.308679 utf8_from_data: (1 1  ) -> 41000020
1788041354.308680 input_csi_dispatch: 'H' "" "14;53"
1788041354.308682 parameter 0: number 14
1788041354.308684 parameter 1: number 53
1788041354.308685 screen_write_cursormove: from 51,13 to 52,13
1788041354.308687 screen_write_collect_trim: 0x10a0a69a0 2-8 before 52-58
1788041354.308688 screen_write_collect_trim: 0x10a0a6940 11-30 before 52-58
1788041354.308689 screen_write_collect_trim: 0x10a0a4a80 33-37 before 52-58
1788041354.308691 screen_write_collect_trim: 0x10a0a4ae0 40-48 before 52-58
1788041354.308692 screen_write_collect_trim: 0x10a0a4b40 50-50 before 52-58
1788041354.308694 screen_write_collect_end: 7         (at 52,13)
1788041354.308695 utf8_to_data: 41000020 -> (1 1  )
1788041354.308697 utf8_from_data: (1 1  ) -> 41000020
1788041354.308698 utf8_from_data: (1 1  ) -> 41000020
1788041354.308699 utf8_from_data: (1 1  ) -> 41000020
1788041354.308701 utf8_from_data: (1 1  ) -> 41000020
1788041354.308702 utf8_from_data: (1 1  ) -> 41000020
1788041354.308703 utf8_from_data: (1 1  ) -> 41000020
1788041354.308705 utf8_from_data: (1 1  ) -> 41000020
1788041354.308706 input_csi_dispatch: 'H' "" "14;62"
1788041354.308707 parameter 0: number 14
1788041354.308709 parameter 1: number 62
1788041354.308710 screen_write_cursormove: from 59,13 to 61,13
1788041354.308716 screen_write_collect_trim: 0x10a0a69a0 2-8 before 61-80
1788041354.308718 screen_write_collect_trim: 0x10a0a6940 11-30 before 61-80
1788041354.308720 screen_write_collect_trim: 0x10a0a4a80 33-37 before 61-80
1788041354.308721 screen_write_collect_trim: 0x10a0a4ae0 40-48 before 61-80
1788041354.308723 screen_write_collect_trim: 0x10a0a4b40 50-50 before 61-80
1788041354.308724 screen_write_collect_trim: 0x10a0a4ba0 52-58 before 61-80
1788041354.308726 screen_write_collect_end: 20                      (at 61,13)
1788041354.308727 utf8_to_data: 4100006e -> (1 1 n)
1788041354.308729 utf8_from_data: (1 1  ) -> 41000020
1788041354.308730 utf8_from_data: (1 1  ) -> 41000020
1788041354.308731 utf8_from_data: (1 1  ) -> 41000020
1788041354.308733 utf8_from_data: (1 1  ) -> 41000020
1788041354.308734 utf8_from_data: (1 1  ) -> 41000020
1788041354.308735 utf8_from_data: (1 1  ) -> 41000020
1788041354.308737 utf8_from_data: (1 1  ) -> 41000020
1788041354.308738 utf8_from_data: (1 1  ) -> 41000020
1788041354.308739 utf8_from_data: (1 1  ) -> 41000020
1788041354.308741 utf8_from_data: (1 1  ) -> 41000020
1788041354.308742 utf8_from_data: (1 1  ) -> 41000020
1788041354.308744 utf8_from_data: (1 1  ) -> 41000020
1788041354.308745 utf8_from_data: (1 1  ) -> 41000020
1788041354.308746 utf8_from_data: (1 1  ) -> 41000020
1788041354.308748 utf8_from_data: (1 1  ) -> 41000020
1788041354.308749 utf8_from_data: (1 1  ) -> 41000020
1788041354.308751 utf8_from_data: (1 1  ) -> 41000020
1788041354.308752 utf8_from_data: (1 1  ) -> 41000020
1788041354.308754 utf8_from_data: (1 1  ) -> 41000020
1788041354.308755 utf8_from_data: (1 1  ) -> 41000020
1788041354.308756 input_csi_dispatch: 'H' "" "14;84"
1788041354.308758 parameter 0: number 14
1788041354.308759 parameter 1: number 84
1788041354.308761 screen_write_cursormove: from 81,13 to 83,13
1788041354.308762 screen_write_collect_trim: 0x10a0a69a0 2-8 before 83-87
1788041354.308764 screen_write_collect_trim: 0x10a0a6940 11-30 before 83-87
1788041354.308765 screen_write_collect_trim: 0x10a0a4a80 33-37 before 83-87
1788041354.308766 screen_write_collect_trim: 0x10a0a4ae0 40-48 before 83-87
1788041354.308768 screen_write_collect_trim: 0x10a0a4b40 50-50 before 83-87
1788041354.308769 screen_write_collect_trim: 0x10a0a4ba0 52-58 before 83-87
1788041354.308771 screen_write_collect_trim: 0x10a0a4c00 61-80 before 83-87
1788041354.308772 screen_write_collect_end: 5       (at 83,13)
1788041354.308773 utf8_to_data: 41000020 -> (1 1  )
1788041354.308775 utf8_from_data: (1 1  ) -> 41000020
1788041354.308776 utf8_from_data: (1 1  ) -> 41000020
1788041354.308778 utf8_from_data: (1 1  ) -> 41000020
1788041354.308779 utf8_from_data: (1 1  ) -> 41000020
1788041354.308780 utf8_from_data: (1 1  ) -> 41000020
1788041354.308782 input_csi_dispatch: 'H' "" "14;91"
1788041354.308783 parameter 0: number 14
1788041354.308784 parameter 1: number 91
1788041354.308786 screen_write_cursormove: from 88,13 to 90,13
1788041354.308787 screen_write_collect_trim: 0x10a0a69a0 2-8 before 90-98
1788041354.308789 screen_write_collect_trim: 0x10a0a6940 11-30 before 90-98
1788041354.308790 screen_write_collect_trim: 0x10a0a4a80 33-37 before 90-98
1788041354.308792 screen_write_collect_trim: 0x10a0a4ae0 40-48 before 90-98
1788041354.308793 screen_write_collect_trim: 0x10a0a4b40 50-50 before 90-98
1788041354.308794 screen_write_collect_trim: 0x10a0a4ba0 52-58 before 90-98
1788041354.308796 screen_write_collect_trim: 0x10a0a4c00 61-80 before 90-98
1788041354.308797 screen_write_collect_trim: 0x10a0a4c60 83-87 before 90-98
1788041354.308799 screen_write_collect_end: 9           (at 90,13)
1788041354.308800 utf8_to_data: 41000020 -> (1 1  )
1788041354.308801 utf8_from_data: (1 1  ) -> 41000020
1788041354.308803 utf8_from_data: (1 1  ) -> 41000020
1788041354.308804 utf8_from_data: (1 1  ) -> 41000020
1788041354.308805 utf8_from_data: (1 1  ) -> 41000020
1788041354.308807 utf8_from_data: (1 1  ) -> 41000020
1788041354.308808 utf8_from_data: (1 1  ) -> 41000020
1788041354.308810 utf8_from_data: (1 1  ) -> 41000020
1788041354.308811 utf8_from_data: (1 1  ) -> 41000020
1788041354.308812 utf8_from_data: (1 1  ) -> 41000020
1788041354.308814 input_csi_dispatch: 'H' "" "15;3"
1788041354.308815 parameter 0: number 15
1788041354.308816 parameter 1: number 3
1788041354.308818 screen_write_cursormove: from 99,13 to 2,14
1788041354.308819 screen_write_collect_end: 7         (at 2,14)
1788041354.308821 utf8_to_data: 41000020 -> (1 1  )
1788041354.308823 utf8_from_data: (1 1  ) -> 41000020
1788041354.308824 utf8_from_data: (1 1  ) -> 41000020
1788041354.308825 utf8_from_data: (1 1  ) -> 41000020
1788041354.308827 utf8_from_data: (1 1  ) -> 41000020
1788041354.308828 utf8_from_data: (1 1  ) -> 41000020
1788041354.308829 utf8_from_data: (1 1  ) -> 41000020
1788041354.308831 utf8_from_data: (1 1  ) -> 41000020
1788041354.308832 input_csi_dispatch: 'H' "" "15;12"
1788041354.308833 parameter 0: number 15
1788041354.308835 parameter 1: number 12
1788041354.308836 screen_write_cursormove: from 9,14 to 11,14
1788041354.308838 screen_write_collect_trim: 0x10a0a4d20 2-8 before 11-30
1788041354.308839 screen_write_collect_end: 20                      (at 11,14)
1788041354.308841 utf8_to_data: 41000070 -> (1 1 p)
1788041354.308842 utf8_from_data: (1 1  ) -> 41000020
1788041354.308843 utf8_from_data: (1 1  ) -> 41000020
1788041354.308845 utf8_from_data: (1 1  ) -> 41000020
1788041354.308846 utf8_from_data: (1 1  ) -> 41000020
1788041354.308848 utf8_from_data: (1 1  ) -> 41000020
1788041354.308849 utf8_from_data: (1 1  ) -> 41000020
1788041354.308850 utf8_from_data: (1 1  ) -> 41000020
1788041354.308852 utf8_from_data: (1 1  ) -> 41000020
1788041354.308853 utf8_from_data: (1 1  ) -> 41000020
1788041354.308854 utf8_from_data: (1 1  ) -> 41000020
1788041354.308856 utf8_from_data: (1 1  ) -> 41000020
1788041354.308857 utf8_from_data: (1 1  ) -> 41000020
1788041354.308858 utf8_from_data: (1 1  ) -> 41000020
1788041354.308860 utf8_from_data: (1 1  ) -> 41000020
1788041354.308861 utf8_from_data: (1 1  ) -> 41000020
1788041354.308863 utf8_from_data: (1 1  ) -> 41000020
1788041354.308864 utf8_from_data: (1 1  ) -> 41000020
1788041354.308865 utf8_from_data: (1 1  ) -> 41000020
1788041354.308867 utf8_from_data: (1 1  ) -> 41000020
1788041354.308868 utf8_from_data: (1 1  ) -> 41000020
1788041354.308869 input_csi_dispatch: 'H' "" "15;34"
1788041354.308871 parameter 0: number 15
1788041354.308872 parameter 1: number 34
1788041354.308873 screen_write_cursormove: from 31,14 to 33,14
1788041354.308875 screen_write_collect_trim: 0x10a0a4d20 2-8 before 33-37
1788041354.308876 screen_write_collect_trim: 0x10a0a4d80 11-30 before 33-37
1788041354.308878 screen_write_collect_end: 5       (at 33,14)
1788041354.308879 utf8_to_data: 41000020 -> (1 1  )
1788041354.308881 utf8_from_data: (1 1  ) -> 41000020
1788041354.308882 utf8_from_data: (1 1  ) -> 41000020
1788041354.308884 utf8_from_data: (1 1  ) -> 41000020
1788041354.308885 utf8_from_data: (1 1  ) -> 41000020
1788041354.308886 utf8_from_data: (1 1  ) -> 41000020
1788041354.308888 input_csi_dispatch: 'H' "" "15;41"
1788041354.308889 parameter 0: number 15
1788041354.308890 parameter 1: number 41
1788041354.308892 screen_write_cursormove: from 38,14 to 40,14
1788041354.308893 screen_write_collect_trim: 0x10a0a4d20 2-8 before 40-48
1788041354.308895 screen_write_collect_trim: 0x10a0a4d80 11-30 before 40-48
1788041354.308896 screen_write_collect_trim: 0x10a0a4de0 33-37 before 40-48
1788041354.308898 screen_write_collect_end: 9           (at 40,14)
1788041354.308899 utf8_to_data: 41000020 -> (1 1  )
1788041354.308900 utf8_from_data: (1 1  ) -> 41000020
1788041354.308902 utf8_from_data: (1 1  ) -> 41000020
1788041354.308903 utf8_from_data: (1 1  ) -> 41000020
1788041354.308904 utf8_from_data: (1 1  ) -> 41000020
1788041354.308906 utf8_from_data: (1 1  ) -> 41000020
1788041354.308907 utf8_from_data: (1 1  ) -> 41000020
1788041354.308909 utf8_from_data: (1 1  ) -> 41000020
1788041354.308910 utf8_from_data: (1 1  ) -> 41000020
1788041354.308911 utf8_from_data: (1 1  ) -> 41000020
1788041354.308913 input_csi_dispatch: 'H' "" "15;51"
1788041354.308914 parameter 0: number 15
1788041354.308917 parameter 1: number 51
1788041354.308919 screen_write_cursormove: from 49,14 to 50,14
1788041354.308920 screen_write_collect_trim: 0x10a0a4d20 2-8 before 50-50
1788041354.308922 screen_write_collect_trim: 0x10a0a4d80 11-30 before 50-50
1788041354.308923 screen_write_collect_trim: 0x10a0a4de0 33-37 before 50-50
1788041354.308925 screen_write_collect_trim: 0x10a0a4e40 40-48 before 50-50
1788041354.308926 screen_write_collect_end: 1   (at 50,14)
1788041354.308928 utf8_to_data: 438294e2 -> (1 3 \342\224\202)
1788041354.308929 utf8_from_data: (1 1  ) -> 41000020
1788041354.308930 input_csi_dispatch: 'H' "" "15;53"
1788041354.308932 parameter 0: number 15
1788041354.308933 parameter 1: number 53
1788041354.308934 screen_write_cursormove: from 51,14 to 52,14
1788041354.308936 screen_write_collect_trim: 0x10a0a4d20 2-8 before 52-58
1788041354.308937 screen_write_collect_trim: 0x10a0a4d80 11-30 before 52-58
1788041354.308939 screen_write_collect_trim: 0x10a0a4de0 33-37 before 52-58
1788041354.308940 screen_write_collect_trim: 0x10a0a4e40 40-48 before 52-58
1788041354.308942 screen_write_collect_trim: 0x10a0a4ea0 50-50 before 52-58
1788041354.308943 screen_write_collect_end: 7         (at 52,14)
1788041354.308944 utf8_to_data: 41000020 -> (1 1  )
1788041354.308946 utf8_from_data: (1 1  ) -> 41000020
1788041354.308947 utf8_from_data: (1 1  ) -> 41000020
1788041354.308948 utf8_from_data: (1 1  ) -> 41000020
1788041354.308950 utf8_from_data: (1 1  ) -> 41000020
1788041354.308951 utf8_from_data: (1 1  ) -> 41000020
1788041354.308953 utf8_from_data: (1 1  ) -> 41000020
1788041354.308954 utf8_from_data: (1 1  ) -> 41000020
1788041354.308956 input_csi_dispatch: 'H' "" "15;62"
1788041354.308957 parameter 0: number 15
1788041354.308958 parameter 1: number 62
1788041354.308960 screen_write_cursormove: from 59,14 to 61,14
1788041354.308961 screen_write_collect_trim: 0x10a0a4d20 2-8 before 61-80
1788041354.308963 screen_write_collect_trim: 0x10a0a4d80 11-30 before 61-80
1788041354.308964 screen_write_collect_trim: 0x10a0a4de0 33-37 before 61-80
1788041354.308966 screen_write_collect_trim: 0x10a0a4e40 40-48 before 61-80
1788041354.308967 screen_write_collect_trim: 0x10a0a4ea0 50-50 before 61-80
1788041354.308969 screen_write_collect_trim: 0x10a0a4f00 52-58 before 61-80
1788041354.308970 screen_write_collect_end: 20                      (at 61,14)
1788041354.308972 utf8_to_data: 4100006d -> (1 1 m)
1788041354.308973 utf8_from_data: (1 1  ) -> 41000020
1788041354.308974 utf8_from_data: (1 1  ) -> 41000020
1788041354.308976 utf8_from_data: (1 1  ) -> 41000020
1788041354.308979 utf8_from_data: (1 1  ) -> 41000020
1788041354.308981 utf8_from_data: (1 1  ) -> 41000020
1788041354.308983 utf8_from_data: (1 1  ) -> 41000020
1788041354.308986 utf8_from_data: (1 1  ) -> 41000020
1788041354.308988 utf8_from_data: (1 1  ) -> 41000020
1788041354.308989 utf8_from_data: (1 1  ) -> 41000020
1788041354.308991 utf8_from_data: (1 1  ) -> 41000020
1788041354.308992 utf8_from_data: (1 1  ) -> 41000020
1788041354.308994 utf8_from_data: (1 1  ) -> 41000020
1788041354.308995 utf8_from_data: (1 1  ) -> 41000020
1788041354.308996 utf8_from_data: (1 1  ) -> 41000020
1788041354.308998 utf8_from_data: (1 1  ) -> 41000020
1788041354.308999 utf8_from_data: (1 1  ) -> 41000020
1788041354.309000 utf8_from_data: (1 1  ) -> 41000020
1788041354.309002 utf8_from_data: (1 1  ) -> 41000020
1788041354.309003 utf8_from_data: (1 1  ) -> 41000020
1788041354.309004 utf8_from_data: (1 1  ) -> 41000020
1788041354.309006 input_csi_dispatch: 'H' "" "15;84"
1788041354.309007 parameter 0: number 15
1788041354.309008 parameter 1: number 84
1788041354.309010 screen_write_cursormove: from 81,14 to 83,14
1788041354.309011 screen_write_collect_trim: 0x10a0a4d20 2-8 before 83-87
1788041354.309013 screen_write_collect_trim: 0x10a0a4d80 11-30 before 83-87
1788041354.309014 screen_write_collect_trim: 0x10a0a4de0 33-37 before 83-87
1788041354.309016 screen_write_collect_trim: 0x10a0a4e40 40-48 before 83-87
1788041354.309017 screen_write_collect_trim: 0x10a0a4ea0 50-50 before 83-87
1788041354.309019 screen_write_collect_trim: 0x10a0a4f00 52-58 before 83-87
1788041354.309021 screen_write_collect_trim: 0x10a0a4f60 61-80 before 83-87
1788041354.309023 screen_write_collect_end: 5       (at 83,14)
1788041354.309024 utf8_to_data: 41000020 -> (1 1  )
1788041354.309026 utf8_from_data: (1 1  ) -> 41000020
1788041354.309027 utf8_from_data: (1 1  ) -> 41000020
1788041354.309029 utf8_from_data: (1 1  ) -> 41000020
1788041354.309030 utf8_from_data: (1 1  ) -> 41000020
1788041354.309031 utf8_from_data: (1 1  ) -> 41000020
1788041354.309033 input_csi_dispatch: 'H' "" "15;91"
1788041354.309034 parameter 0: number 15
1788041354.309035 parameter 1: number 91
1788041354.309037 screen_write_cursormove: from 88,14 to 90,14
1788041354.309038 screen_write_collect_trim: 0x10a0a4d20 2-8 before 90-98
1788041354.309040 screen_write_collect_trim: 0x10a0a4d80 11-30 before 90-98
1788041354.309041 screen_write_collect_trim: 0x10a0a4de0 33-37 before 90-98
1788041354.309043 screen_write_collect_trim: 0x10a0a4e40 40-48 before 90-98
1788041354.309044 screen_write_collect_trim: 0x10a0a4ea0 50-50 before 90-98
1788041354.309045 screen_write_collect_trim: 0x10a0a4f00 52-58 before 90-98
1788041354.309047 screen_write_collect_trim: 0x10a0a4f60 61-80 before 90-98
1788041354.309048 screen_write_collect_trim: 0x10a0a4fc0 83-87 before 90-98
1788041354.309050 screen_write_collect_end: 9           (at 90,14)
1788041354.309051 utf8_to_data: 41000020 -> (1 1  )
1788041354.309052 utf8_from_data: (1 1  ) -> 41000020
1788041354.309054 utf8_from_data: (1 1  ) -> 41000020
1788041354.309055 utf8_from_data: (1 1  ) -> 41000020
1788041354.309056 utf8_from_data: (1 1  ) -> 41000020
1788041354.309058 utf8_from_data: (1 1  ) -> 41000020
1788041354.309059 utf8_from_data: (1 1  ) -> 41000020
1788041354.309060 utf8_from_data: (1 1  ) -> 41000020
1788041354.309062 utf8_from_data: (1 1  ) -> 41000020
1788041354.309063 utf8_from_data: (1 1  ) -> 41000020
1788041354.309065 input_csi_dispatch: 'H' "" "16;3"
1788041354.309067 parameter 0: number 16
1788041354.309068 parameter 1: number 3
1788041354.309070 screen_write_cursormove: from 99,14 to 2,15
1788041354.309072 screen_write_collect_end: 4      (at 2,15)
1788041354.309074 utf8_to_data: 41000020 -> (1 1  )
1788041354.309076 utf8_from_data: (1 1  ) -> 41000020
1788041354.309077 utf8_from_data: (1 1  ) -> 41000020
1788041354.309079 utf8_from_data: (1 1  ) -> 41000020
1788041354.309080 utf8_from_data: (1 1  ) -> 41000020
1788041354.309082 utf8_to_data: 41000031 -> (1 1 1)
1788041354.309083 collect list: x=22 (last 4294967295), y=8, used=27
1788041354.309085 collect list: x=50 (last 22), y=8, used=1
1788041354.309086 collect list: x=52 (last 50), y=8, used=47
1788041354.309088 collect list: x=2 (last 4294967295), y=9, used=7
1788041354.309089 collect list: x=11 (last 2), y=9, used=20
1788041354.309091 collect list: x=33 (last 11), y=9, used=5
1788041354.309092 collect list: x=40 (last 33), y=9, used=9
1788041354.309093 collect list: x=50 (last 40), y=9, used=1
1788041354.309095 collect list: x=52 (last 50), y=9, used=7
1788041354.309096 collect list: x=61 (last 52), y=9, used=20
1788041354.309098 collect list: x=83 (last 61), y=9, used=5
1788041354.309099 collect list: x=90 (last 83), y=9, used=9
1788041354.309100 collect list: x=2 (last 4294967295), y=10, used=7
1788041354.309102 collect list: x=11 (last 2), y=10, used=20
1788041354.309103 collect list: x=33 (last 11), y=10, used=5
1788041354.309105 collect list: x=40 (last 33), y=10, used=9
1788041354.309106 collect list: x=50 (last 40), y=10, used=1
1788041354.309108 collect list: x=52 (last 50), y=10, used=7
1788041354.309109 collect list: x=61 (last 52), y=10, used=20
1788041354.309110 collect list: x=83 (last 61), y=10, used=5
1788041354.309112 collect list: x=90 (last 83), y=10, used=9
1788041354.309113 collect list: x=2 (last 4294967295), y=11, used=7
1788041354.309115 collect list: x=11 (last 2), y=11, used=20
1788041354.309116 collect list: x=33 (last 11), y=11, used=5
1788041354.309117 collect list: x=40 (last 33), y=11, used=9
1788041354.309119 collect list: x=50 (last 40), y=11, used=1
1788041354.309120 collect list: x=52 (last 50), y=11, used=7
1788041354.309121 collect list: x=61 (last 52), y=11, used=20
1788041354.309123 collect list: x=83 (last 61), y=11, used=5
1788041354.309124 collect list: x=90 (last 83), y=11, used=9
1788041354.309126 collect list: x=2 (last 4294967295), y=12, used=7
1788041354.309127 collect list: x=11 (last 2), y=12, used=20
1788041354.309128 collect list: x=33 (last 11), y=12, used=5
1788041354.309130 collect list: x=40 (last 33), y=12, used=9
1788041354.309131 collect list: x=50 (last 40), y=12, used=1
1788041354.309133 collect list: x=52 (last 50), y=12, used=7
1788041354.309134 collect list: x=61 (last 52), y=12, used=20
1788041354.309135 collect list: x=83 (last 61), y=12, used=5
1788041354.309137 collect list: x=90 (last 83), y=12, used=9
1788041354.309138 collect list: x=2 (last 4294967295), y=13, used=7
1788041354.309140 collect list: x=11 (last 2), y=13, used=20
1788041354.309141 collect list: x=33 (last 11), y=13, used=5
1788041354.309142 collect list: x=40 (last 33), y=13, used=9
1788041354.309144 collect list: x=50 (last 40), y=13, used=1
1788041354.309145 collect list: x=52 (last 50), y=13, used=7
1788041354.309146 collect list: x=61 (last 52), y=13, used=20
1788041354.309148 collect list: x=83 (last 61), y=13, used=5
1788041354.309149 collect list: x=90 (last 83), y=13, used=9
1788041354.309151 collect list: x=2 (last 4294967295), y=14, used=7
1788041354.309152 collect list: x=11 (last 2), y=14, used=20
1788041354.309154 collect list: x=33 (last 11), y=14, used=5
1788041354.309155 collect list: x=40 (last 33), y=14, used=9
1788041354.309156 collect list: x=50 (last 40), y=14, used=1
1788041354.309158 collect list: x=52 (last 50), y=14, used=7
1788041354.309159 collect list: x=61 (last 52), y=14, used=20
1788041354.309161 collect list: x=83 (last 61), y=14, used=5
1788041354.309162 collect list: x=90 (last 83), y=14, used=9
1788041354.309164 collect list: x=2 (last 4294967295), y=15, used=4
1788041354.309165 screen_write_collect_flush: flushed 58 items (screen_write_stop)
1788041354.309170 lost client 0x10a040e00
1788041354.309177 remove peer 0x10a13c0e0
1788041354.309191 unref client 0x10a040e00 (1 references)
1788041354.309196 recalculate_size: @0 is 100x30
1788041354.309199 clients_calculate_size: no calculated size
1788041354.309201 clients_calculate_size: no calculated size
1788041354.309202 clients_calculate_size: type is latest
1788041354.309204 recalculate_size: @0 no size change
1788041354.309206 @0 alerts check, alerts 0x2
1788041354.309208 window_remove_ref: @0 alerts_callback, now 1
1788041354.309209 free client 0x10a040e00 (0 references)
1788041354.309211 cmdq_next <global>: empty
1788041354.309213 server_client_check_pane_buffer: %0 has 1024 minimum (of 1024) bytes used
1788041354.309215 server_client_check_pane_buffer: pane %0 is on
1788041354.309216 @0 active pane changed
1788041354.309218 @0 name timer already queued (100701 left)
1788041354.309224 %0 has 1024 bytes
1788041354.309226 @0 alerts timer reset 0
1788041354.309227 @0 alerts flags added 0x2
1788041354.309229 window_add_ref: @0 alerts_queue, now 2
1788041354.309230 alerts check queued (by @0)
1788041354.309232 screen_write_start_pane: size 100x30, pane %0 (at 0,0)
1788041354.309236 input_parse_buffer: %0 ground, 1024 bytes:    \033[16;12H                    \033[16;34H     \033[16;41H         \033[16;51H \033[16;53H       \033[16;62H                    \033[16;84H     \033[16;91H         \033[17;3H       \033[17;12H                    \033[17;34H     \033[17;41H         \033[17;51H \033[17;53H       \033[17;62H                    \033[17;84H     \033[17;91H         \033[18;3H       \033[18;12H                    \033[18;34H     \033[18;41H         \033[18;51H \033[18;53H       \033[18;62H                    \033[18;84H     \033[18;91H         \033[19;3H       \033[19;12H                    \033[19;34H     \033[19;41H         \033[19;51H \033[19;53H       \033[19;62H                    \033[19;84H     \033[19;91H         \033[20;3H       \033[20;12H                    \033[20;34H     \033[20;41H         \033[20;51H \033[20;53H       \033[20;62H                    \033[20;84H     \033[20;91H         \033[21;3H       \033[21;12H                    \033[21;34H     \033[21;41H         \033[21;51H \033[21;53H       \033[21;62H                    \033[21;84H     \033[21;91H         \033[22;3H       \033[22;12H                    \033[22;34H     \033[22;41H         \033[22;51H \033[22;53H       \033[22;62H       
1788041354.309238 screen_write_collect_end: 3     (at 6,15)
1788041354.309240 utf8_to_data: 41000031 -> (1 1 1)
1788041354.309241 utf8_from_data: (1 1  ) -> 41000020
1788041354.309243 utf8_from_data: (1 1  ) -> 41000020
1788041354.309244 utf8_from_data: (1 1  ) -> 41000020
1788041354.309246 input_csi_dispatch: 'H' "" "16;12"
1788041354.309247 parameter 0: number 16
1788041354.309249 parameter 1: number 12
1788041354.309250 screen_write_cursormove: from 9,15 to 11,15
1788041354.309252 screen_write_collect_trim: 0x10a0a68e0 6-8 before 11-30
1788041354.309254 screen_write_collect_end: 20                      (at 11,15)
1788041354.309255 utf8_to_data: 41000070 -> (1 1 p)
1788041354.309256 utf8_from_data: (1 1  ) -> 41000020
1788041354.309258 utf8_from_data: (1 1  ) -> 41000020
1788041354.309259 utf8_from_data: (1 1  ) -> 41000020
1788041354.309261 utf8_from_data: (1 1  ) -> 41000020
1788041354.309262 utf8_from_data: (1 1  ) -> 41000020
1788041354.309264 utf8_from_data: (1 1  ) -> 41000020
1788041354.309266 utf8_from_data: (1 1  ) -> 41000020
1788041354.309267 utf8_from_data: (1 1  ) -> 41000020
1788041354.309268 utf8_from_data: (1 1  ) -> 41000020
1788041354.309270 utf8_from_data: (1 1  ) -> 41000020
1788041354.309271 utf8_from_data: (1 1  ) -> 41000020
1788041354.309273 utf8_from_data: (1 1  ) -> 41000020
1788041354.309274 utf8_from_data: (1 1  ) -> 41000020
1788041354.309275 utf8_from_data: (1 1  ) -> 41000020
1788041354.309277 utf8_from_data: (1 1  ) -> 41000020
1788041354.309278 utf8_from_data: (1 1  ) -> 41000020
1788041354.309279 utf8_from_data: (1 1  ) -> 41000020
1788041354.309281 utf8_from_data: (1 1  ) -> 41000020
1788041354.309282 utf8_from_data: (1 1  ) -> 41000020
1788041354.309284 utf8_from_data: (1 1  ) -> 41000020
1788041354.309285 input_csi_dispatch: 'H' "" "16;34"
1788041354.309286 parameter 0: number 16
1788041354.309288 parameter 1: number 34
1788041354.309289 screen_write_cursormove: from 31,15 to 33,15
1788041354.309291 screen_write_collect_trim: 0x10a0a68e0 6-8 before 33-37
1788041354.309292 screen_write_collect_trim: 0x10a0a6880 11-30 before 33-37
1788041354.309294 screen_write_collect_end: 5       (at 33,15)
1788041354.309296 utf8_to_data: 41000020 -> (1 1  )
1788041354.309298 utf8_from_data: (1 1  ) -> 41000020
1788041354.309301 utf8_from_data: (1 1  ) -> 41000020
1788041354.309303 utf8_from_data: (1 1  ) -> 41000020
1788041354.309305 utf8_from_data: (1 1  ) -> 41000020
1788041354.309307 utf8_from_data: (1 1  ) -> 41000020
1788041354.309308 input_csi_dispatch: 'H' "" "16;41"
1788041354.309310 parameter 0: number 16
1788041354.309311 parameter 1: number 41
1788041354.309312 screen_write_cursormove: from 38,15 to 40,15
1788041354.309314 screen_write_collect_trim: 0x10a0a68e0 6-8 before 40-48
1788041354.309315 screen_write_collect_trim: 0x10a0a6880 11-30 before 40-48
1788041354.309317 screen_write_collect_trim: 0x10a0a6820 33-37 before 40-48
1788041354.309318 screen_write_collect_end: 9           (at 40,15)
1788041354.309320 utf8_to_data: 41000020 -> (1 1  )
1788041354.309321 utf8_from_data: (1 1  ) -> 41000020
1788041354.309323 utf8_from_data: (1 1  ) -> 41000020
1788041354.309324 utf8_from_data: (1 1  ) -> 41000020
1788041354.309325 utf8_from_data: (1 1  ) -> 41000020
1788041354.309326 utf8_from_data: (1 1  ) -> 41000020
1788041354.309328 utf8_from_data: (1 1  ) -> 41000020
1788041354.309329 utf8_from_data: (1 1  ) -> 41000020
1788041354.309331 utf8_from_data: (1 1  ) -> 41000020
1788041354.309332 utf8_from_data: (1 1  ) -> 41000020
1788041354.309334 input_csi_dispatch: 'H' "" "16;51"
1788041354.309336 parameter 0: number 16
1788041354.309338 parameter 1: number 51
1788041354.309340 screen_write_cursormove: from 49,15 to 50,15
1788041354.309341 screen_write_collect_trim: 0x10a0a68e0 6-8 before 50-50
1788041354.309343 screen_write_collect_trim: 0x10a0a6880 11-30 before 50-50
1788041354.309344 screen_write_collect_trim: 0x10a0a6820 33-37 before 50-50
1788041354.309346 screen_write_collect_trim: 0x10a0a67c0 40-48 before 50-50
1788041354.309347 screen_write_collect_end: 1   (at 50,15)
1788041354.309348 utf8_to_data: 438294e2 -> (1 3 \342\224\202)
1788041354.309350 utf8_from_data: (1 1  ) -> 41000020
1788041354.309351 input_csi_dispatch: 'H' "" "16;53"
1788041354.309353 parameter 0: number 16
1788041354.309354 parameter 1: number 53
1788041354.309355 screen_write_cursormove: from 51,15 to 52,15
1788041354.309357 screen_write_collect_trim: 0x10a0a68e0 6-8 before 52-58
1788041354.309358 screen_write_collect_trim: 0x10a0a6880 11-30 before 52-58
1788041354.309360 screen_write_collect_trim: 0x10a0a6820 33-37 before 52-58
1788041354.309361 screen_write_collect_trim: 0x10a0a67c0 40-48 before 52-58
1788041354.309363 screen_write_collect_trim: 0x10a0a6760 50-50 before 52-58
1788041354.309364 screen_write_collect_end: 7         (at 52,15)
1788041354.309365 utf8_to_data: 41000020 -> (1 1  )
1788041354.309367 utf8_from_data: (1 1  ) -> 41000020
1788041354.309368 utf8_from_data: (1 1  ) -> 41000020
1788041354.309370 utf8_from_data: (1 1  ) -> 41000020
1788041354.309371 utf8_from_data: (1 1  ) -> 41000020
1788041354.309372 utf8_from_data: (1 1  ) -> 41000020
1788041354.309374 utf8_from_data: (1 1  ) -> 41000020
1788041354.309375 utf8_from_data: (1 1  ) -> 41000020
1788041354.309376 input_csi_dispatch: 'H' "" "16;62"
1788041354.309378 parameter 0: number 16
1788041354.309379 parameter 1: number 62
1788041354.309380 screen_write_cursormove: from 59,15 to 61,15
1788041354.309382 screen_write_collect_trim: 0x10a0a68e0 6-8 before 61-80
1788041354.309384 screen_write_collect_trim: 0x10a0a6880 11-30 before 61-80
1788041354.309385 screen_write_collect_trim: 0x10a0a6820 33-37 before 61-80
1788041354.309387 screen_write_collect_trim: 0x10a0a67c0 40-48 before 61-80
1788041354.309388 screen_write_collect_trim: 0x10a0a6760 50-50 before 61-80
1788041354.309390 screen_write_collect_trim: 0x10a0a6700 52-58 before 61-80
1788041354.309391 screen_write_collect_end: 20                      (at 61,15)
1788041354.309392 utf8_to_data: 4100006d -> (1 1 m)
1788041354.309394 utf8_from_data: (1 1  ) -> 41000020
1788041354.309395 utf8_from_data: (1 1  ) -> 41000020
1788041354.309396 utf8_from_data: (1 1  ) -> 41000020
1788041354.309398 utf8_from_data: (1 1  ) -> 41000020
1788041354.309399 utf8_from_data: (1 1  ) -> 41000020
1788041354.309400 utf8_from_data: (1 1  ) -> 41000020
1788041354.309402 utf8_from_data: (1 1  ) -> 41000020
1788041354.309403 utf8_from_data: (1 1  ) -> 41000020
1788041354.309404 utf8_from_data: (1 1  ) -> 41000020
1788041354.309406 utf8_from_data: (1 1  ) -> 41000020
1788041354.309407 utf8_from_data: (1 1  ) -> 41000020
1788041354.309408 utf8_from_data: (1 1  ) -> 41000020
1788041354.309410 utf8_from_data: (1 1  ) -> 41000020
1788041354.309411 utf8_from_data: (1 1  ) -> 41000020
1788041354.309412 utf8_from_data: (1 1  ) -> 41000020
1788041354.309414 utf8_from_data: (1 1  ) -> 41000020
1788041354.309415 utf8_from_data: (1 1  ) -> 41000020
1788041354.309416 utf8_from_data: (1 1  ) -> 41000020
1788041354.309418 utf8_from_data: (1 1  ) -> 41000020
1788041354.309419 utf8_from_data: (1 1  ) -> 41000020
1788041354.309420 input_csi_dispatch: 'H' "" "16;84"
1788041354.309422 parameter 0: number 16
1788041354.309423 parameter 1: number 84
1788041354.309424 screen_write_cursormove: from 81,15 to 83,15
1788041354.309426 screen_write_collect_trim: 0x10a0a68e0 6-8 before 83-87
1788041354.309427 screen_write_collect_trim: 0x10a0a6880 11-30 before 83-87
1788041354.309429 screen_write_collect_trim: 0x10a0a6820 33-37 before 83-87
1788041354.309430 screen_write_collect_trim: 0x10a0a67c0 40-48 before 83-87
1788041354.309432 screen_write_collect_trim: 0x10a0a6760 50-50 before 83-87
1788041354.309433 screen_write_collect_trim: 0x10a0a6700 52-58 before 83-87
1788041354.309435 screen_write_collect_trim: 0x10a0a4420 61-80 before 83-87
1788041354.309436 screen_write_collect_end: 5       (at 83,15)
1788041354.309437 utf8_to_data: 41000020 -> (1 1  )
1788041354.309439 utf8_from_data: (1 1  ) -> 41000020
1788041354.309440 utf8_from_data: (1 1  ) -> 41000020
1788041354.309442 utf8_from_data: (1 1  ) -> 41000020
1788041354.309443 utf8_from_data: (1 1  ) -> 41000020
1788041354.309444 utf8_from_data: (1 1  ) -> 41000020
1788041354.309446 input_csi_dispatch: 'H' "" "16;91"
1788041354.309447 parameter 0: number 16
1788041354.309448 parameter 1: number 91
1788041354.309450 screen_write_cursormove: from 88,15 to 90,15
1788041354.309451 screen_write_collect_trim: 0x10a0a68e0 6-8 before 90-98
1788041354.309453 screen_write_collect_trim: 0x10a0a6880 11-30 before 90-98
1788041354.309454 screen_write_collect_trim: 0x10a0a6820 33-37 before 90-98
1788041354.309456 screen_write_collect_trim: 0x10a0a67c0 40-48 before 90-98
1788041354.309457 screen_write_collect_trim: 0x10a0a6760 50-50 before 90-98
1788041354.309458 screen_write_collect_trim: 0x10a0a6700 52-58 before 90-98
1788041354.309460 screen_write_collect_trim: 0x10a0a4420 61-80 before 90-98
1788041354.309461 screen_write_collect_trim: 0x10a0a40c0 83-87 before 90-98
1788041354.309463 screen_write_collect_end: 9           (at 90,15)
1788041354.309464 utf8_to_data: 41000020 -> (1 1  )
1788041354.309465 utf8_from_data: (1 1  ) -> 41000020
1788041354.309467 utf8_from_data: (1 1  ) -> 41000020
1788041354.309468 utf8_from_data: (1 1  ) -> 41000020
1788041354.309469 utf8_from_data: (1 1  ) -> 41000020
1788041354.309471 utf8_from_data: (1 1  ) -> 41000020
1788041354.309472 utf8_from_data: (1 1  ) -> 41000020
1788041354.309473 utf8_from_data: (1 1  ) -> 41000020
1788041354.309475 utf8_from_data: (1 1  ) -> 41000020
1788041354.309476 utf8_from_data: (1 1  ) -> 41000020
1788041354.309478 input_csi_dispatch: 'H' "" "17;3"
1788041354.309479 parameter 0: number 17
1788041354.309480 parameter 1: number 3
1788041354.309482 screen_write_cursormove: from 99,15 to 2,16
1788041354.309483 screen_write_collect_end: 7         (at 2,16)
1788041354.309485 utf8_to_data: 41000020 -> (1 1  )
1788041354.309486 utf8_from_data: (1 1  ) -> 41000020
1788041354.309487 utf8_from_data: (1 1  ) -> 41000020
1788041354.309489 utf8_from_data: (1 1  ) -> 41000020
1788041354.309490 utf8_from_data: (1 1  ) -> 41000020
1788041354.309491 utf8_from_data: (1 1  ) -> 41000020
1788041354.309493 utf8_from_data: (1 1  ) -> 41000020
1788041354.309494 utf8_from_data: (1 1  ) -> 41000020
1788041354.309496 input_csi_dispatch: 'H' "" "17;12"
1788041354.309497 parameter 0: number 17
1788041354.309498 parameter 1: number 12
1788041354.309500 screen_write_cursormove: from 9,16 to 11,16
1788041354.309501 screen_write_collect_trim: 0x10a0a6b20 2-8 before 11-30
1788041354.309503 screen_write_collect_end: 20                      (at 11,16)
1788041354.309504 utf8_to_data: 41000070 -> (1 1 p)
1788041354.309506 utf8_from_data: (1 1  ) -> 41000020
1788041354.309507 utf8_from_data: (1 1  ) -> 41000020
1788041354.309508 utf8_from_data: (1 1  ) -> 41000020
1788041354.309509 utf8_from_data: (1 1  ) -> 41000020
1788041354.309511 utf8_from_data: (1 1  ) -> 41000020
1788041354.309512 utf8_from_data: (1 1  ) -> 41000020
1788041354.309513 utf8_from_data: (1 1  ) -> 41000020
1788041354.309515 utf8_from_data: (1 1  ) -> 41000020
1788041354.309516 utf8_from_data: (1 1  ) -> 41000020
1788041354.309518 utf8_from_data: (1 1  ) -> 41000020
1788041354.309519 utf8_from_data: (1 1  ) -> 41000020
1788041354.309520 utf8_from_data: (1 1  ) -> 41000020
1788041354.309522 utf8_from_data: (1 1  ) -> 41000020
1788041354.309523 utf8_from_data: (1 1  ) -> 41000020
1788041354.309525 utf8_from_data: (1 1  ) -> 41000020
1788041354.309526 utf8_from_data: (1 1  ) -> 41000020
1788041354.309527 utf8_from_data: (1 1  ) -> 41000020
1788041354.309529 utf8_from_data: (1 1  ) -> 41000020
1788041354.309530 utf8_from_data: (1 1  ) -> 41000020
1788041354.309531 utf8_from_data: (1 1  ) -> 41000020
1788041354.309533 input_csi_dispatch: 'H' "" "17;34"
1788041354.309534 parameter 0: number 17
1788041354.309535 parameter 1: number 34
1788041354.309537 screen_write_cursormove: from 31,16 to 33,16
1788041354.309538 screen_write_collect_trim: 0x10a0a6b20 2-8 before 33-37
1788041354.309540 screen_write_collect_trim: 0x10a0a6b80 11-30 before 33-37
1788041354.309541 screen_write_collect_end: 5       (at 33,16)
1788041354.309542 utf8_to_data: 41000020 -> (1 1  )
1788041354.309544 utf8_from_data: (1 1  ) -> 41000020
1788041354.309545 utf8_from_data: (1 1  ) -> 41000020
1788041354.309546 utf8_from_data: (1 1  ) -> 41000020
1788041354.309548 utf8_from_data: (1 1  ) -> 41000020
1788041354.309549 utf8_from_data: (1 1  ) -> 41000020
1788041354.309551 input_csi_dispatch: 'H' "" "17;41"
1788041354.309552 parameter 0: number 17
1788041354.309553 parameter 1: number 41
1788041354.309555 screen_write_cursormove: from 38,16 to 40,16
1788041354.309556 screen_write_collect_trim: 0x10a0a6b20 2-8 before 40-48
1788041354.309558 screen_write_collect_trim: 0x10a0a6b80 11-30 before 40-48
1788041354.309559 screen_write_collect_trim: 0x10a0a66a0 33-37 before 40-48
1788041354.309560 screen_write_collect_end: 9           (at 40,16)
1788041354.309562 utf8_to_data: 41000020 -> (1 1  )
1788041354.309563 utf8_from_data: (1 1  ) -> 41000020
1788041354.309565 utf8_from_data: (1 1  ) -> 41000020
1788041354.309566 utf8_from_data: (1 1  ) -> 41000020
1788041354.309567 utf8_from_data: (1 1  ) -> 41000020
1788041354.309569 utf8_from_data: (1 1  ) -> 41000020
1788041354.309570 utf8_from_data: (1 1  ) -> 41000020
1788041354.309572 utf8_from_data: (1 1  ) -> 41000020
1788041354.309573 utf8_from_data: (1 1  ) -> 41000020
1788041354.309574 utf8_from_data: (1 1  ) -> 41000020
1788041354.309576 input_csi_dispatch: 'H' "" "17;51"
1788041354.309577 parameter 0: number 17
1788041354.309578 parameter 1: number 51
1788041354.309580 screen_write_cursormove: from 49,16 to 50,16
1788041354.309581 screen_write_collect_trim: 0x10a0a6b20 2-8 before 50-50
1788041354.309583 screen_write_collect_trim: 0x10a0a6b80 11-30 before 50-50
1788041354.309584 screen_write_collect_trim: 0x10a0a66a0 33-37 before 50-50
1788041354.309585 screen_write_collect_trim: 0x10a0a6640 40-48 before 50-50
1788041354.309587 screen_write_collect_end: 1   (at 50,16)
1788041354.309588 utf8_to_data: 438294e2 -> (1 3 \342\224\202)
1788041354.309590 utf8_from_data: (1 1  ) -> 41000020
1788041354.309591 input_csi_dispatch: 'H' "" "17;53"
1788041354.309592 parameter 0: number 17
1788041354.309594 parameter 1: number 53
1788041354.309595 screen_write_cursormove: from 51,16 to 52,16
1788041354.309597 screen_write_collect_trim: 0x10a0a6b20 2-8 before 52-58
1788041354.309598 screen_write_collect_trim: 0x10a0a6b80 11-30 before 52-58
1788041354.309599 screen_write_collect_trim: 0x10a0a66a0 33-37 before 52-58
1788041354.309601 screen_write_collect_trim: 0x10a0a6640 40-48 before 52-58
1788041354.309602 screen_write_collect_trim: 0x10a0a65e0 50-50 before 52-58
1788041354.309604 screen_write_collect_end: 7         (at 52,16)
1788041354.309605 utf8_to_data: 41000020 -> (1 1  )
1788041354.309606 utf8_from_data: (1 1  ) -> 41000020
1788041354.309608 utf8_from_data: (1 1  ) -> 41000020
1788041354.309609 utf8_from_data: (1 1  ) -> 41000020
1788041354.309610 utf8_from_data: (1 1  ) -> 41000020
1788041354.309612 utf8_from_data: (1 1  ) -> 41000020
1788041354.309613 utf8_from_data: (1 1  ) -> 41000020
1788041354.309615 utf8_from_data: (1 1  ) -> 41000020
1788041354.309616 input_csi_dispatch: 'H' "" "17;62"
1788041354.309617 parameter 0: number 17
1788041354.309619 parameter 1: number 62
1788041354.309620 screen_write_cursormove: from 59,16 to 61,16
1788041354.309622 screen_write_collect_trim: 0x10a0a6b20 2-8 before 61-80
1788041354.309623 screen_write_collect_trim: 0x10a0a6b80 11-30 before 61-80
1788041354.309625 screen_write_collect_trim: 0x10a0a66a0 33-37 before 61-80
1788041354.309626 screen_write_collect_trim: 0x10a0a6640 40-48 before 61-80
1788041354.309628 screen_write_collect_trim: 0x10a0a65e0 50-50 before 61-80
1788041354.309630 screen_write_collect_trim: 0x10a0a6580 52-58 before 61-80
1788041354.309631 screen_write_collect_end: 20                      (at 61,16)
1788041354.309633 utf8_to_data: 4100006d -> (1 1 m)
1788041354.309634 utf8_from_data: (1 1  ) -> 41000020
1788041354.309635 utf8_from_data: (1 1  ) -> 41000020
1788041354.309637 utf8_from_data: (1 1  ) -> 41000020
1788041354.309638 utf8_from_data: (1 1  ) -> 41000020
1788041354.309640 utf8_from_data: (1 1  ) -> 41000020
1788041354.309641 utf8_from_data: (1 1  ) -> 41000020
1788041354.309642 utf8_from_data: (1 1  ) -> 41000020
1788041354.309644 utf8_from_data: (1 1  ) -> 41000020
1788041354.309645 utf8_from_data: (1 1  ) -> 41000020
1788041354.309646 utf8_from_data: (1 1  ) -> 41000020
1788041354.309648 utf8_from_data: (1 1  ) -> 41000020
1788041354.309649 utf8_from_data: (1 1  ) -> 41000020
1788041354.309650 utf8_from_data: (1 1  ) -> 41000020
1788041354.309652 utf8_from_data: (1 1  ) -> 41000020
1788041354.309653 utf8_from_data: (1 1  ) -> 41000020
1788041354.309654 utf8_from_data: (1 1  ) -> 41000020
1788041354.309656 utf8_from_data: (1 1  ) -> 41000020
1788041354.309657 utf8_from_data: (1 1  ) -> 41000020
1788041354.309658 utf8_from_data: (1 1  ) -> 41000020
1788041354.309660 utf8_from_data: (1 1  ) -> 41000020
1788041354.309661 input_csi_dispatch: 'H' "" "17;84"
1788041354.309662 parameter 0: number 17
1788041354.309664 parameter 1: number 84
1788041354.309665 screen_write_cursormove: from 81,16 to 83,16
1788041354.309667 screen_write_collect_trim: 0x10a0a6b20 2-8 before 83-87
1788041354.309668 screen_write_collect_trim: 0x10a0a6b80 11-30 before 83-87
1788041354.309670 screen_write_collect_trim: 0x10a0a66a0 33-37 before 83-87
1788041354.309671 screen_write_collect_trim: 0x10a0a6640 40-48 before 83-87
1788041354.309673 screen_write_collect_trim: 0x10a0a65e0 50-50 before 83-87
1788041354.309674 screen_write_collect_trim: 0x10a0a6580 52-58 before 83-87
1788041354.309676 screen_write_collect_trim: 0x10a0a6520 61-80 before 83-87
1788041354.309677 screen_write_collect_end: 5       (at 83,16)
1788041354.309678 utf8_to_data: 41000020 -> (1 1  )
1788041354.309680 utf8_from_data: (1 1  ) -> 41000020
1788041354.309681 utf8_from_data: (1 1  ) -> 41000020
1788041354.309682 utf8_from_data: (1 1  ) -> 41000020
1788041354.309684 utf8_from_data: (1 1  ) -> 41000020
1788041354.309685 utf8_from_data: (1 1  ) -> 41000020
1788041354.309687 input_csi_dispatch: 'H' "" "17;91"
1788041354.309688 parameter 0: number 17
1788041354.309689 parameter 1: number 91
1788041354.309691 screen_write_cursormove: from 88,16 to 90,16
1788041354.309692 screen_write_collect_trim: 0x10a0a6b20 2-8 before 90-98
1788041354.309694 screen_write_collect_trim: 0x10a0a6b80 11-30 before 90-98
1788041354.309695 screen_write_collect_trim: 0x10a0a66a0 33-37 before 90-98
1788041354.309698 screen_write_collect_trim: 0x10a0a6640 40-48 before 90-98
1788041354.309700 screen_write_collect_trim: 0x10a0a65e0 50-50 before 90-98
1788041354.309703 screen_write_collect_trim: 0x10a0a6580 52-58 before 90-98
1788041354.309705 screen_write_collect_trim: 0x10a0a6520 61-80 before 90-98
1788041354.309707 screen_write_collect_trim: 0x10a0a64c0 83-87 before 90-98
1788041354.309708 screen_write_collect_end: 9           (at 90,16)
1788041354.309710 utf8_to_data: 41000020 -> (1 1  )
1788041354.309711 utf8_from_data: (1 1  ) -> 41000020
1788041354.309712 utf8_from_data: (1 1  ) -> 41000020
1788041354.309714 utf8_from_data: (1 1  ) -> 41000020
1788041354.309715 utf8_from_data: (1 1  ) -> 41000020
1788041354.309716 utf8_from_data: (1 1  ) -> 41000020
1788041354.309718 utf8_from_data: (1 1  ) -> 41000020
1788041354.309719 utf8_from_data: (1 1  ) -> 41000020
1788041354.309720 utf8_from_data: (1 1  ) -> 41000020
1788041354.309722 utf8_from_data: (1 1  ) -> 41000020
1788041354.309723 input_csi_dispatch: 'H' "" "18;3"
1788041354.309724 parameter 0: number 18
1788041354.309726 parameter 1: number 3
1788041354.309727 screen_write_cursormove: from 99,16 to 2,17
1788041354.309729 screen_write_collect_end: 7         (at 2,17)
1788041354.309730 utf8_to_data: 41000020 -> (1 1  )
1788041354.309733 utf8_from_data: (1 1  ) -> 41000020
1788041354.309734 utf8_from_data: (1 1  ) -> 41000020
1788041354.309735 utf8_from_data: (1 1  ) -> 41000020
1788041354.309737 utf8_from_data: (1 1  ) -> 41000020
1788041354.309738 utf8_from_data: (1 1  ) -> 41000020
1788041354.309739 utf8_from_data: (1 1  ) -> 41000020
1788041354.309741 utf8_from_data: (1 1  ) -> 41000020
1788041354.309742 input_csi_dispatch: 'H' "" "18;12"
1788041354.309743 parameter 0: number 18
1788041354.309745 parameter 1: number 12
1788041354.309746 screen_write_cursormove: from 9,17 to 11,17
1788041354.309748 screen_write_collect_trim: 0x10a0a4060 2-8 before 11-30
1788041354.309749 screen_write_collect_end: 20                      (at 11,17)
1788041354.309751 utf8_to_data: 4100005a -> (1 1 Z)
1788041354.309752 utf8_from_data: (1 1  ) -> 41000020
1788041354.309753 utf8_from_data: (1 1  ) -> 41000020
1788041354.309755 utf8_from_data: (1 1  ) -> 41000020
1788041354.309756 utf8_from_data: (1 1  ) -> 41000020
1788041354.309757 utf8_from_data: (1 1  ) -> 41000020
1788041354.309759 utf8_from_data: (1 1  ) -> 41000020
1788041354.309760 utf8_from_data: (1 1  ) -> 41000020
1788041354.309761 utf8_from_data: (1 1  ) -> 41000020
1788041354.309763 utf8_from_data: (1 1  ) -> 41000020
1788041354.309764 utf8_from_data: (1 1  ) -> 41000020
1788041354.309765 utf8_from_data: (1 1  ) -> 41000020
1788041354.309767 utf8_from_data: (1 1  ) -> 41000020
1788041354.309768 utf8_from_data: (1 1  ) -> 41000020
1788041354.309769 utf8_from_data: (1 1  ) -> 41000020
1788041354.309771 utf8_from_data: (1 1  ) -> 41000020
1788041354.309772 utf8_from_data: (1 1  ) -> 41000020
1788041354.309773 utf8_from_data: (1 1  ) -> 41000020
1788041354.309775 utf8_from_data: (1 1  ) -> 41000020
1788041354.309776 utf8_from_data: (1 1  ) -> 41000020
1788041354.309777 utf8_from_data: (1 1  ) -> 41000020
1788041354.309779 input_csi_dispatch: 'H' "" "18;34"
1788041354.309780 parameter 0: number 18
1788041354.309781 parameter 1: number 34
1788041354.309783 screen_write_cursormove: from 31,17 to 33,17
1788041354.309785 screen_write_collect_trim: 0x10a0a4060 2-8 before 33-37
1788041354.309786 screen_write_collect_trim: 0x10a0a6c40 11-30 before 33-37
1788041354.309787 screen_write_collect_end: 5       (at 33,17)
1788041354.309789 utf8_to_data: 41000020 -> (1 1  )
1788041354.309790 utf8_from_data: (1 1  ) -> 41000020
1788041354.309792 utf8_from_data: (1 1  ) -> 41000020
1788041354.309793 utf8_from_data: (1 1  ) -> 41000020
1788041354.309794 utf8_from_data: (1 1  ) -> 41000020
1788041354.309796 utf8_from_data: (1 1  ) -> 41000020
1788041354.309797 input_csi_dispatch: 'H' "" "18;41"
1788041354.309798 parameter 0: number 18
1788041354.309800 parameter 1: number 41
1788041354.309801 screen_write_cursormove: from 38,17 to 40,17
1788041354.309803 screen_write_collect_trim: 0x10a0a4060 2-8 before 40-48
1788041354.309804 screen_write_collect_trim: 0x10a0a6c40 11-30 before 40-48
1788041354.309805 screen_write_collect_trim: 0x10a0a6d00 33-37 before 40-48
1788041354.309807 screen_write_collect_end: 9           (at 40,17)
1788041354.309808 utf8_to_data: 41000020 -> (1 1  )
1788041354.309810 utf8_from_data: (1 1  ) -> 41000020
1788041354.309811 utf8_from_data: (1 1  ) -> 41000020
1788041354.309812 utf8_from_data: (1 1  ) -> 41000020
1788041354.309814 utf8_from_data: (1 1  ) -> 41000020
1788041354.309815 utf8_from_data: (1 1  ) -> 41000020
1788041354.309816 utf8_from_data: (1 1  ) -> 41000020
1788041354.309818 utf8_from_data: (1 1  ) -> 41000020
1788041354.309819 utf8_from_data: (1 1  ) -> 41000020
1788041354.309820 utf8_from_data: (1 1  ) -> 41000020
1788041354.309822 input_csi_dispatch: 'H' "" "18;51"
1788041354.309823 parameter 0: number 18
1788041354.309824 parameter 1: number 51
1788041354.309826 screen_write_cursormove: from 49,17 to 50,17
1788041354.309827 screen_write_collect_trim: 0x10a0a4060 2-8 before 50-50
1788041354.309829 screen_write_collect_trim: 0x10a0a6c40 11-30 before 50-50
1788041354.309830 screen_write_collect_trim: 0x10a0a6d00 33-37 before 50-50
1788041354.309832 screen_write_collect_trim: 0x10a0a6d60 40-48 before 50-50
1788041354.309833 screen_write_collect_end: 1   (at 50,17)
1788041354.309834 utf8_to_data: 438294e2 -> (1 3 \342\224\202)
1788041354.309836 utf8_from_data: (1 1  ) -> 41000020
1788041354.309837 input_csi_dispatch: 'H' "" "18;53"
1788041354.309839 parameter 0: number 18
1788041354.309840 parameter 1: number 53
1788041354.309841 screen_write_cursormove: from 51,17 to 52,17
1788041354.309843 screen_write_collect_trim: 0x10a0a4060 2-8 before 52-58
1788041354.309844 screen_write_collect_trim: 0x10a0a6c40 11-30 before 52-58
1788041354.309846 screen_write_collect_trim: 0x10a0a6d00 33-37 before 52-58
1788041354.309847 screen_write_collect_trim: 0x10a0a6d60 40-48 before 52-58
1788041354.309849 screen_write_collect_trim: 0x10a0a6ac0 50-50 before 52-58
1788041354.309850 screen_write_collect_end: 7         (at 52,17)
1788041354.309851 utf8_to_data: 41000020 -> (1 1  )
1788041354.309853 utf8_from_data: (1 1  ) -> 41000020
1788041354.309854 utf8_from_data: (1 1  ) -> 41000020
1788041354.309855 utf8_from_data: (1 1  ) -> 41000020
1788041354.309857 utf8_from_data: (1 1  ) -> 41000020
1788041354.309858 utf8_from_data: (1 1  ) -> 41000020
1788041354.309859 utf8_from_data: (1 1  ) -> 41000020
1788041354.309861 utf8_from_data: (1 1  ) -> 41000020
1788041354.309862 input_csi_dispatch: 'H' "" "18;62"
1788041354.309864 parameter 0: number 18
1788041354.309865 parameter 1: number 62
1788041354.309866 screen_write_cursormove: from 59,17 to 61,17
1788041354.309868 screen_write_collect_trim: 0x10a0a4060 2-8 before 61-80
1788041354.309870 screen_write_collect_trim: 0x10a0a6c40 11-30 before 61-80
1788041354.309871 screen_write_collect_trim: 0x10a0a6d00 33-37 before 61-80
1788041354.309872 screen_write_collect_trim: 0x10a0a6d60 40-48 before 61-80
1788041354.309874 screen_write_collect_trim: 0x10a0a6ac0 50-50 before 61-80
1788041354.309875 screen_write_collect_trim: 0x10a0a6a60 52-58 before 61-80
1788041354.309877 screen_write_collect_end: 20                      (at 61,17)
1788041354.309878 utf8_to_data: 4100006d -> (1 1 m)
1788041354.309879 utf8_from_data: (1 1  ) -> 41000020
1788041354.309881 utf8_from_data: (1 1  ) -> 41000020
1788041354.309882 utf8_from_data: (1 1  ) -> 41000020
1788041354.309883 utf8_from_data: (1 1  ) -> 41000020
1788041354.309885 utf8_from_data: (1 1  ) -> 41000020
1788041354.309886 utf8_from_data: (1 1  ) -> 41000020
1788041354.309887 utf8_from_data: (1 1  ) -> 41000020
1788041354.309889 utf8_from_data: (1 1  ) -> 41000020
1788041354.309890 utf8_from_data: (1 1  ) -> 41000020
1788041354.309891 utf8_from_data: (1 1  ) -> 41000020
1788041354.309893 utf8_from_data: (1 1  ) -> 41000020
1788041354.309894 utf8_from_data: (1 1  ) -> 41000020
1788041354.309895 utf8_from_data: (1 1  ) -> 41000020
1788041354.309897 utf8_from_data: (1 1  ) -> 41000020
1788041354.309898 utf8_from_data: (1 1  ) -> 41000020
1788041354.309899 utf8_from_data: (1 1  ) -> 41000020
1788041354.309901 utf8_from_data: (1 1  ) -> 41000020
1788041354.309902 utf8_from_data: (1 1  ) -> 41000020
1788041354.309904 utf8_from_data: (1 1  ) -> 41000020
1788041354.309905 utf8_from_data: (1 1  ) -> 41000020
1788041354.309907 input_csi_dispatch: 'H' "" "18;84"
1788041354.309908 parameter 0: number 18
1788041354.309910 parameter 1: number 84
1788041354.309912 screen_write_cursormove: from 81,17 to 83,17
1788041354.309913 screen_write_collect_trim: 0x10a0a4060 2-8 before 83-87
1788041354.309915 screen_write_collect_trim: 0x10a0a6c40 11-30 before 83-87
1788041354.309916 screen_write_collect_trim: 0x10a0a6d00 33-37 before 83-87
1788041354.309918 screen_write_collect_trim: 0x10a0a6d60 40-48 before 83-87
1788041354.309919 screen_write_collect_trim: 0x10a0a6ac0 50-50 before 83-87
1788041354.309921 screen_write_collect_trim: 0x10a0a6a60 52-58 before 83-87
1788041354.309922 screen_write_collect_trim: 0x10a0a43c0 61-80 before 83-87
1788041354.309923 screen_write_collect_end: 5       (at 83,17)
1788041354.309925 utf8_to_data: 41000020 -> (1 1  )
1788041354.309926 utf8_from_data: (1 1  ) -> 41000020
1788041354.309927 utf8_from_data: (1 1  ) -> 41000020
1788041354.309929 utf8_from_data: (1 1  ) -> 41000020
1788041354.309930 utf8_from_data: (1 1  ) -> 41000020
1788041354.309931 utf8_from_data: (1 1  ) -> 41000020
1788041354.309933 input_csi_dispatch: 'H' "" "18;91"
1788041354.309934 parameter 0: number 18
1788041354.309936 parameter 1: number 91
1788041354.309937 screen_write_cursormove: from 88,17 to 90,17
1788041354.309939 screen_write_collect_trim: 0x10a0a4060 2-8 before 90-98
1788041354.309940 screen_write_collect_trim: 0x10a0a6c40 11-30 before 90-98
1788041354.309942 screen_write_collect_trim: 0x10a0a6d00 33-37 before 90-98
1788041354.309943 screen_write_collect_trim: 0x10a0a6d60 40-48 before 90-98
1788041354.309944 screen_write_collect_trim: 0x10a0a6ac0 50-50 before 90-98
1788041354.309946 screen_write_collect_trim: 0x10a0a6a60 52-58 before 90-98
1788041354.309947 screen_write_collect_trim: 0x10a0a43c0 61-80 before 90-98
1788041354.309949 screen_write_collect_trim: 0x10a0a4540 83-87 before 90-98
1788041354.309950 screen_write_collect_end: 9           (at 90,17)
1788041354.309951 utf8_to_data: 41000020 -> (1 1  )
1788041354.309953 utf8_from_data: (1 1  ) -> 41000020
1788041354.309954 utf8_from_data: (1 1  ) -> 41000020
1788041354.309956 utf8_from_data: (1 1  ) -> 41000020
1788041354.309957 utf8_from_data: (1 1  ) -> 41000020
1788041354.309959 utf8_from_data: (1 1  ) -> 41000020
1788041354.309960 utf8_from_data: (1 1  ) -> 41000020
1788041354.309961 utf8_from_data: (1 1  ) -> 41000020
1788041354.309963 utf8_from_data: (1 1  ) -> 41000020
1788041354.309964 utf8_from_data: (1 1  ) -> 41000020
1788041354.309965 input_csi_dispatch: 'H' "" "19;3"
1788041354.309967 parameter 0: number 19
1788041354.309968 parameter 1: number 3
1788041354.309969 screen_write_cursormove: from 99,17 to 2,18
1788041354.309971 screen_write_collect_end: 7         (at 2,18)
1788041354.309972 utf8_to_data: 41000020 -> (1 1  )
1788041354.309974 utf8_from_data: (1 1  ) -> 41000020
1788041354.309975 utf8_from_data: (1 1  ) -> 41000020
1788041354.309976 utf8_from_data: (1 1  ) -> 41000020
1788041354.309978 utf8_from_data: (1 1  ) -> 41000020
1788041354.309979 utf8_from_data: (1 1  ) -> 41000020
1788041354.309980 utf8_from_data: (1 1  ) -> 41000020
1788041354.309982 utf8_from_data: (1 1  ) -> 41000020
1788041354.309983 input_csi_dispatch: 'H' "" "19;12"
1788041354.309984 parameter 0: number 19
1788041354.309986 parameter 1: number 12
1788041354.309987 screen_write_cursormove: from 9,18 to 11,18
1788041354.309989 screen_write_collect_trim: 0x10a0a4600 2-8 before 11-30
1788041354.309990 screen_write_collect_end: 20                      (at 11,18)
1788041354.309992 utf8_to_data: 41000078 -> (1 1 x)
1788041354.309993 utf8_from_data: (1 1  ) -> 41000020
1788041354.309994 utf8_from_data: (1 1  ) -> 41000020
1788041354.309996 utf8_from_data: (1 1  ) -> 41000020
1788041354.309997 utf8_from_data: (1 1  ) -> 41000020
1788041354.309998 utf8_from_data: (1 1  ) -> 41000020
1788041354.310000 utf8_from_data: (1 1  ) -> 41000020
1788041354.310001 utf8_from_data: (1 1  ) -> 41000020
1788041354.310002 utf8_from_data: (1 1  ) -> 41000020
1788041354.310004 utf8_from_data: (1 1  ) -> 41000020
1788041354.310005 utf8_from_data: (1 1  ) -> 41000020
1788041354.310006 utf8_from_data: (1 1  ) -> 41000020
1788041354.310008 utf8_from_data: (1 1  ) -> 41000020
1788041354.310009 utf8_from_data: (1 1  ) -> 41000020
1788041354.310010 utf8_from_data: (1 1  ) -> 41000020
1788041354.310012 utf8_from_data: (1 1  ) -> 41000020
1788041354.310013 utf8_from_data: (1 1  ) -> 41000020
1788041354.310015 utf8_from_data: (1 1  ) -> 41000020
1788041354.310016 utf8_from_data: (1 1  ) -> 41000020
1788041354.310018 utf8_from_data: (1 1  ) -> 41000020
1788041354.310019 utf8_from_data: (1 1  ) -> 41000020
1788041354.310020 input_csi_dispatch: 'H' "" "19;34"
1788041354.310022 parameter 0: number 19
1788041354.310024 parameter 1: number 34
1788041354.310026 screen_write_cursormove: from 31,18 to 33,18
1788041354.310028 screen_write_collect_trim: 0x10a0a4600 2-8 before 33-37
1788041354.310030 screen_write_collect_trim: 0x10a0a4660 11-30 before 33-37
1788041354.310031 screen_write_collect_end: 5       (at 33,18)
1788041354.310033 utf8_to_data: 41000020 -> (1 1  )
1788041354.310035 utf8_from_data: (1 1  ) -> 41000020
1788041354.310036 utf8_from_data: (1 1  ) -> 41000020
1788041354.310038 utf8_from_data: (1 1  ) -> 41000020
1788041354.310039 utf8_from_data: (1 1  ) -> 41000020
1788041354.310041 utf8_from_data: (1 1  ) -> 41000020
1788041354.310042 input_csi_dispatch: 'H' "" "19;41"
1788041354.310044 parameter 0: number 19
1788041354.310045 parameter 1: number 41
1788041354.310046 screen_write_cursormove: from 38,18 to 40,18
1788041354.310048 screen_write_collect_trim: 0x10a0a4600 2-8 before 40-48
1788041354.310049 screen_write_collect_trim: 0x10a0a4660 11-30 before 40-48
1788041354.310051 screen_write_collect_trim: 0x10a0a46c0 33-37 before 40-48
1788041354.310052 screen_write_collect_end: 9           (at 40,18)
1788041354.310054 utf8_to_data: 41000020 -> (1 1  )
1788041354.310056 utf8_from_data: (1 1  ) -> 41000020
1788041354.310057 utf8_from_data: (1 1  ) -> 41000020
1788041354.310059 utf8_from_data: (1 1  ) -> 41000020
1788041354.310060 utf8_from_data: (1 1  ) -> 41000020
1788041354.310061 utf8_from_data: (1 1  ) -> 41000020
1788041354.310063 utf8_from_data: (1 1  ) -> 41000020
1788041354.310064 utf8_from_data: (1 1  ) -> 41000020
1788041354.310066 utf8_from_data: (1 1  ) -> 41000020
1788041354.310068 utf8_from_data: (1 1  ) -> 41000020
1788041354.310069 input_csi_dispatch: 'H' "" "19;51"
1788041354.310070 parameter 0: number 19
1788041354.310072 parameter 1: number 51
1788041354.310073 screen_write_cursormove: from 49,18 to 50,18
1788041354.310075 screen_write_collect_trim: 0x10a0a4600 2-8 before 50-50
1788041354.310076 screen_write_collect_trim: 0x10a0a4660 11-30 before 50-50
1788041354.310078 screen_write_collect_trim: 0x10a0a46c0 33-37 before 50-50
1788041354.310079 screen_write_collect_trim: 0x10a0a4720 40-48 before 50-50
1788041354.310081 screen_write_collect_end: 1   (at 50,18)
1788041354.310083 utf8_to_data: 438294e2 -> (1 3 \342\224\202)
1788041354.310084 utf8_from_data: (1 1  ) -> 41000020
1788041354.310086 input_csi_dispatch: 'H' "" "19;53"
1788041354.310087 parameter 0: number 19
1788041354.310088 parameter 1: number 53
1788041354.310090 screen_write_cursormove: from 51,18 to 52,18
1788041354.310092 screen_write_collect_trim: 0x10a0a4600 2-8 before 52-58
1788041354.310093 screen_write_collect_trim: 0x10a0a4660 11-30 before 52-58
1788041354.310095 screen_write_collect_trim: 0x10a0a46c0 33-37 before 52-58
1788041354.310096 screen_write_collect_trim: 0x10a0a4720 40-48 before 52-58
1788041354.310098 screen_write_collect_trim: 0x10a0a4780 50-50 before 52-58
1788041354.310099 screen_write_collect_end: 7         (at 52,18)
1788041354.310101 utf8_to_data: 41000020 -> (1 1  )
1788041354.310102 utf8_from_data: (1 1  ) -> 41000020
1788041354.310103 utf8_from_data: (1 1  ) -> 41000020
1788041354.310105 utf8_from_data: (1 1  ) -> 41000020
1788041354.310106 utf8_from_data: (1 1  ) -> 41000020
1788041354.310107 utf8_from_data: (1 1  ) -> 41000020
1788041354.310109 utf8_from_data: (1 1  ) -> 41000020
1788041354.310110 utf8_from_data: (1 1  ) -> 41000020
1788041354.310112 input_csi_dispatch: 'H' "" "19;62"
1788041354.310113 parameter 0: number 19
1788041354.310114 parameter 1: number 62
1788041354.310116 screen_write_cursormove: from 59,18 to 61,18
1788041354.310118 screen_write_collect_trim: 0x10a0a4600 2-8 before 61-80
1788041354.310119 screen_write_collect_trim: 0x10a0a4660 11-30 before 61-80
1788041354.310121 screen_write_collect_trim: 0x10a0a46c0 33-37 before 61-80
1788041354.310122 screen_write_collect_trim: 0x10a0a4720 40-48 before 61-80
1788041354.310123 screen_write_collect_trim: 0x10a0a4780 50-50 before 61-80
1788041354.310125 screen_write_collect_trim: 0x10a0a47e0 52-58 before 61-80
1788041354.310126 screen_write_collect_end: 20                      (at 61,18)
1788041354.310128 utf8_to_data: 4100006d -> (1 1 m)
1788041354.310129 utf8_from_data: (1 1  ) -> 41000020
1788041354.310131 utf8_from_data: (1 1  ) -> 41000020
1788041354.310132 utf8_from_data: (1 1  ) -> 41000020
1788041354.310134 utf8_from_data: (1 1  ) -> 41000020
1788041354.310136 utf8_from_data: (1 1  ) -> 41000020
1788041354.310137 utf8_from_data: (1 1  ) -> 41000020
1788041354.310139 utf8_from_data: (1 1  ) -> 41000020
1788041354.310140 utf8_from_data: (1 1  ) -> 41000020
1788041354.310142 utf8_from_data: (1 1  ) -> 41000020
1788041354.310143 utf8_from_data: (1 1  ) -> 41000020
1788041354.310144 utf8_from_data: (1 1  ) -> 41000020
1788041354.310146 utf8_from_data: (1 1  ) -> 41000020
1788041354.310147 utf8_from_data: (1 1  ) -> 41000020
1788041354.310149 utf8_from_data: (1 1  ) -> 41000020
1788041354.310150 utf8_from_data: (1 1  ) -> 41000020
1788041354.310151 utf8_from_data: (1 1  ) -> 41000020
1788041354.310153 utf8_from_data: (1 1  ) -> 41000020
1788041354.310154 utf8_from_data: (1 1  ) -> 41000020
1788041354.310156 utf8_from_data: (1 1  ) -> 41000020
1788041354.310157 utf8_from_data: (1 1  ) -> 41000020
1788041354.310158 input_csi_dispatch: 'H' "" "19;84"
1788041354.310160 parameter 0: number 19
1788041354.310161 parameter 1: number 84
1788041354.310162 screen_write_cursormove: from 81,18 to 83,18
1788041354.310164 screen_write_collect_trim: 0x10a0a4600 2-8 before 83-87
1788041354.310165 screen_write_collect_trim: 0x10a0a4660 11-30 before 83-87
1788041354.310167 screen_write_collect_trim: 0x10a0a46c0 33-37 before 83-87
1788041354.310168 screen_write_collect_trim: 0x10a0a4720 40-48 before 83-87
1788041354.310170 screen_write_collect_trim: 0x10a0a4780 50-50 before 83-87
1788041354.310171 screen_write_collect_trim: 0x10a0a47e0 52-58 before 83-87
1788041354.310173 screen_write_collect_trim: 0x10a0a4840 61-80 before 83-87
1788041354.310174 screen_write_collect_end: 5       (at 83,18)
1788041354.310175 utf8_to_data: 41000020 -> (1 1  )
1788041354.310177 utf8_from_data: (1 1  ) -> 41000020
1788041354.310178 utf8_from_data: (1 1  ) -> 41000020
1788041354.310179 utf8_from_data: (1 1  ) -> 41000020
1788041354.310181 utf8_from_data: (1 1  ) -> 41000020
1788041354.310182 utf8_from_data: (1 1  ) -> 41000020
1788041354.310184 input_csi_dispatch: 'H' "" "19;91"
1788041354.310185 parameter 0: number 19
1788041354.310186 parameter 1: number 91
1788041354.310188 screen_write_cursormove: from 88,18 to 90,18
1788041354.310189 screen_write_collect_trim: 0x10a0a4600 2-8 before 90-98
1788041354.310191 screen_write_collect_trim: 0x10a0a4660 11-30 before 90-98
1788041354.310193 screen_write_collect_trim: 0x10a0a46c0 33-37 before 90-98
1788041354.310194 screen_write_collect_trim: 0x10a0a4720 40-48 before 90-98
1788041354.310196 screen_write_collect_trim: 0x10a0a4780 50-50 before 90-98
1788041354.310197 screen_write_collect_trim: 0x10a0a47e0 52-58 before 90-98
1788041354.310199 screen_write_collect_trim: 0x10a0a4840 61-80 before 90-98
1788041354.310200 screen_write_collect_trim: 0x10a0a48a0 83-87 before 90-98
1788041354.310202 screen_write_collect_end: 9           (at 90,18)
1788041354.310203 utf8_to_data: 41000020 -> (1 1  )
1788041354.310204 utf8_from_data: (1 1  ) -> 41000020
1788041354.310206 utf8_from_data: (1 1  ) -> 41000020
1788041354.310207 utf8_from_data: (1 1  ) -> 41000020
1788041354.310209 utf8_from_data: (1 1  ) -> 41000020
1788041354.310210 utf8_from_data: (1 1  ) -> 41000020
1788041354.310211 utf8_from_data: (1 1  ) -> 41000020
1788041354.310213 utf8_from_data: (1 1  ) -> 41000020
1788041354.310214 utf8_from_data: (1 1  ) -> 41000020
1788041354.310215 utf8_from_data: (1 1  ) -> 41000020
1788041354.310217 input_csi_dispatch: 'H' "" "20;3"
1788041354.310218 parameter 0: number 20
1788041354.310219 parameter 1: number 3
1788041354.310221 screen_write_cursormove: from 99,18 to 2,19
1788041354.310222 screen_write_collect_end: 7         (at 2,19)
1788041354.310224 utf8_to_data: 41000020 -> (1 1  )
1788041354.310225 utf8_from_data: (1 1  ) -> 41000020
1788041354.310227 utf8_from_data: (1 1  ) -> 41000020
1788041354.310228 utf8_from_data: (1 1  ) -> 41000020
1788041354.310229 utf8_from_data: (1 1  ) -> 41000020
1788041354.310231 utf8_from_data: (1 1  ) -> 41000020
1788041354.310232 utf8_from_data: (1 1  ) -> 41000020
1788041354.310233 utf8_from_data: (1 1  ) -> 41000020
1788041354.310235 input_csi_dispatch: 'H' "" "20;12"
1788041354.310236 parameter 0: number 20
1788041354.310237 parameter 1: number 12
1788041354.310239 screen_write_cursormove: from 9,19 to 11,19
1788041354.310241 screen_write_collect_trim: 0x10a0a4960 2-8 before 11-30
1788041354.310242 screen_write_collect_end: 20                      (at 11,19)
1788041354.310243 utf8_to_data: 41000044 -> (1 1 D)
1788041354.310245 utf8_from_data: (1 1  ) -> 41000020
1788041354.310246 utf8_from_data: (1 1  ) -> 41000020
1788041354.310247 utf8_from_data: (1 1  ) -> 41000020
1788041354.310249 utf8_from_data: (1 1  ) -> 41000020
1788041354.310250 utf8_from_data: (1 1  ) -> 41000020
1788041354.310251 utf8_from_data: (1 1  ) -> 41000020
1788041354.310253 utf8_from_data: (1 1  ) -> 41000020
1788041354.310254 utf8_from_data: (1 1  ) -> 41000020
1788041354.310256 utf8_from_data: (1 1  ) -> 41000020
1788041354.310257 utf8_from_data: (1 1  ) -> 41000020
1788041354.310258 utf8_from_data: (1 1  ) -> 41000020
1788041354.310260 utf8_from_data: (1 1  ) -> 41000020
1788041354.310261 utf8_from_data: (1 1  ) -> 41000020
1788041354.310262 utf8_from_data: (1 1  ) -> 41000020
1788041354.310264 utf8_from_data: (1 1  ) -> 41000020
1788041354.310265 utf8_from_data: (1 1  ) -> 41000020
1788041354.310267 utf8_from_data: (1 1  ) -> 41000020
1788041354.310268 utf8_from_data: (1 1  ) -> 41000020
1788041354.310270 utf8_from_data: (1 1  ) -> 41000020
1788041354.310271 utf8_from_data: (1 1  ) -> 41000020
1788041354.310272 input_csi_dispatch: 'H' "" "20;34"
1788041354.310274 parameter 0: number 20
1788041354.310275 parameter 1: number 34
1788041354.310276 screen_write_cursormove: from 31,19 to 33,19
1788041354.310278 screen_write_collect_trim: 0x10a0a4960 2-8 before 33-37
1788041354.310279 screen_write_collect_trim: 0x10a0a49c0 11-30 before 33-37
1788041354.310281 screen_write_collect_end: 5       (at 33,19)
1788041354.310282 utf8_to_data: 41000020 -> (1 1  )
1788041354.310284 utf8_from_data: (1 1  ) -> 41000020
1788041354.310285 utf8_from_data: (1 1  ) -> 41000020
1788041354.310286 utf8_from_data: (1 1  ) -> 41000020
1788041354.310288 utf8_from_data: (1 1  ) -> 41000020
1788041354.310289 utf8_from_data: (1 1  ) -> 41000020
1788041354.310290 input_csi_dispatch: 'H' "" "20;41"
1788041354.310292 parameter 0: number 20
1788041354.310293 parameter 1: number 41
1788041354.310295 screen_write_cursormove: from 38,19 to 40,19
1788041354.310296 screen_write_collect_trim: 0x10a0a4960 2-8 before 40-48
1788041354.310298 screen_write_collect_trim: 0x10a0a49c0 11-30 before 40-48
1788041354.310299 screen_write_collect_trim: 0x10a0a6a00 33-37 before 40-48
1788041354.310301 screen_write_collect_end: 9           (at 40,19)
1788041354.310302 utf8_to_data: 41000020 -> (1 1  )
1788041354.310304 utf8_from_data: (1 1  ) -> 41000020
1788041354.310305 utf8_from_data: (1 1  ) -> 41000020
1788041354.310306 utf8_from_data: (1 1  ) -> 41000020
1788041354.310308 utf8_from_data: (1 1  ) -> 41000020
1788041354.310309 utf8_from_data: (1 1  ) -> 41000020
1788041354.310310 utf8_from_data: (1 1  ) -> 41000020
1788041354.310312 utf8_from_data: (1 1  ) -> 41000020
1788041354.310313 utf8_from_data: (1 1  ) -> 41000020
1788041354.310315 utf8_from_data: (1 1  ) -> 41000020
1788041354.310316 input_csi_dispatch: 'H' "" "20;51"
1788041354.310317 parameter 0: number 20
1788041354.310319 parameter 1: number 51
1788041354.310320 screen_write_cursormove: from 49,19 to 50,19
1788041354.310322 screen_write_collect_trim: 0x10a0a4960 2-8 before 50-50
1788041354.310323 screen_write_collect_trim: 0x10a0a49c0 11-30 before 50-50
1788041354.310325 screen_write_collect_trim: 0x10a0a6a00 33-37 before 50-50
1788041354.310326 screen_write_collect_trim: 0x10a0a69a0 40-48 before 50-50
1788041354.310327 screen_write_collect_end: 1   (at 50,19)
1788041354.310329 utf8_to_data: 438294e2 -> (1 3 \342\224\202)
1788041354.310330 utf8_from_data: (1 1  ) -> 41000020
1788041354.310332 input_csi_dispatch: 'H' "" "20;53"
1788041354.310333 parameter 0: number 20
1788041354.310335 parameter 1: number 53
1788041354.310339 screen_write_cursormove: from 51,19 to 52,19
1788041354.310341 screen_write_collect_trim: 0x10a0a4960 2-8 before 52-58
1788041354.310343 screen_write_collect_trim: 0x10a0a49c0 11-30 before 52-58
1788041354.310344 screen_write_collect_trim: 0x10a0a6a00 33-37 before 52-58
1788041354.310346 screen_write_collect_trim: 0x10a0a69a0 40-48 before 52-58
1788041354.310347 screen_write_collect_trim: 0x10a0a6940 50-50 before 52-58
1788041354.310349 screen_write_collect_end: 7         (at 52,19)
1788041354.310350 utf8_to_data: 41000020 -> (1 1  )
1788041354.310352 utf8_from_data: (1 1  ) -> 41000020
1788041354.310353 utf8_from_data: (1 1  ) -> 41000020
1788041354.310354 utf8_from_data: (1 1  ) -> 41000020
1788041354.310356 utf8_from_data: (1 1  ) -> 41000020
1788041354.310357 utf8_from_data: (1 1  ) -> 41000020
1788041354.310359 utf8_from_data: (1 1  ) -> 41000020
1788041354.310360 utf8_from_data: (1 1  ) -> 41000020
1788041354.310361 input_csi_dispatch: 'H' "" "20;62"
1788041354.310363 parameter 0: number 20
1788041354.310364 parameter 1: number 62
1788041354.310366 screen_write_cursormove: from 59,19 to 61,19
1788041354.310369 screen_write_collect_trim: 0x10a0a4960 2-8 before 61-80
1788041354.310370 screen_write_collect_trim: 0x10a0a49c0 11-30 before 61-80
1788041354.310373 screen_write_collect_trim: 0x10a0a6a00 33-37 before 61-80
1788041354.310375 screen_write_collect_trim: 0x10a0a69a0 40-48 before 61-80
1788041354.310377 screen_write_collect_trim: 0x10a0a6940 50-50 before 61-80
1788041354.310379 screen_write_collect_trim: 0x10a0a4a80 52-58 before 61-80
1788041354.310380 screen_write_collect_end: 20                      (at 61,19)
1788041354.310382 utf8_to_data: 41000072 -> (1 1 r)
1788041354.310383 utf8_from_data: (1 1  ) -> 41000020
1788041354.310385 utf8_from_data: (1 1  ) -> 41000020
1788041354.310386 utf8_from_data: (1 1  ) -> 41000020
1788041354.310387 utf8_from_data: (1 1  ) -> 41000020
1788041354.310389 utf8_from_data: (1 1  ) -> 41000020
1788041354.310391 utf8_from_data: (1 1  ) -> 41000020
1788041354.310393 utf8_from_data: (1 1  ) -> 41000020
1788041354.310395 utf8_from_data: (1 1  ) -> 41000020
1788041354.310398 utf8_from_data: (1 1  ) -> 41000020
1788041354.310399 utf8_from_data: (1 1  ) -> 41000020
1788041354.310400 utf8_from_data: (1 1  ) -> 41000020
1788041354.310403 utf8_from_data: (1 1  ) -> 41000020
1788041354.310406 utf8_from_data: (1 1  ) -> 41000020
1788041354.310407 utf8_from_data: (1 1  ) -> 41000020
1788041354.310409 utf8_from_data: (1 1  ) -> 41000020
1788041354.310411 utf8_from_data: (1 1  ) -> 41000020
1788041354.310413 utf8_from_data: (1 1  ) -> 41000020
1788041354.310415 utf8_from_data: (1 1  ) -> 41000020
1788041354.310416 utf8_from_data: (1 1  ) -> 41000020
1788041354.310418 utf8_from_data: (1 1  ) -> 41000020
1788041354.310419 input_csi_dispatch: 'H' "" "20;84"
1788041354.310420 parameter 0: number 20
1788041354.310422 parameter 1: number 84
1788041354.310423 screen_write_cursormove: from 81,19 to 83,19
1788041354.310425 screen_write_collect_trim: 0x10a0a4960 2-8 before 83-87
1788041354.310426 screen_write_collect_trim: 0x10a0a49c0 11-30 before 83-87
1788041354.310428 screen_write_collect_trim: 0x10a0a6a00 33-37 before 83-87
1788041354.310429 screen_write_collect_trim: 0x10a0a69a0 40-48 before 83-87
1788041354.310431 screen_write_collect_trim: 0x10a0a6940 50-50 before 83-87
1788041354.310432 screen_write_collect_trim: 0x10a0a4a80 52-58 before 83-87
1788041354.310433 screen_write_collect_trim: 0x10a0a4ae0 61-80 before 83-87
1788041354.310435 screen_write_collect_end: 5       (at 83,19)
1788041354.310436 utf8_to_data: 41000020 -> (1 1  )
1788041354.310438 utf8_from_data: (1 1  ) -> 41000020
1788041354.310439 utf8_from_data: (1 1  ) -> 41000020
1788041354.310441 utf8_from_data: (1 1  ) -> 41000020
1788041354.310442 utf8_from_data: (1 1  ) -> 41000020
1788041354.310443 utf8_from_data: (1 1  ) -> 41000020
1788041354.310445 input_csi_dispatch: 'H' "" "20;91"
1788041354.310446 parameter 0: number 20
1788041354.310448 parameter 1: number 91
1788041354.310449 screen_write_cursormove: from 88,19 to 90,19
1788041354.310451 screen_write_collect_trim: 0x10a0a4960 2-8 before 90-98
1788041354.310452 screen_write_collect_trim: 0x10a0a49c0 11-30 before 90-98
1788041354.310454 screen_write_collect_trim: 0x10a0a6a00 33-37 before 90-98
1788041354.310455 screen_write_collect_trim: 0x10a0a69a0 40-48 before 90-98
1788041354.310457 screen_write_collect_trim: 0x10a0a6940 50-50 before 90-98
1788041354.310458 screen_write_collect_trim: 0x10a0a4a80 52-58 before 90-98
1788041354.310460 screen_write_collect_trim: 0x10a0a4ae0 61-80 before 90-98
1788041354.310461 screen_write_collect_trim: 0x10a0a4b40 83-87 before 90-98
1788041354.310462 screen_write_collect_end: 9           (at 90,19)
1788041354.310464 utf8_to_data: 41000020 -> (1 1  )
1788041354.310465 utf8_from_data: (1 1  ) -> 41000020
1788041354.310467 utf8_from_data: (1 1  ) -> 41000020
1788041354.310468 utf8_from_data: (1 1  ) -> 41000020
1788041354.310469 utf8_from_data: (1 1  ) -> 41000020
1788041354.310471 utf8_from_data: (1 1  ) -> 41000020
1788041354.310472 utf8_from_data: (1 1  ) -> 41000020
1788041354.310473 utf8_from_data: (1 1  ) -> 41000020
1788041354.310475 utf8_from_data: (1 1  ) -> 41000020
1788041354.310476 utf8_from_data: (1 1  ) -> 41000020
1788041354.310478 input_csi_dispatch: 'H' "" "21;3"
1788041354.310479 parameter 0: number 21
1788041354.310480 parameter 1: number 3
1788041354.310482 screen_write_cursormove: from 99,19 to 2,20
1788041354.310483 screen_write_collect_end: 7         (at 2,20)
1788041354.310485 utf8_to_data: 41000020 -> (1 1  )
1788041354.310486 utf8_from_data: (1 1  ) -> 41000020
1788041354.310488 utf8_from_data: (1 1  ) -> 41000020
1788041354.310489 utf8_from_data: (1 1  ) -> 41000020
1788041354.310490 utf8_from_data: (1 1  ) -> 41000020
1788041354.310492 utf8_from_data: (1 1  ) -> 41000020
1788041354.310493 utf8_from_data: (1 1  ) -> 41000020
1788041354.310495 utf8_from_data: (1 1  ) -> 41000020
1788041354.310496 input_csi_dispatch: 'H' "" "21;12"
1788041354.310497 parameter 0: number 21
1788041354.310499 parameter 1: number 12
1788041354.310500 screen_write_cursormove: from 9,20 to 11,20
1788041354.310502 screen_write_collect_trim: 0x10a0a4c00 2-8 before 11-30
1788041354.310503 screen_write_collect_end: 20                      (at 11,20)
1788041354.310505 utf8_to_data: 41000044 -> (1 1 D)
1788041354.310506 utf8_from_data: (1 1  ) -> 41000020
1788041354.310508 utf8_from_data: (1 1  ) -> 41000020
1788041354.310509 utf8_from_data: (1 1  ) -> 41000020
1788041354.310511 utf8_from_data: (1 1  ) -> 41000020
1788041354.310512 utf8_from_data: (1 1  ) -> 41000020
1788041354.310514 utf8_from_data: (1 1  ) -> 41000020
1788041354.310515 utf8_from_data: (1 1  ) -> 41000020
1788041354.310516 utf8_from_data: (1 1  ) -> 41000020
1788041354.310518 utf8_from_data: (1 1  ) -> 41000020
1788041354.310519 utf8_from_data: (1 1  ) -> 41000020
1788041354.310520 utf8_from_data: (1 1  ) -> 41000020
1788041354.310522 utf8_from_data: (1 1  ) -> 41000020
1788041354.310523 utf8_from_data: (1 1  ) -> 41000020
1788041354.310525 utf8_from_data: (1 1  ) -> 41000020
1788041354.310526 utf8_from_data: (1 1  ) -> 41000020
1788041354.310528 utf8_from_data: (1 1  ) -> 41000020
1788041354.310529 utf8_from_data: (1 1  ) -> 41000020
1788041354.310530 utf8_from_data: (1 1  ) -> 41000020
1788041354.310532 utf8_from_data: (1 1  ) -> 41000020
1788041354.310533 utf8_from_data: (1 1  ) -> 41000020
1788041354.310535 input_csi_dispatch: 'H' "" "21;34"
1788041354.310536 parameter 0: number 21
1788041354.310537 parameter 1: number 34
1788041354.310539 screen_write_cursormove: from 31,20 to 33,20
1788041354.310541 screen_write_collect_trim: 0x10a0a4c00 2-8 before 33-37
1788041354.310542 screen_write_collect_trim: 0x10a0a4c60 11-30 before 33-37
1788041354.310544 screen_write_collect_end: 5       (at 33,20)
1788041354.310545 utf8_to_data: 41000020 -> (1 1  )
1788041354.310547 utf8_from_data: (1 1  ) -> 41000020
1788041354.310549 utf8_from_data: (1 1  ) -> 41000020
1788041354.310550 utf8_from_data: (1 1  ) -> 41000020
1788041354.310551 utf8_from_data: (1 1  ) -> 41000020
1788041354.310554 utf8_from_data: (1 1  ) -> 41000020
1788041354.310555 input_csi_dispatch: 'H' "" "21;41"
1788041354.310557 parameter 0: number 21
1788041354.310558 parameter 1: number 41
1788041354.310559 screen_write_cursormove: from 38,20 to 40,20
1788041354.310561 screen_write_collect_trim: 0x10a0a4c00 2-8 before 40-48
1788041354.310563 screen_write_collect_trim: 0x10a0a4c60 11-30 before 40-48
1788041354.310564 screen_write_collect_trim: 0x10a0a4cc0 33-37 before 40-48
1788041354.310566 screen_write_collect_end: 9           (at 40,20)
1788041354.310567 utf8_to_data: 41000020 -> (1 1  )
1788041354.310569 utf8_from_data: (1 1  ) -> 41000020
1788041354.310570 utf8_from_data: (1 1  ) -> 41000020
1788041354.310571 utf8_from_data: (1 1  ) -> 41000020
1788041354.310573 utf8_from_data: (1 1  ) -> 41000020
1788041354.310574 utf8_from_data: (1 1  ) -> 41000020
1788041354.310575 utf8_from_data: (1 1  ) -> 41000020
1788041354.310577 utf8_from_data: (1 1  ) -> 41000020
1788041354.310578 utf8_from_data: (1 1  ) -> 41000020
1788041354.310579 utf8_from_data: (1 1  ) -> 41000020
1788041354.310581 input_csi_dispatch: 'H' "" "21;51"
1788041354.310582 parameter 0: number 21
1788041354.310583 parameter 1: number 51
1788041354.310585 screen_write_cursormove: from 49,20 to 50,20
1788041354.310586 screen_write_collect_trim: 0x10a0a4c00 2-8 before 50-50
1788041354.310588 screen_write_collect_trim: 0x10a0a4c60 11-30 before 50-50
1788041354.310589 screen_write_collect_trim: 0x10a0a4cc0 33-37 before 50-50
1788041354.310591 screen_write_collect_trim: 0x10a0a4d20 40-48 before 50-50
1788041354.310592 screen_write_collect_end: 1   (at 50,20)
1788041354.310593 utf8_to_data: 438294e2 -> (1 3 \342\224\202)
1788041354.310595 utf8_from_data: (1 1  ) -> 41000020
1788041354.310596 input_csi_dispatch: 'H' "" "21;53"
1788041354.310597 parameter 0: number 21
1788041354.310599 parameter 1: number 53
1788041354.310600 screen_write_cursormove: from 51,20 to 52,20
1788041354.310602 screen_write_collect_trim: 0x10a0a4c00 2-8 before 52-58
1788041354.310603 screen_write_collect_trim: 0x10a0a4c60 11-30 before 52-58
1788041354.310605 screen_write_collect_trim: 0x10a0a4cc0 33-37 before 52-58
1788041354.310606 screen_write_collect_trim: 0x10a0a4d20 40-48 before 52-58
1788041354.310608 screen_write_collect_trim: 0x10a0a4d80 50-50 before 52-58
1788041354.310609 screen_write_collect_end: 7         (at 52,20)
1788041354.310610 utf8_to_data: 41000020 -> (1 1  )
1788041354.310612 utf8_from_data: (1 1  ) -> 41000020
1788041354.310613 utf8_from_data: (1 1  ) -> 41000020
1788041354.310614 utf8_from_data: (1 1  ) -> 41000020
1788041354.310616 utf8_from_data: (1 1  ) -> 41000020
1788041354.310617 utf8_from_data: (1 1  ) -> 41000020
1788041354.310618 utf8_from_data: (1 1  ) -> 41000020
1788041354.310620 utf8_from_data: (1 1  ) -> 41000020
1788041354.310621 input_csi_dispatch: 'H' "" "21;62"
1788041354.310622 parameter 0: number 21
1788041354.310624 parameter 1: number 62
1788041354.310625 screen_write_cursormove: from 59,20 to 61,20
1788041354.310627 screen_write_collect_trim: 0x10a0a4c00 2-8 before 61-80
1788041354.310629 screen_write_collect_trim: 0x10a0a4c60 11-30 before 61-80
1788041354.310630 screen_write_collect_trim: 0x10a0a4cc0 33-37 before 61-80
1788041354.310632 screen_write_collect_trim: 0x10a0a4d20 40-48 before 61-80
1788041354.310633 screen_write_collect_trim: 0x10a0a4d80 50-50 before 61-80
1788041354.310635 screen_write_collect_trim: 0x10a0a4de0 52-58 before 61-80
1788041354.310636 screen_write_collect_end: 20                      (at 61,20)
1788041354.310637 utf8_to_data: 4100006d -> (1 1 m)
1788041354.310639 utf8_from_data: (1 1  ) -> 41000020
1788041354.310640 utf8_from_data: (1 1  ) -> 41000020
1788041354.310642 utf8_from_data: (1 1  ) -> 41000020
1788041354.310643 utf8_from_data: (1 1  ) -> 41000020
1788041354.310644 utf8_from_data: (1 1  ) -> 41000020
1788041354.310646 utf8_from_data: (1 1  ) -> 41000020
1788041354.310647 utf8_from_data: (1 1  ) -> 41000020
1788041354.310649 utf8_from_data: (1 1  ) -> 41000020
1788041354.310650 utf8_from_data: (1 1  ) -> 41000020
1788041354.310652 utf8_from_data: (1 1  ) -> 41000020
1788041354.310654 utf8_from_data: (1 1  ) -> 41000020
1788041354.310655 utf8_from_data: (1 1  ) -> 41000020
1788041354.310656 utf8_from_data: (1 1  ) -> 41000020
1788041354.310658 utf8_from_data: (1 1  ) -> 41000020
1788041354.310659 utf8_from_data: (1 1  ) -> 41000020
1788041354.310660 utf8_from_data: (1 1  ) -> 41000020
1788041354.310662 utf8_from_data: (1 1  ) -> 41000020
1788041354.310663 utf8_from_data: (1 1  ) -> 41000020
1788041354.310664 utf8_from_data: (1 1  ) -> 41000020
1788041354.310666 utf8_from_data: (1 1  ) -> 41000020
1788041354.310667 input_csi_dispatch: 'H' "" "21;84"
1788041354.310668 parameter 0: number 21
1788041354.310670 parameter 1: number 84
1788041354.310671 screen_write_cursormove: from 81,20 to 83,20
1788041354.310673 screen_write_collect_trim: 0x10a0a4c00 2-8 before 83-87
1788041354.310674 screen_write_collect_trim: 0x10a0a4c60 11-30 before 83-87
1788041354.310675 screen_write_collect_trim: 0x10a0a4cc0 33-37 before 83-87
1788041354.310677 screen_write_collect_trim: 0x10a0a4d20 40-48 before 83-87
1788041354.310678 screen_write_collect_trim: 0x10a0a4d80 50-50 before 83-87
1788041354.310680 screen_write_collect_trim: 0x10a0a4de0 52-58 before 83-87
1788041354.310681 screen_write_collect_trim: 0x10a0a4e40 61-80 before 83-87
1788041354.310682 screen_write_collect_end: 5       (at 83,20)
1788041354.310684 utf8_to_data: 41000020 -> (1 1  )
1788041354.310685 utf8_from_data: (1 1  ) -> 41000020
1788041354.310687 utf8_from_data: (1 1  ) -> 41000020
1788041354.310688 utf8_from_data: (1 1  ) -> 41000020
1788041354.310689 utf8_from_data: (1 1  ) -> 41000020
1788041354.310691 utf8_from_data: (1 1  ) -> 41000020
1788041354.310692 input_csi_dispatch: 'H' "" "21;91"
1788041354.310693 parameter 0: number 21
1788041354.310695 parameter 1: number 91
1788041354.310696 screen_write_cursormove: from 88,20 to 90,20
1788041354.310698 screen_write_collect_trim: 0x10a0a4c00 2-8 before 90-98
1788041354.310699 screen_write_collect_trim: 0x10a0a4c60 11-30 before 90-98
1788041354.310701 screen_write_collect_trim: 0x10a0a4cc0 33-37 before 90-98
1788041354.310702 screen_write_collect_trim: 0x10a0a4d20 40-48 before 90-98
1788041354.310704 screen_write_collect_trim: 0x10a0a4d80 50-50 before 90-98
1788041354.310705 screen_write_collect_trim: 0x10a0a4de0 52-58 before 90-98
1788041354.310707 screen_write_collect_trim: 0x10a0a4e40 61-80 before 90-98
1788041354.310708 screen_write_collect_trim: 0x10a0a4ea0 83-87 before 90-98
1788041354.310709 screen_write_collect_end: 9           (at 90,20)
1788041354.310711 utf8_to_data: 41000020 -> (1 1  )
1788041354.310712 utf8_from_data: (1 1  ) -> 41000020
1788041354.310713 utf8_from_data: (1 1  ) -> 41000020
1788041354.310715 utf8_from_data: (1 1  ) -> 41000020
1788041354.310716 utf8_from_data: (1 1  ) -> 41000020
1788041354.310718 utf8_from_data: (1 1  ) -> 41000020
1788041354.310719 utf8_from_data: (1 1  ) -> 41000020
1788041354.310720 utf8_from_data: (1 1  ) -> 41000020
1788041354.310722 utf8_from_data: (1 1  ) -> 41000020
1788041354.310723 utf8_from_data: (1 1  ) -> 41000020
1788041354.310724 input_csi_dispatch: 'H' "" "22;3"
1788041354.310726 parameter 0: number 22
1788041354.310727 parameter 1: number 3
1788041354.310729 screen_write_cursormove: from 99,20 to 2,21
1788041354.310730 screen_write_collect_end: 7         (at 2,21)
1788041354.310731 utf8_to_data: 41000020 -> (1 1  )
1788041354.310733 utf8_from_data: (1 1  ) -> 41000020
1788041354.310734 utf8_from_data: (1 1  ) -> 41000020
1788041354.310735 utf8_from_data: (1 1  ) -> 41000020
1788041354.310737 utf8_from_data: (1 1  ) -> 41000020
1788041354.310738 utf8_from_data: (1 1  ) -> 41000020
1788041354.310739 utf8_from_data: (1 1  ) -> 41000020
1788041354.310741 utf8_from_data: (1 1  ) -> 41000020
1788041354.310742 input_csi_dispatch: 'H' "" "22;12"
1788041354.310744 parameter 0: number 22
1788041354.310745 parameter 1: number 12
1788041354.310746 screen_write_cursormove: from 9,21 to 11,21
1788041354.310748 screen_write_collect_trim: 0x10a0a4f60 2-8 before 11-30
1788041354.310750 screen_write_collect_end: 20                      (at 11,21)
1788041354.310751 utf8_to_data: 41000041 -> (1 1 A)
1788041354.310752 utf8_from_data: (1 1  ) -> 41000020
1788041354.310754 utf8_from_data: (1 1  ) -> 41000020
1788041354.310755 utf8_from_data: (1 1  ) -> 41000020
1788041354.310756 utf8_from_data: (1 1  ) -> 41000020
1788041354.310758 utf8_from_data: (1 1  ) -> 41000020
1788041354.310759 utf8_from_data: (1 1  ) -> 41000020
1788041354.310760 utf8_from_data: (1 1  ) -> 41000020
1788041354.310762 utf8_from_data: (1 1  ) -> 41000020
1788041354.310763 utf8_from_data: (1 1  ) -> 41000020
1788041354.310764 utf8_from_data: (1 1  ) -> 41000020
1788041354.310766 utf8_from_data: (1 1  ) -> 41000020
1788041354.310768 utf8_from_data: (1 1  ) -> 41000020
1788041354.310769 utf8_from_data: (1 1  ) -> 41000020
1788041354.310770 utf8_from_data: (1 1  ) -> 41000020
1788041354.310772 utf8_from_data: (1 1  ) -> 41000020
1788041354.310773 utf8_from_data: (1 1  ) -> 41000020
1788041354.310774 utf8_from_data: (1 1  ) -> 41000020
1788041354.310776 utf8_from_data: (1 1  ) -> 41000020
1788041354.310777 utf8_from_data: (1 1  ) -> 41000020
1788041354.310778 utf8_from_data: (1 1  ) -> 41000020
1788041354.310780 input_csi_dispatch: 'H' "" "22;34"
1788041354.310781 parameter 0: number 22
1788041354.310782 parameter 1: number 34
1788041354.310784 screen_write_cursormove: from 31,21 to 33,21
1788041354.310785 screen_write_collect_trim: 0x10a0a4f60 2-8 before 33-37
1788041354.310787 screen_write_collect_trim: 0x10a0a4fc0 11-30 before 33-37
1788041354.310788 screen_write_collect_end: 5       (at 33,21)
1788041354.310789 utf8_to_data: 41000020 -> (1 1  )
1788041354.310791 utf8_from_data: (1 1  ) -> 41000020
1788041354.310792 utf8_from_data: (1 1  ) -> 41000020
1788041354.310794 utf8_from_data: (1 1  ) -> 41000020
1788041354.310795 utf8_from_data: (1 1  ) -> 41000020
1788041354.310796 utf8_from_data: (1 1  ) -> 41000020
1788041354.310798 input_csi_dispatch: 'H' "" "22;41"
1788041354.310799 parameter 0: number 22
1788041354.310800 parameter 1: number 41
1788041354.310802 screen_write_cursormove: from 38,21 to 40,21
1788041354.310803 screen_write_collect_trim: 0x10a0a4f60 2-8 before 40-48
1788041354.310805 screen_write_collect_trim: 0x10a0a4fc0 11-30 before 40-48
1788041354.310806 screen_write_collect_trim: 0x10a0a5020 33-37 before 40-48
1788041354.310808 screen_write_collect_end: 9           (at 40,21)
1788041354.310809 utf8_to_data: 41000020 -> (1 1  )
1788041354.310811 utf8_from_data: (1 1  ) -> 41000020
1788041354.310812 utf8_from_data: (1 1  ) -> 41000020
1788041354.310813 utf8_from_data: (1 1  ) -> 41000020
1788041354.310815 utf8_from_data: (1 1  ) -> 41000020
1788041354.310816 utf8_from_data: (1 1  ) -> 41000020
1788041354.310817 utf8_from_data: (1 1  ) -> 41000020
1788041354.310819 utf8_from_data: (1 1  ) -> 41000020
1788041354.310820 utf8_from_data: (1 1  ) -> 41000020
1788041354.310822 utf8_from_data: (1 1  ) -> 41000020
1788041354.310823 input_csi_dispatch: 'H' "" "22;51"
1788041354.310824 parameter 0: number 22
1788041354.310826 parameter 1: number 51
1788041354.310827 screen_write_cursormove: from 49,21 to 50,21
1788041354.310829 screen_write_collect_trim: 0x10a0a4f60 2-8 before 50-50
1788041354.310830 screen_write_collect_trim: 0x10a0a4fc0 11-30 before 50-50
1788041354.310832 screen_write_collect_trim: 0x10a0a5020 33-37 before 50-50
1788041354.310833 screen_write_collect_trim: 0x10a0a5080 40-48 before 50-50
1788041354.310835 screen_write_collect_end: 1   (at 50,21)
1788041354.310836 utf8_to_data: 438294e2 -> (1 3 \342\224\202)
1788041354.310837 utf8_from_data: (1 1  ) -> 41000020
1788041354.310839 input_csi_dispatch: 'H' "" "22;53"
1788041354.310840 parameter 0: number 22
1788041354.310842 parameter 1: number 53
1788041354.310843 screen_write_cursormove: from 51,21 to 52,21
1788041354.310845 screen_write_collect_trim: 0x10a0a4f60 2-8 before 52-58
1788041354.310846 screen_write_collect_trim: 0x10a0a4fc0 11-30 before 52-58
1788041354.310848 screen_write_collect_trim: 0x10a0a5020 33-37 before 52-58
1788041354.310849 screen_write_collect_trim: 0x10a0a5080 40-48 before 52-58
1788041354.310850 screen_write_collect_trim: 0x10a0a50e0 50-50 before 52-58
1788041354.310852 screen_write_collect_end: 7         (at 52,21)
1788041354.310854 utf8_to_data: 41000020 -> (1 1  )
1788041354.310855 utf8_from_data: (1 1  ) -> 41000020
1788041354.310856 utf8_from_data: (1 1  ) -> 41000020
1788041354.310858 utf8_from_data: (1 1  ) -> 41000020
1788041354.310859 utf8_from_data: (1 1  ) -> 41000020
1788041354.310861 utf8_from_data: (1 1  ) -> 41000020
1788041354.310862 utf8_from_data: (1 1  ) -> 41000020
1788041354.310863 utf8_from_data: (1 1  ) -> 41000020
1788041354.310865 input_csi_dispatch: 'H' "" "22;62"
1788041354.310867 parameter 0: number 22
1788041354.310868 parameter 1: number 62
1788041354.310870 screen_write_cursormove: from 59,21 to 61,21
1788041354.310872 screen_write_collect_trim: 0x10a0a4f60 2-8 before 61-67
1788041354.310874 screen_write_collect_trim: 0x10a0a4fc0 11-30 before 61-67
1788041354.310876 screen_write_collect_trim: 0x10a0a5020 33-37 before 61-67
1788041354.310878 screen_write_collect_trim: 0x10a0a5080 40-48 before 61-67
1788041354.310879 screen_write_collect_trim: 0x10a0a50e0 50-50 before 61-67
1788041354.310881 screen_write_collect_trim: 0x10a0a4a20 52-58 before 61-67
1788041354.310882 screen_write_collect_end: 7         (at 61,21)
1788041354.310884 utf8_to_data: 4100006d -> (1 1 m)
1788041354.310885 utf8_from_data: (1 1  ) -> 41000020
1788041354.310886 utf8_from_data: (1 1  ) -> 41000020
1788041354.310888 utf8_from_data: (1 1  ) -> 41000020
1788041354.310889 utf8_from_data: (1 1  ) -> 41000020
1788041354.310891 utf8_from_data: (1 1  ) -> 41000020
1788041354.310892 utf8_from_data: (1 1  ) -> 41000020
1788041354.310894 utf8_from_data: (1 1  ) -> 41000020
1788041354.310895 utf8_to_data: 41000072 -> (1 1 r)
1788041354.310897 collect list: x=6 (last 4294967295), y=15, used=3
1788041354.310898 collect list: x=11 (last 6), y=15, used=20
1788041354.310900 collect list: x=33 (last 11), y=15, used=5
1788041354.310901 collect list: x=40 (last 33), y=15, used=9
1788041354.310902 collect list: x=50 (last 40), y=15, used=1
1788041354.310904 collect list: x=52 (last 50), y=15, used=7
1788041354.310906 collect list: x=61 (last 52), y=15, used=20
1788041354.310907 collect list: x=83 (last 61), y=15, used=5
1788041354.310908 collect list: x=90 (last 83), y=15, used=9
1788041354.310910 collect list: x=2 (last 4294967295), y=16, used=7
1788041354.310911 collect list: x=11 (last 2), y=16, used=20
1788041354.310913 collect list: x=33 (last 11), y=16, used=5
1788041354.310915 collect list: x=40 (last 33), y=16, used=9
1788041354.310917 collect list: x=50 (last 40), y=16, used=1
1788041354.310920 collect list: x=52 (last 50), y=16, used=7
1788041354.310921 collect list: x=61 (last 52), y=16, used=20
1788041354.310923 collect list: x=83 (last 61), y=16, used=5
1788041354.310925 collect list: x=90 (last 83), y=16, used=9
1788041354.310927 collect list: x=2 (last 4294967295), y=17, used=7
1788041354.310929 collect list: x=11 (last 2), y=17, used=20
1788041354.310930 collect list: x=33 (last 11), y=17, used=5
1788041354.310931 collect list: x=40 (last 33), y=17, used=9
1788041354.310933 collect list: x=50 (last 40), y=17, used=1
1788041354.310934 collect list: x=52 (last 50), y=17, used=7
1788041354.310935 collect list: x=61 (last 52), y=17, used=20
1788041354.310937 collect list: x=83 (last 61), y=17, used=5
1788041354.310938 collect list: x=90 (last 83), y=17, used=9
1788041354.310939 collect list: x=2 (last 4294967295), y=18, used=7
1788041354.310941 collect list: x=11 (last 2), y=18, used=20
1788041354.310942 collect list: x=33 (last 11), y=18, used=5
1788041354.310943 collect list: x=40 (last 33), y=18, used=9
1788041354.310945 collect list: x=50 (last 40), y=18, used=1
1788041354.310946 collect list: x=52 (last 50), y=18, used=7
1788041354.310947 collect list: x=61 (last 52), y=18, used=20
1788041354.310949 collect list: x=83 (last 61), y=18, used=5
1788041354.310950 collect list: x=90 (last 83), y=18, used=9
1788041354.310952 collect list: x=2 (last 4294967295), y=19, used=7
1788041354.310954 collect list: x=11 (last 2), y=19, used=20
1788041354.310956 collect list: x=33 (last 11), y=19, used=5
1788041354.310957 collect list: x=40 (last 33), y=19, used=9
1788041354.310959 collect list: x=50 (last 40), y=19, used=1
1788041354.310961 collect list: x=52 (last 50), y=19, used=7
1788041354.310963 collect list: x=61 (last 52), y=19, used=20
1788041354.310964 collect list: x=83 (last 61), y=19, used=5
1788041354.310965 collect list: x=90 (last 83), y=19, used=9
1788041354.310967 collect list: x=2 (last 4294967295), y=20, used=7
1788041354.310968 collect list: x=11 (last 2), y=20, used=20
1788041354.310969 collect list: x=33 (last 11), y=20, used=5
1788041354.310971 collect list: x=40 (last 33), y=20, used=9
1788041354.310972 collect list: x=50 (last 40), y=20, used=1
1788041354.310973 collect list: x=52 (last 50), y=20, used=7
1788041354.310975 collect list: x=61 (last 52), y=20, used=20
1788041354.310976 collect list: x=83 (last 61), y=20, used=5
1788041354.310977 collect list: x=90 (last 83), y=20, used=9
1788041354.310979 collect list: x=2 (last 4294967295), y=21, used=7
1788041354.310980 collect list: x=11 (last 2), y=21, used=20
1788041354.310981 collect list: x=33 (last 11), y=21, used=5
1788041354.310983 collect list: x=40 (last 33), y=21, used=9
1788041354.310984 collect list: x=50 (last 40), y=21, used=1
1788041354.310985 collect list: x=52 (last 50), y=21, used=7
1788041354.310987 collect list: x=61 (last 52), y=21, used=7
1788041354.310988 screen_write_collect_flush: flushed 61 items (screen_write_stop)
1788041354.310990 @0 alerts check, alerts 0x2
1788041354.310991 window_remove_ref: @0 alerts_callback, now 1
1788041354.310993 cmdq_next <global>: empty
1788041354.310994 server_client_check_pane_buffer: %0 has 1024 minimum (of 1024) bytes used
1788041354.310996 server_client_check_pane_buffer: pane %0 is on
1788041354.310997 @0 active pane changed
1788041354.310999 @0 name timer already queued (98919 left)
1788041354.311004 %0 has 1024 bytes
1788041354.311006 @0 alerts timer reset 0
1788041354.311007 @0 alerts flags added 0x2
1788041354.311009 window_add_ref: @0 alerts_queue, now 2
1788041354.311010 alerts check queued (by @0)
1788041354.311012 screen_write_start_pane: size 100x30, pane %0 (at 0,0)
1788041354.311015 input_parse_buffer: %0 ground, 1024 bytes:              \033[22;84H     \033[22;91H         \033[23;3H       \033[23;12H                    \033[23;34H     \033[23;41H         \033[23;51H \033[23;53H       \033[23;62H                    \033[23;84H     \033[23;91H         \033[24;3H       \033[24;12H                    \033[24;34H     \033[24;41H         \033[24;51H \033[24;53H       \033[24;62H                    \033[24;84H     \033[24;91H         \033[25;3H       \033[25;12H                    \033[25;34H     \033[25;41H         \033[25;51H \033[25;53H       \033[25;62H                    \033[25;84H     \033[25;91H         \033[26;3H       \033[26;12H                    \033[26;34H     \033[26;41H         \033[26;51H \033[26;53H       \033[26;62H                    \033[26;84H     \033[26;91H         \033[27;3H       \033[27;12H                    \033[27;34H     \033[27;41H         \033[27;51H \033[27;53H       \033[27;62H                    \033[27;84H     \033[27;91H         \033[28;3H       \033[28;12H                    \033[28;34H     \033[28;41H         \033[28;51H \033[28;53H       \033[28;62H                    \033[28;84H     \033[28;91H         \033[29;3H       \033[29;12H                    \033[29;34H     \033[
1788041354.311017 screen_write_collect_end: 13               (at 68,21)
1788041354.311018 utf8_to_data: 41000072 -> (1 1 r)
1788041354.311020 utf8_from_data: (1 1  ) -> 41000020
1788041354.311022 utf8_from_data: (1 1  ) -> 41000020
1788041354.311023 utf8_from_data: (1 1  ) -> 41000020
1788041354.311024 utf8_from_data: (1 1  ) -> 41000020
1788041354.311026 utf8_from_data: (1 1  ) -> 41000020
1788041354.311027 utf8_from_data: (1 1  ) -> 41000020
1788041354.311029 utf8_from_data: (1 1  ) -> 41000020
1788041354.311030 utf8_from_data: (1 1  ) -> 41000020
1788041354.311031 utf8_from_data: (1 1  ) -> 41000020
1788041354.311033 utf8_from_data: (1 1  ) -> 41000020
1788041354.311034 utf8_from_data: (1 1  ) -> 41000020
1788041354.311035 utf8_from_data: (1 1  ) -> 41000020
1788041354.311037 utf8_from_data: (1 1  ) -> 41000020
1788041354.311038 input_csi_dispatch: 'H' "" "22;84"
1788041354.311040 parameter 0: number 22
1788041354.311041 parameter 1: number 84
1788041354.311042 screen_write_cursormove: from 81,21 to 83,21
1788041354.311044 screen_write_collect_trim: 0x10a0a68e0 68-80 before 83-87
1788041354.311045 screen_write_collect_end: 5       (at 83,21)
1788041354.311047 utf8_to_data: 41000020 -> (1 1  )
1788041354.311048 utf8_from_data: (1 1  ) -> 41000020
1788041354.311049 utf8_from_data: (1 1  ) -> 41000020
1788041354.311051 utf8_from_data: (1 1  ) -> 41000020
1788041354.311052 utf8_from_data: (1 1  ) -> 41000020
1788041354.311053 utf8_from_data: (1 1  ) -> 41000020
1788041354.311055 input_csi_dispatch: 'H' "" "22;91"
1788041354.311056 parameter 0: number 22
1788041354.311057 parameter 1: number 91
1788041354.311059 screen_write_cursormove: from 88,21 to 90,21
1788041354.311061 screen_write_collect_trim: 0x10a0a68e0 68-80 before 90-98
1788041354.311062 screen_write_collect_trim: 0x10a0a6880 83-87 before 90-98
1788041354.311064 screen_write_collect_end: 9           (at 90,21)
1788041354.311065 utf8_to_data: 41000020 -> (1 1  )
1788041354.311066 utf8_from_data: (1 1  ) -> 41000020
1788041354.311068 utf8_from_data: (1 1  ) -> 41000020
1788041354.311069 utf8_from_data: (1 1  ) -> 41000020
1788041354.311071 utf8_from_data: (1 1  ) -> 41000020
1788041354.311072 utf8_from_data: (1 1  ) -> 41000020
1788041354.311074 utf8_from_data: (1 1  ) -> 41000020
1788041354.311076 utf8_from_data: (1 1  ) -> 41000020
1788041354.311077 utf8_from_data: (1 1  ) -> 41000020
1788041354.311078 utf8_from_data: (1 1  ) -> 41000020
1788041354.311080 input_csi_dispatch: 'H' "" "23;3"
1788041354.311081 parameter 0: number 23
1788041354.311083 parameter 1: number 3
1788041354.311084 screen_write_cursormove: from 99,21 to 2,22
1788041354.311085 screen_write_collect_end: 7         (at 2,22)
1788041354.311087 utf8_to_data: 41000020 -> (1 1  )
1788041354.311088 utf8_from_data: (1 1  ) -> 41000020
1788041354.311090 utf8_from_data: (1 1  ) -> 41000020
1788041354.311091 utf8_from_data: (1 1  ) -> 41000020
1788041354.311092 utf8_from_data: (1 1  ) -> 41000020
1788041354.311094 utf8_from_data: (1 1  ) -> 41000020
1788041354.311095 utf8_from_data: (1 1  ) -> 41000020
1788041354.311097 utf8_from_data: (1 1  ) -> 41000020
1788041354.311098 input_csi_dispatch: 'H' "" "23;12"
1788041354.311099 parameter 0: number 23
1788041354.311101 parameter 1: number 12
1788041354.311102 screen_write_cursormove: from 9,22 to 11,22
1788041354.311104 screen_write_collect_trim: 0x10a0a67c0 2-8 before 11-30
1788041354.311105 screen_write_collect_end: 20                      (at 11,22)
1788041354.311107 utf8_to_data: 41000043 -> (1 1 C)
1788041354.311108 utf8_from_data: (1 1  ) -> 41000020
1788041354.311110 utf8_from_data: (1 1  ) -> 41000020
1788041354.311111 utf8_from_data: (1 1  ) -> 41000020
1788041354.311112 utf8_from_data: (1 1  ) -> 41000020
1788041354.311114 utf8_from_data: (1 1  ) -> 41000020
1788041354.311115 utf8_from_data: (1 1  ) -> 41000020
1788041354.311116 utf8_from_data: (1 1  ) -> 41000020
1788041354.311118 utf8_from_data: (1 1  ) -> 41000020
1788041354.311119 utf8_from_data: (1 1  ) -> 41000020
1788041354.311121 utf8_from_data: (1 1  ) -> 41000020
1788041354.311122 utf8_from_data: (1 1  ) -> 41000020
1788041354.311123 utf8_from_data: (1 1  ) -> 41000020
1788041354.311125 utf8_from_data: (1 1  ) -> 41000020
1788041354.311126 utf8_from_data: (1 1  ) -> 41000020
1788041354.311128 utf8_from_data: (1 1  ) -> 41000020
1788041354.311129 utf8_from_data: (1 1  ) -> 41000020
1788041354.311130 utf8_from_data: (1 1  ) -> 41000020
1788041354.311132 utf8_from_data: (1 1  ) -> 41000020
1788041354.311133 utf8_from_data: (1 1  ) -> 41000020
1788041354.311134 utf8_from_data: (1 1  ) -> 41000020
1788041354.311136 input_csi_dispatch: 'H' "" "23;34"
1788041354.311137 parameter 0: number 23
1788041354.311138 parameter 1: number 34
1788041354.311140 screen_write_cursormove: from 31,22 to 33,22
1788041354.311141 screen_write_collect_trim: 0x10a0a67c0 2-8 before 33-37
1788041354.311143 screen_write_collect_trim: 0x10a0a6760 11-30 before 33-37
1788041354.311144 screen_write_collect_end: 5       (at 33,22)
1788041354.311146 utf8_to_data: 41000020 -> (1 1  )
1788041354.311147 utf8_from_data: (1 1  ) -> 41000020
1788041354.311149 utf8_from_data: (1 1  ) -> 41000020
1788041354.311150 utf8_from_data: (1 1  ) -> 41000020
1788041354.311151 utf8_from_data: (1 1  ) -> 41000020
1788041354.311153 utf8_from_data: (1 1  ) -> 41000020
1788041354.311154 input_csi_dispatch: 'H' "" "23;41"
1788041354.311155 parameter 0: number 23
1788041354.311157 parameter 1: number 41
1788041354.311158 screen_write_cursormove: from 38,22 to 40,22
1788041354.311160 screen_write_collect_trim: 0x10a0a67c0 2-8 before 40-48
1788041354.311161 screen_write_collect_trim: 0x10a0a6760 11-30 before 40-48
1788041354.311163 screen_write_collect_trim: 0x10a0a6700 33-37 before 40-48
1788041354.311164 screen_write_collect_end: 9           (at 40,22)
1788041354.311165 utf8_to_data: 41000020 -> (1 1  )
1788041354.311167 utf8_from_data: (1 1  ) -> 41000020
1788041354.311168 utf8_from_data: (1 1  ) -> 41000020
1788041354.311169 utf8_from_data: (1 1  ) -> 41000020
1788041354.311171 utf8_from_data: (1 1  ) -> 41000020
1788041354.311172 utf8_from_data: (1 1  ) -> 41000020
1788041354.311173 utf8_from_data: (1 1  ) -> 41000020
1788041354.311175 utf8_from_data: (1 1  ) -> 41000020
1788041354.311176 utf8_from_data: (1 1  ) -> 41000020
1788041354.311178 utf8_from_data: (1 1  ) -> 41000020
1788041354.311179 input_csi_dispatch: 'H' "" "23;51"
1788041354.311181 parameter 0: number 23
1788041354.311182 parameter 1: number 51
1788041354.311183 screen_write_cursormove: from 49,22 to 50,22
1788041354.311185 screen_write_collect_trim: 0x10a0a67c0 2-8 before 50-50
1788041354.311186 screen_write_collect_trim: 0x10a0a6760 11-30 before 50-50
1788041354.311188 screen_write_collect_trim: 0x10a0a6700 33-37 before 50-50
1788041354.311189 screen_write_collect_trim: 0x10a0a4420 40-48 before 50-50
1788041354.311191 screen_write_collect_end: 1   (at 50,22)
1788041354.311192 utf8_to_data: 438294e2 -> (1 3 \342\224\202)
1788041354.311194 utf8_from_data: (1 1  ) -> 41000020
1788041354.311195 input_csi_dispatch: 'H' "" "23;53"
1788041354.311196 parameter 0: number 23
1788041354.311198 parameter 1: number 53
1788041354.311199 screen_write_cursormove: from 51,22 to 52,22
1788041354.311201 screen_write_collect_trim: 0x10a0a67c0 2-8 before 52-58
1788041354.311202 screen_write_collect_trim: 0x10a0a6760 11-30 before 52-58
1788041354.311204 screen_write_collect_trim: 0x10a0a6700 33-37 before 52-58
1788041354.311205 screen_write_collect_trim: 0x10a0a4420 40-48 before 52-58
1788041354.311207 screen_write_collect_trim: 0x10a0a40c0 50-50 before 52-58
1788041354.311208 screen_write_collect_end: 7         (at 52,22)
1788041354.311210 utf8_to_data: 41000020 -> (1 1  )
1788041354.311211 utf8_from_data: (1 1  ) -> 41000020
1788041354.311213 utf8_from_data: (1 1  ) -> 41000020
1788041354.311214 utf8_from_data: (1 1  ) -> 41000020
1788041354.311216 utf8_from_data: (1 1  ) -> 41000020
1788041354.311217 utf8_from_data: (1 1  ) -> 41000020
1788041354.311218 utf8_from_data: (1 1  ) -> 41000020
1788041354.311220 utf8_from_data: (1 1  ) -> 41000020
1788041354.311221 input_csi_dispatch: 'H' "" "23;62"
1788041354.311223 parameter 0: number 23
1788041354.311224 parameter 1: number 62
1788041354.311226 screen_write_cursormove: from 59,22 to 61,22
1788041354.311227 screen_write_collect_trim: 0x10a0a67c0 2-8 before 61-80
1788041354.311229 screen_write_collect_trim: 0x10a0a6760 11-30 before 61-80
1788041354.311230 screen_write_collect_trim: 0x10a0a6700 33-37 before 61-80
1788041354.311232 screen_write_collect_trim: 0x10a0a4420 40-48 before 61-80
1788041354.311233 screen_write_collect_trim: 0x10a0a40c0 50-50 before 61-80
1788041354.311235 screen_write_collect_trim: 0x10a0a4120 52-58 before 61-80
1788041354.311236 screen_write_collect_end: 20                      (at 61,22)
1788041354.311238 utf8_to_data: 4100006d -> (1 1 m)
1788041354.311239 utf8_from_data: (1 1  ) -> 41000020
1788041354.311240 utf8_from_data: (1 1  ) -> 41000020
1788041354.311242 utf8_from_data: (1 1  ) -> 41000020
1788041354.311243 utf8_from_data: (1 1  ) -> 41000020
1788041354.311244 utf8_from_data: (1 1  ) -> 41000020
1788041354.311246 utf8_from_data: (1 1  ) -> 41000020
1788041354.311247 utf8_from_data: (1 1  ) -> 41000020
1788041354.311249 utf8_from_data: (1 1  ) -> 41000020
1788041354.311250 utf8_from_data: (1 1  ) -> 41000020
1788041354.311251 utf8_from_data: (1 1  ) -> 41000020
1788041354.311253 utf8_from_data: (1 1  ) -> 41000020
1788041354.311254 utf8_from_data: (1 1  ) -> 41000020
1788041354.311255 utf8_from_data: (1 1  ) -> 41000020
1788041354.311257 utf8_from_data: (1 1  ) -> 41000020
1788041354.311258 utf8_from_data: (1 1  ) -> 41000020
1788041354.311259 utf8_from_data: (1 1  ) -> 41000020
1788041354.311261 utf8_from_data: (1 1  ) -> 41000020
1788041354.311262 utf8_from_data: (1 1  ) -> 41000020
1788041354.311264 utf8_from_data: (1 1  ) -> 41000020
1788041354.311265 utf8_from_data: (1 1  ) -> 41000020
1788041354.311266 input_csi_dispatch: 'H' "" "23;84"
1788041354.311268 parameter 0: number 23
1788041354.311269 parameter 1: number 84
1788041354.311270 screen_write_cursormove: from 81,22 to 83,22
1788041354.311272 screen_write_collect_trim: 0x10a0a67c0 2-8 before 83-87
1788041354.311273 screen_write_collect_trim: 0x10a0a6760 11-30 before 83-87
1788041354.311275 screen_write_collect_trim: 0x10a0a6700 33-37 before 83-87
1788041354.311276 screen_write_collect_trim: 0x10a0a4420 40-48 before 83-87
1788041354.311278 screen_write_collect_trim: 0x10a0a40c0 50-50 before 83-87
1788041354.311279 screen_write_collect_trim: 0x10a0a4120 52-58 before 83-87
1788041354.311280 screen_write_collect_trim: 0x10a0a6b20 61-80 before 83-87
1788041354.311282 screen_write_collect_end: 5       (at 83,22)
1788041354.311283 utf8_to_data: 41000020 -> (1 1  )
1788041354.311285 utf8_from_data: (1 1  ) -> 41000020
1788041354.311286 utf8_from_data: (1 1  ) -> 41000020
1788041354.311287 utf8_from_data: (1 1  ) -> 41000020
1788041354.311289 utf8_from_data: (1 1  ) -> 41000020
1788041354.311290 utf8_from_data: (1 1  ) -> 41000020
1788041354.311291 input_csi_dispatch: 'H' "" "23;91"
1788041354.311293 parameter 0: number 23
1788041354.311294 parameter 1: number 91
1788041354.311296 screen_write_cursormove: from 88,22 to 90,22
1788041354.311297 screen_write_collect_trim: 0x10a0a67c0 2-8 before 90-98
1788041354.311299 screen_write_collect_trim: 0x10a0a6760 11-30 before 90-98
1788041354.311300 screen_write_collect_trim: 0x10a0a6700 33-37 before 90-98
1788041354.311301 screen_write_collect_trim: 0x10a0a4420 40-48 before 90-98
1788041354.311303 screen_write_collect_trim: 0x10a0a40c0 50-50 before 90-98
1788041354.311304 screen_write_collect_trim: 0x10a0a4120 52-58 before 90-98
1788041354.311306 screen_write_collect_trim: 0x10a0a6b20 61-80 before 90-98
1788041354.311307 screen_write_collect_trim: 0x10a0a6b80 83-87 before 90-98
1788041354.311308 screen_write_collect_end: 9           (at 90,22)
1788041354.311310 utf8_to_data: 41000020 -> (1 1  )
1788041354.311311 utf8_from_data: (1 1  ) -> 41000020
1788041354.311313 utf8_from_data: (1 1  ) -> 41000020
1788041354.311314 utf8_from_data: (1 1  ) -> 41000020
1788041354.311315 utf8_from_data: (1 1  ) -> 41000020
1788041354.311317 utf8_from_data: (1 1  ) -> 41000020
1788041354.311318 utf8_from_data: (1 1  ) -> 41000020
1788041354.311320 utf8_from_data: (1 1  ) -> 41000020
1788041354.311321 utf8_from_data: (1 1  ) -> 41000020
1788041354.311322 utf8_from_data: (1 1  ) -> 41000020
1788041354.311324 input_csi_dispatch: 'H' "" "24;3"
1788041354.311325 parameter 0: number 24
1788041354.311326 parameter 1: number 3
1788041354.311328 screen_write_cursormove: from 99,22 to 2,23
1788041354.311329 screen_write_collect_end: 7         (at 2,23)
1788041354.311331 utf8_to_data: 41000020 -> (1 1  )
1788041354.311332 utf8_from_data: (1 1  ) -> 41000020
1788041354.311335 utf8_from_data: (1 1  ) -> 41000020
1788041354.311336 utf8_from_data: (1 1  ) -> 41000020
1788041354.311337 utf8_from_data: (1 1  ) -> 41000020
1788041354.311339 utf8_from_data: (1 1  ) -> 41000020
1788041354.311340 utf8_from_data: (1 1  ) -> 41000020
1788041354.311341 utf8_from_data: (1 1  ) -> 41000020
1788041354.311343 input_csi_dispatch: 'H' "" "24;12"
1788041354.311344 parameter 0: number 24
1788041354.311345 parameter 1: number 12
1788041354.311347 screen_write_cursormove: from 9,23 to 11,23
1788041354.311349 screen_write_collect_trim: 0x10a0a6640 2-8 before 11-30
1788041354.311350 screen_write_collect_end: 20                      (at 11,23)
1788041354.311351 utf8_to_data: 41000073 -> (1 1 s)
1788041354.311353 utf8_from_data: (1 1  ) -> 41000020
1788041354.311354 utf8_from_data: (1 1  ) -> 41000020
1788041354.311355 utf8_from_data: (1 1  ) -> 41000020
1788041354.311357 utf8_from_data: (1 1  ) -> 41000020
1788041354.311358 utf8_from_data: (1 1  ) -> 41000020
1788041354.311359 utf8_from_data: (1 1  ) -> 41000020
1788041354.311361 utf8_from_data: (1 1  ) -> 41000020
1788041354.311362 utf8_from_data: (1 1  ) -> 41000020
1788041354.311363 utf8_from_data: (1 1  ) -> 41000020
1788041354.311365 utf8_from_data: (1 1  ) -> 41000020
1788041354.311366 utf8_from_data: (1 1  ) -> 41000020
1788041354.311367 utf8_from_data: (1 1  ) -> 41000020
1788041354.311369 utf8_from_data: (1 1  ) -> 41000020
1788041354.311370 utf8_from_data: (1 1  ) -> 41000020
1788041354.311371 utf8_from_data: (1 1  ) -> 41000020
1788041354.311373 utf8_from_data: (1 1  ) -> 41000020
1788041354.311374 utf8_from_data: (1 1  ) -> 41000020
1788041354.311375 utf8_from_data: (1 1  ) -> 41000020
1788041354.311377 utf8_from_data: (1 1  ) -> 41000020
1788041354.311378 utf8_from_data: (1 1  ) -> 41000020
1788041354.311379 input_csi_dispatch: 'H' "" "24;34"
1788041354.311381 parameter 0: number 24
1788041354.311382 parameter 1: number 34
1788041354.311383 screen_write_cursormove: from 31,23 to 33,23
1788041354.311385 screen_write_collect_trim: 0x10a0a6640 2-8 before 33-37
1788041354.311386 screen_write_collect_trim: 0x10a0a65e0 11-30 before 33-37
1788041354.311388 screen_write_collect_end: 5       (at 33,23)
1788041354.311390 utf8_to_data: 41000020 -> (1 1  )
1788041354.311391 utf8_from_data: (1 1  ) -> 41000020
1788041354.311392 utf8_from_data: (1 1  ) -> 41000020
1788041354.311394 utf8_from_data: (1 1  ) -> 41000020
1788041354.311395 utf8_from_data: (1 1  ) -> 41000020
1788041354.311396 utf8_from_data: (1 1  ) -> 41000020
1788041354.311398 input_csi_dispatch: 'H' "" "24;41"
1788041354.311399 parameter 0: number 24
1788041354.311400 parameter 1: number 41
1788041354.311402 screen_write_cursormove: from 38,23 to 40,23
1788041354.311403 screen_write_collect_trim: 0x10a0a6640 2-8 before 40-48
1788041354.311405 screen_write_collect_trim: 0x10a0a65e0 11-30 before 40-48
1788041354.311406 screen_write_collect_trim: 0x10a0a6580 33-37 before 40-48
1788041354.311408 screen_write_collect_end: 9           (at 40,23)
1788041354.311409 utf8_to_data: 41000020 -> (1 1  )
1788041354.311411 utf8_from_data: (1 1  ) -> 41000020
1788041354.311412 utf8_from_data: (1 1  ) -> 41000020
1788041354.311413 utf8_from_data: (1 1  ) -> 41000020
1788041354.311415 utf8_from_data: (1 1  ) -> 41000020
1788041354.311416 utf8_from_data: (1 1  ) -> 41000020
1788041354.311417 utf8_from_data: (1 1  ) -> 41000020
1788041354.311419 utf8_from_data: (1 1  ) -> 41000020
1788041354.311420 utf8_from_data: (1 1  ) -> 41000020
1788041354.311423 utf8_from_data: (1 1  ) -> 41000020
1788041354.311425 input_csi_dispatch: 'H' "" "24;51"
1788041354.311427 parameter 0: number 24
1788041354.311430 parameter 1: number 51
1788041354.311431 screen_write_cursormove: from 49,23 to 50,23
1788041354.311433 screen_write_collect_trim: 0x10a0a6640 2-8 before 50-50
1788041354.311434 screen_write_collect_trim: 0x10a0a65e0 11-30 before 50-50
1788041354.311436 screen_write_collect_trim: 0x10a0a6580 33-37 before 50-50
1788041354.311437 screen_write_collect_trim: 0x10a0a6520 40-48 before 50-50
1788041354.311438 screen_write_collect_end: 1   (at 50,23)
1788041354.311440 utf8_to_data: 438294e2 -> (1 3 \342\224\202)
1788041354.311441 utf8_from_data: (1 1  ) -> 41000020
1788041354.311443 input_csi_dispatch: 'H' "" "24;53"
1788041354.311444 parameter 0: number 24
1788041354.311445 parameter 1: number 53
1788041354.311447 screen_write_cursormove: from 51,23 to 52,23
1788041354.311448 screen_write_collect_trim: 0x10a0a6640 2-8 before 52-58
1788041354.311450 screen_write_collect_trim: 0x10a0a65e0 11-30 before 52-58
1788041354.311451 screen_write_collect_trim: 0x10a0a6580 33-37 before 52-58
1788041354.311453 screen_write_collect_trim: 0x10a0a6520 40-48 before 52-58
1788041354.311454 screen_write_collect_trim: 0x10a0a64c0 50-50 before 52-58
1788041354.311456 screen_write_collect_end: 7         (at 52,23)
1788041354.311457 utf8_to_data: 41000020 -> (1 1  )
1788041354.311458 utf8_from_data: (1 1  ) -> 41000020
1788041354.311460 utf8_from_data: (1 1  ) -> 41000020
1788041354.311462 utf8_from_data: (1 1  ) -> 41000020
1788041354.311464 utf8_from_data: (1 1  ) -> 41000020
1788041354.311465 utf8_from_data: (1 1  ) -> 41000020
1788041354.311467 utf8_from_data: (1 1  ) -> 41000020
1788041354.311468 utf8_from_data: (1 1  ) -> 41000020
1788041354.311470 input_csi_dispatch: 'H' "" "24;62"
1788041354.311471 parameter 0: number 24
1788041354.311472 parameter 1: number 62
1788041354.311474 screen_write_cursormove: from 59,23 to 61,23
1788041354.311475 screen_write_collect_trim: 0x10a0a6640 2-8 before 61-80
1788041354.311477 screen_write_collect_trim: 0x10a0a65e0 11-30 before 61-80
1788041354.311478 screen_write_collect_trim: 0x10a0a6580 33-37 before 61-80
1788041354.311480 screen_write_collect_trim: 0x10a0a6520 40-48 before 61-80
1788041354.311481 screen_write_collect_trim: 0x10a0a64c0 50-50 before 61-80
1788041354.311482 screen_write_collect_trim: 0x10a0a4300 52-58 before 61-80
1788041354.311484 screen_write_collect_end: 20                      (at 61,23)
1788041354.311485 utf8_to_data: 4100006d -> (1 1 m)
1788041354.311487 utf8_from_data: (1 1  ) -> 41000020
1788041354.311488 utf8_from_data: (1 1  ) -> 41000020
1788041354.311489 utf8_from_data: (1 1  ) -> 41000020
1788041354.311491 utf8_from_data: (1 1  ) -> 41000020
1788041354.311492 utf8_from_data: (1 1  ) -> 41000020
1788041354.311493 utf8_from_data: (1 1  ) -> 41000020
1788041354.311495 utf8_from_data: (1 1  ) -> 41000020
1788041354.311496 utf8_from_data: (1 1  ) -> 41000020
1788041354.311497 utf8_from_data: (1 1  ) -> 41000020
1788041354.311499 utf8_from_data: (1 1  ) -> 41000020
1788041354.311500 utf8_from_data: (1 1  ) -> 41000020
1788041354.311501 utf8_from_data: (1 1  ) -> 41000020
1788041354.311503 utf8_from_data: (1 1  ) -> 41000020
1788041354.311504 utf8_from_data: (1 1  ) -> 41000020
1788041354.311505 utf8_from_data: (1 1  ) -> 41000020
1788041354.311507 utf8_from_data: (1 1  ) -> 41000020
1788041354.311508 utf8_from_data: (1 1  ) -> 41000020
1788041354.311509 utf8_from_data: (1 1  ) -> 41000020
1788041354.311511 utf8_from_data: (1 1  ) -> 41000020
1788041354.311512 utf8_from_data: (1 1  ) -> 41000020
1788041354.311513 input_csi_dispatch: 'H' "" "24;84"
1788041354.311515 parameter 0: number 24
1788041354.311516 parameter 1: number 84
1788041354.311517 screen_write_cursormove: from 81,23 to 83,23
1788041354.311519 screen_write_collect_trim: 0x10a0a6640 2-8 before 83-87
1788041354.311520 screen_write_collect_trim: 0x10a0a65e0 11-30 before 83-87
1788041354.311522 screen_write_collect_trim: 0x10a0a6580 33-37 before 83-87
1788041354.311523 screen_write_collect_trim: 0x10a0a6520 40-48 before 83-87
1788041354.311525 screen_write_collect_trim: 0x10a0a64c0 50-50 before 83-87
1788041354.311526 screen_write_collect_trim: 0x10a0a4300 52-58 before 83-87
1788041354.311528 screen_write_collect_trim: 0x10a0a4060 61-80 before 83-87
1788041354.311529 screen_write_collect_end: 5       (at 83,23)
1788041354.311531 utf8_to_data: 41000020 -> (1 1  )
1788041354.311532 utf8_from_data: (1 1  ) -> 41000020
1788041354.311533 utf8_from_data: (1 1  ) -> 41000020
1788041354.311535 utf8_from_data: (1 1  ) -> 41000020
1788041354.311536 utf8_from_data: (1 1  ) -> 41000020
1788041354.311537 utf8_from_data: (1 1  ) -> 41000020
1788041354.311539 input_csi_dispatch: 'H' "" "24;91"
1788041354.311540 parameter 0: number 24
1788041354.311541 parameter 1: number 91
1788041354.311543 screen_write_cursormove: from 88,23 to 90,23
1788041354.311544 screen_write_collect_trim: 0x10a0a6640 2-8 before 90-98
1788041354.311546 screen_write_collect_trim: 0x10a0a65e0 11-30 before 90-98
1788041354.311547 screen_write_collect_trim: 0x10a0a6580 33-37 before 90-98
1788041354.311549 screen_write_collect_trim: 0x10a0a6520 40-48 before 90-98
1788041354.311550 screen_write_collect_trim: 0x10a0a64c0 50-50 before 90-98
1788041354.311552 screen_write_collect_trim: 0x10a0a4300 52-58 before 90-98
1788041354.311553 screen_write_collect_trim: 0x10a0a4060 61-80 before 90-98
1788041354.311555 screen_write_collect_trim: 0x10a0a6c40 83-87 before 90-98
1788041354.311556 screen_write_collect_end: 9           (at 90,23)
1788041354.311557 utf8_to_data: 41000020 -> (1 1  )
1788041354.311559 utf8_from_data: (1 1  ) -> 41000020
1788041354.311560 utf8_from_data: (1 1  ) -> 41000020
1788041354.311561 utf8_from_data: (1 1  ) -> 41000020
1788041354.311563 utf8_from_data: (1 1  ) -> 41000020
1788041354.311564 utf8_from_data: (1 1  ) -> 41000020
1788041354.311566 utf8_from_data: (1 1  ) -> 41000020
1788041354.311567 utf8_from_data: (1 1  ) -> 41000020
1788041354.311568 utf8_from_data: (1 1  ) -> 41000020
1788041354.311570 utf8_from_data: (1 1  ) -> 41000020
1788041354.311571 input_csi_dispatch: 'H' "" "25;3"
1788041354.311572 parameter 0: number 25
1788041354.311574 parameter 1: number 3
1788041354.311575 screen_write_cursormove: from 99,23 to 2,24
1788041354.311577 screen_write_collect_end: 7         (at 2,24)
1788041354.311578 utf8_to_data: 41000020 -> (1 1  )
1788041354.311579 utf8_from_data: (1 1  ) -> 41000020
1788041354.311581 utf8_from_data: (1 1  ) -> 41000020
1788041354.311582 utf8_from_data: (1 1  ) -> 41000020
1788041354.311583 utf8_from_data: (1 1  ) -> 41000020
1788041354.311585 utf8_from_data: (1 1  ) -> 41000020
1788041354.311586 utf8_from_data: (1 1  ) -> 41000020
1788041354.311588 utf8_from_data: (1 1  ) -> 41000020
1788041354.311589 input_csi_dispatch: 'H' "" "25;12"
1788041354.311590 parameter 0: number 25
1788041354.311592 parameter 1: number 12
1788041354.311593 screen_write_cursormove: from 9,24 to 11,24
1788041354.311595 screen_write_collect_trim: 0x10a0a6d60 2-8 before 11-30
1788041354.311596 screen_write_collect_end: 20                      (at 11,24)
1788041354.311598 utf8_to_data: 41000064 -> (1 1 d)
1788041354.311599 utf8_from_data: (1 1  ) -> 41000020
1788041354.311600 utf8_from_data: (1 1  ) -> 41000020
1788041354.311602 utf8_from_data: (1 1  ) -> 41000020
1788041354.311603 utf8_from_data: (1 1  ) -> 41000020
1788041354.311604 utf8_from_data: (1 1  ) -> 41000020
1788041354.311606 utf8_from_data: (1 1  ) -> 41000020
1788041354.311607 utf8_from_data: (1 1  ) -> 41000020
1788041354.311608 utf8_from_data: (1 1  ) -> 41000020
1788041354.311610 utf8_from_data: (1 1  ) -> 41000020
1788041354.311611 utf8_from_data: (1 1  ) -> 41000020
1788041354.311613 utf8_from_data: (1 1  ) -> 41000020
1788041354.311614 utf8_from_data: (1 1  ) -> 41000020
1788041354.311615 utf8_from_data: (1 1  ) -> 41000020
1788041354.311617 utf8_from_data: (1 1  ) -> 41000020
1788041354.311618 utf8_from_data: (1 1  ) -> 41000020
1788041354.311620 utf8_from_data: (1 1  ) -> 41000020
1788041354.311621 utf8_from_data: (1 1  ) -> 41000020
1788041354.311622 utf8_from_data: (1 1  ) -> 41000020
1788041354.311624 utf8_from_data: (1 1  ) -> 41000020
1788041354.311625 utf8_from_data: (1 1  ) -> 41000020
1788041354.311626 input_csi_dispatch: 'H' "" "25;34"
1788041354.311629 parameter 0: number 25
1788041354.311630 parameter 1: number 34
1788041354.311632 screen_write_cursormove: from 31,24 to 33,24
1788041354.311633 screen_write_collect_trim: 0x10a0a6d60 2-8 before 33-37
1788041354.311635 screen_write_collect_trim: 0x10a0a6ac0 11-30 before 33-37
1788041354.311636 screen_write_collect_end: 5       (at 33,24)
1788041354.311637 utf8_to_data: 41000020 -> (1 1  )
1788041354.311639 utf8_from_data: (1 1  ) -> 41000020
1788041354.311640 utf8_from_data: (1 1  ) -> 41000020
1788041354.311641 utf8_from_data: (1 1  ) -> 41000020
1788041354.311643 utf8_from_data: (1 1  ) -> 41000020
1788041354.311644 utf8_from_data: (1 1  ) -> 41000020
1788041354.311646 input_csi_dispatch: 'H' "" "25;41"
1788041354.311647 parameter 0: number 25
1788041354.311648 parameter 1: number 41
1788041354.311650 screen_write_cursormove: from 38,24 to 40,24
1788041354.311651 screen_write_collect_trim: 0x10a0a6d60 2-8 before 40-48
1788041354.311653 screen_write_collect_trim: 0x10a0a6ac0 11-30 before 40-48
1788041354.311655 screen_write_collect_trim: 0x10a0a6a60 33-37 before 40-48
1788041354.311656 screen_write_collect_end: 9           (at 40,24)
1788041354.311658 utf8_to_data: 41000020 -> (1 1  )
1788041354.311659 utf8_from_data: (1 1  ) -> 41000020
1788041354.311660 utf8_from_data: (1 1  ) -> 41000020
1788041354.311662 utf8_from_data: (1 1  ) -> 41000020
1788041354.311663 utf8_from_data: (1 1  ) -> 41000020
1788041354.311664 utf8_from_data: (1 1  ) -> 41000020
1788041354.311666 utf8_from_data: (1 1  ) -> 41000020
1788041354.311667 utf8_from_data: (1 1  ) -> 41000020
1788041354.311668 utf8_from_data: (1 1  ) -> 41000020
1788041354.311670 utf8_from_data: (1 1  ) -> 41000020
1788041354.311671 input_csi_dispatch: 'H' "" "25;51"
1788041354.311672 parameter 0: number 25
1788041354.311674 parameter 1: number 51
1788041354.311675 screen_write_cursormove: from 49,24 to 50,24
1788041354.311677 screen_write_collect_trim: 0x10a0a6d60 2-8 before 50-50
1788041354.311678 screen_write_collect_trim: 0x10a0a6ac0 11-30 before 50-50
1788041354.311679 screen_write_collect_trim: 0x10a0a6a60 33-37 before 50-50
1788041354.311681 screen_write_collect_trim: 0x10a0a43c0 40-48 before 50-50
1788041354.311682 screen_write_collect_end: 1   (at 50,24)
1788041354.311684 utf8_to_data: 438294e2 -> (1 3 \342\224\202)
1788041354.311685 utf8_from_data: (1 1  ) -> 41000020
1788041354.311687 input_csi_dispatch: 'H' "" "25;53"
1788041354.311688 parameter 0: number 25
1788041354.311689 parameter 1: number 53
1788041354.311691 screen_write_cursormove: from 51,24 to 52,24
1788041354.311692 screen_write_collect_trim: 0x10a0a6d60 2-8 before 52-58
1788041354.311694 screen_write_collect_trim: 0x10a0a6ac0 11-30 before 52-58
1788041354.311695 screen_write_collect_trim: 0x10a0a6a60 33-37 before 52-58
1788041354.311697 screen_write_collect_trim: 0x10a0a43c0 40-48 before 52-58
1788041354.311698 screen_write_collect_trim: 0x10a0a4540 50-50 before 52-58
1788041354.311699 screen_write_collect_end: 7         (at 52,24)
1788041354.311701 utf8_to_data: 41000020 -> (1 1  )
1788041354.311702 utf8_from_data: (1 1  ) -> 41000020
1788041354.311704 utf8_from_data: (1 1  ) -> 41000020
1788041354.311705 utf8_from_data: (1 1  ) -> 41000020
1788041354.311706 utf8_from_data: (1 1  ) -> 41000020
1788041354.311708 utf8_from_data: (1 1  ) -> 41000020
1788041354.311709 utf8_from_data: (1 1  ) -> 41000020
1788041354.311710 utf8_from_data: (1 1  ) -> 41000020
1788041354.311712 input_csi_dispatch: 'H' "" "25;62"
1788041354.311713 parameter 0: number 25
1788041354.311714 parameter 1: number 62
1788041354.311716 screen_write_cursormove: from 59,24 to 61,24
1788041354.311718 screen_write_collect_trim: 0x10a0a6d60 2-8 before 61-80
1788041354.311719 screen_write_collect_trim: 0x10a0a6ac0 11-30 before 61-80
1788041354.311721 screen_write_collect_trim: 0x10a0a6a60 33-37 before 61-80
1788041354.311722 screen_write_collect_trim: 0x10a0a43c0 40-48 before 61-80
1788041354.311724 screen_write_collect_trim: 0x10a0a4540 50-50 before 61-80
1788041354.311725 screen_write_collect_trim: 0x10a0a45a0 52-58 before 61-80
1788041354.311727 screen_write_collect_end: 20                      (at 61,24)
1788041354.311728 utf8_to_data: 4100006d -> (1 1 m)
1788041354.311729 utf8_from_data: (1 1  ) -> 41000020
1788041354.311731 utf8_from_data: (1 1  ) -> 41000020
1788041354.311732 utf8_from_data: (1 1  ) -> 41000020
1788041354.311733 utf8_from_data: (1 1  ) -> 41000020
1788041354.311736 utf8_from_data: (1 1  ) -> 41000020
1788041354.311737 utf8_from_data: (1 1  ) -> 41000020
1788041354.311739 utf8_from_data: (1 1  ) -> 41000020
1788041354.311740 utf8_from_data: (1 1  ) -> 41000020
1788041354.311741 utf8_from_data: (1 1  ) -> 41000020
1788041354.311743 utf8_from_data: (1 1  ) -> 41000020
1788041354.311744 utf8_from_data: (1 1  ) -> 41000020
1788041354.311745 utf8_from_data: (1 1  ) -> 41000020
1788041354.311747 utf8_from_data: (1 1  ) -> 41000020
1788041354.311748 utf8_from_data: (1 1  ) -> 41000020
1788041354.311749 utf8_from_data: (1 1  ) -> 41000020
1788041354.311751 utf8_from_data: (1 1  ) -> 41000020
1788041354.311752 utf8_from_data: (1 1  ) -> 41000020
1788041354.311753 utf8_from_data: (1 1  ) -> 41000020
1788041354.311755 utf8_from_data: (1 1  ) -> 41000020
1788041354.311756 utf8_from_data: (1 1  ) -> 41000020
1788041354.311758 input_csi_dispatch: 'H' "" "25;84"
1788041354.311759 parameter 0: number 25
1788041354.311761 parameter 1: number 84
1788041354.311762 screen_write_cursormove: from 81,24 to 83,24
1788041354.311764 screen_write_collect_trim: 0x10a0a6d60 2-8 before 83-87
1788041354.311765 screen_write_collect_trim: 0x10a0a6ac0 11-30 before 83-87
1788041354.311767 screen_write_collect_trim: 0x10a0a6a60 33-37 before 83-87
1788041354.311768 screen_write_collect_trim: 0x10a0a43c0 40-48 before 83-87
1788041354.311769 screen_write_collect_trim: 0x10a0a4540 50-50 before 83-87
1788041354.311771 screen_write_collect_trim: 0x10a0a45a0 52-58 before 83-87
1788041354.311772 screen_write_collect_trim: 0x10a0a4600 61-80 before 83-87
1788041354.311774 screen_write_collect_end: 5       (at 83,24)
1788041354.311775 utf8_to_data: 41000020 -> (1 1  )
1788041354.311777 utf8_from_data: (1 1  ) -> 41000020
1788041354.311778 utf8_from_data: (1 1  ) -> 41000020
1788041354.311779 utf8_from_data: (1 1  ) -> 41000020
1788041354.311781 utf8_from_data: (1 1  ) -> 41000020
1788041354.311782 utf8_from_data: (1 1  ) -> 41000020
1788041354.311784 input_csi_dispatch: 'H' "" "25;91"
1788041354.311785 parameter 0: number 25
1788041354.311786 parameter 1: number 91
1788041354.311788 screen_write_cursormove: from 88,24 to 90,24
1788041354.311789 screen_write_collect_trim: 0x10a0a6d60 2-8 before 90-98
1788041354.311791 screen_write_collect_trim: 0x10a0a6ac0 11-30 before 90-98
1788041354.311792 screen_write_collect_trim: 0x10a0a6a60 33-37 before 90-98
1788041354.311793 screen_write_collect_trim: 0x10a0a43c0 40-48 before 90-98
1788041354.311795 screen_write_collect_trim: 0x10a0a4540 50-50 before 90-98
1788041354.311796 screen_write_collect_trim: 0x10a0a45a0 52-58 before 90-98
1788041354.311798 screen_write_collect_trim: 0x10a0a4600 61-80 before 90-98
1788041354.311799 screen_write_collect_trim: 0x10a0a4660 83-87 before 90-98
1788041354.311800 screen_write_collect_end: 9           (at 90,24)
1788041354.311802 utf8_to_data: 41000020 -> (1 1  )
1788041354.311803 utf8_from_data: (1 1  ) -> 41000020
1788041354.311805 utf8_from_data: (1 1  ) -> 41000020
1788041354.311806 utf8_from_data: (1 1  ) -> 41000020
1788041354.311807 utf8_from_data: (1 1  ) -> 41000020
1788041354.311809 utf8_from_data: (1 1  ) -> 41000020
1788041354.311810 utf8_from_data: (1 1  ) -> 41000020
1788041354.311812 utf8_from_data: (1 1  ) -> 41000020
1788041354.311813 utf8_from_data: (1 1  ) -> 41000020
1788041354.311814 utf8_from_data: (1 1  ) -> 41000020
1788041354.311816 input_csi_dispatch: 'H' "" "26;3"
1788041354.311817 parameter 0: number 26
1788041354.311819 parameter 1: number 3
1788041354.311820 screen_write_cursormove: from 99,24 to 2,25
1788041354.311822 screen_write_collect_end: 7         (at 2,25)
1788041354.311823 utf8_to_data: 41000020 -> (1 1  )
1788041354.311824 utf8_from_data: (1 1  ) -> 41000020
1788041354.311826 utf8_from_data: (1 1  ) -> 41000020
1788041354.311827 utf8_from_data: (1 1  ) -> 41000020
1788041354.311828 utf8_from_data: (1 1  ) -> 41000020
1788041354.311830 utf8_from_data: (1 1  ) -> 41000020
1788041354.311831 utf8_from_data: (1 1  ) -> 41000020
1788041354.311832 utf8_from_data: (1 1  ) -> 41000020
1788041354.311834 input_csi_dispatch: 'H' "" "26;12"
1788041354.311835 parameter 0: number 26
1788041354.311836 parameter 1: number 12
1788041354.311838 screen_write_cursormove: from 9,25 to 11,25
1788041354.311840 screen_write_collect_trim: 0x10a0a4720 2-8 before 11-30
1788041354.311841 screen_write_collect_end: 20                      (at 11,25)
1788041354.311842 utf8_to_data: 41000041 -> (1 1 A)
1788041354.311844 utf8_from_data: (1 1  ) -> 41000020
1788041354.311845 utf8_from_data: (1 1  ) -> 41000020
1788041354.311847 utf8_from_data: (1 1  ) -> 41000020
1788041354.311848 utf8_from_data: (1 1  ) -> 41000020
1788041354.311849 utf8_from_data: (1 1  ) -> 41000020
1788041354.311850 utf8_from_data: (1 1  ) -> 41000020
1788041354.311852 utf8_from_data: (1 1  ) -> 41000020
1788041354.311853 utf8_from_data: (1 1  ) -> 41000020
1788041354.311855 utf8_from_data: (1 1  ) -> 41000020
1788041354.311856 utf8_from_data: (1 1  ) -> 41000020
1788041354.311857 utf8_from_data: (1 1  ) -> 41000020
1788041354.311859 utf8_from_data: (1 1  ) -> 41000020
1788041354.311860 utf8_from_data: (1 1  ) -> 41000020
1788041354.311861 utf8_from_data: (1 1  ) -> 41000020
1788041354.311863 utf8_from_data: (1 1  ) -> 41000020
1788041354.311864 utf8_from_data: (1 1  ) -> 41000020
1788041354.311866 utf8_from_data: (1 1  ) -> 41000020
1788041354.311867 utf8_from_data: (1 1  ) -> 41000020
1788041354.311868 utf8_from_data: (1 1  ) -> 41000020
1788041354.311869 utf8_from_data: (1 1  ) -> 41000020
1788041354.311871 input_csi_dispatch: 'H' "" "26;34"
1788041354.311872 parameter 0: number 26
1788041354.311874 parameter 1: number 34
1788041354.311875 screen_write_cursormove: from 31,25 to 33,25
1788041354.311877 screen_write_collect_trim: 0x10a0a4720 2-8 before 33-37
1788041354.311878 screen_write_collect_trim: 0x10a0a4780 11-30 before 33-37
1788041354.311880 screen_write_collect_end: 5       (at 33,25)
1788041354.311883 utf8_to_data: 41000020 -> (1 1  )
1788041354.311885 utf8_from_data: (1 1  ) -> 41000020
1788041354.311887 utf8_from_data: (1 1  ) -> 41000020
1788041354.311889 utf8_from_data: (1 1  ) -> 41000020
1788041354.311890 utf8_from_data: (1 1  ) -> 41000020
1788041354.311892 utf8_from_data: (1 1  ) -> 41000020
1788041354.311893 input_csi_dispatch: 'H' "" "26;41"
1788041354.311895 parameter 0: number 26
1788041354.311896 parameter 1: number 41
1788041354.311897 screen_write_cursormove: from 38,25 to 40,25
1788041354.311899 screen_write_collect_trim: 0x10a0a4720 2-8 before 40-48
1788041354.311900 screen_write_collect_trim: 0x10a0a4780 11-30 before 40-48
1788041354.311902 screen_write_collect_trim: 0x10a0a47e0 33-37 before 40-48
1788041354.311903 screen_write_collect_end: 9           (at 40,25)
1788041354.311905 utf8_to_data: 41000020 -> (1 1  )
1788041354.311906 utf8_from_data: (1 1  ) -> 41000020
1788041354.311907 utf8_from_data: (1 1  ) -> 41000020
1788041354.311909 utf8_from_data: (1 1  ) -> 41000020
1788041354.311910 utf8_from_data: (1 1  ) -> 41000020
1788041354.311912 utf8_from_data: (1 1  ) -> 41000020
1788041354.311913 utf8_from_data: (1 1  ) -> 41000020
1788041354.311914 utf8_from_data: (1 1  ) -> 41000020
1788041354.311916 utf8_from_data: (1 1  ) -> 41000020
1788041354.311917 utf8_from_data: (1 1  ) -> 41000020
1788041354.311919 input_csi_dispatch: 'H' "" "26;51"
1788041354.311920 parameter 0: number 26
1788041354.311921 parameter 1: number 51
1788041354.311923 screen_write_cursormove: from 49,25 to 50,25
1788041354.311924 screen_write_collect_trim: 0x10a0a4720 2-8 before 50-50
1788041354.311925 screen_write_collect_trim: 0x10a0a4780 11-30 before 50-50
1788041354.311927 screen_write_collect_trim: 0x10a0a47e0 33-37 before 50-50
1788041354.311928 screen_write_collect_trim: 0x10a0a4840 40-48 before 50-50
1788041354.311930 screen_write_collect_end: 1   (at 50,25)
1788041354.311931 utf8_to_data: 438294e2 -> (1 3 \342\224\202)
1788041354.311932 utf8_from_data: (1 1  ) -> 41000020
1788041354.311934 input_csi_dispatch: 'H' "" "26;53"
1788041354.311935 parameter 0: number 26
1788041354.311937 parameter 1: number 53
1788041354.311938 screen_write_cursormove: from 51,25 to 52,25
1788041354.311943 screen_write_collect_trim: 0x10a0a4720 2-8 before 52-58
1788041354.311944 screen_write_collect_trim: 0x10a0a4780 11-30 before 52-58
1788041354.311946 screen_write_collect_trim: 0x10a0a47e0 33-37 before 52-58
1788041354.311948 screen_write_collect_trim: 0x10a0a4840 40-48 before 52-58
1788041354.311949 screen_write_collect_trim: 0x10a0a48a0 50-50 before 52-58
1788041354.311951 screen_write_collect_end: 7         (at 52,25)
1788041354.311952 utf8_to_data: 41000020 -> (1 1  )
1788041354.311953 utf8_from_data: (1 1  ) -> 41000020
1788041354.311955 utf8_from_data: (1 1  ) -> 41000020
1788041354.311956 utf8_from_data: (1 1  ) -> 41000020
1788041354.311958 utf8_from_data: (1 1  ) -> 41000020
1788041354.311959 utf8_from_data: (1 1  ) -> 41000020
1788041354.311960 utf8_from_data: (1 1  ) -> 41000020
1788041354.311962 utf8_from_data: (1 1  ) -> 41000020
1788041354.311963 input_csi_dispatch: 'H' "" "26;62"
1788041354.311965 parameter 0: number 26
1788041354.311966 parameter 1: number 62
1788041354.311967 screen_write_cursormove: from 59,25 to 61,25
1788041354.311969 screen_write_collect_trim: 0x10a0a4720 2-8 before 61-80
1788041354.311970 screen_write_collect_trim: 0x10a0a4780 11-30 before 61-80
1788041354.311972 screen_write_collect_trim: 0x10a0a47e0 33-37 before 61-80
1788041354.311973 screen_write_collect_trim: 0x10a0a4840 40-48 before 61-80
1788041354.311975 screen_write_collect_trim: 0x10a0a48a0 50-50 before 61-80
1788041354.311976 screen_write_collect_trim: 0x10a0a4900 52-58 before 61-80
1788041354.311977 screen_write_collect_end: 20                      (at 61,25)
1788041354.311979 utf8_to_data: 4100006d -> (1 1 m)
1788041354.311980 utf8_from_data: (1 1  ) -> 41000020
1788041354.311982 utf8_from_data: (1 1  ) -> 41000020
1788041354.311983 utf8_from_data: (1 1  ) -> 41000020
1788041354.311984 utf8_from_data: (1 1  ) -> 41000020
1788041354.311986 utf8_from_data: (1 1  ) -> 41000020
1788041354.311987 utf8_from_data: (1 1  ) -> 41000020
1788041354.311988 utf8_from_data: (1 1  ) -> 41000020
1788041354.311990 utf8_from_data: (1 1  ) -> 41000020
1788041354.311991 utf8_from_data: (1 1  ) -> 41000020
1788041354.311993 utf8_from_data: (1 1  ) -> 41000020
1788041354.311994 utf8_from_data: (1 1  ) -> 41000020
1788041354.311995 utf8_from_data: (1 1  ) -> 41000020
1788041354.311997 utf8_from_data: (1 1  ) -> 41000020
1788041354.311998 utf8_from_data: (1 1  ) -> 41000020
1788041354.311999 utf8_from_data: (1 1  ) -> 41000020
1788041354.312001 utf8_from_data: (1 1  ) -> 41000020
1788041354.312002 utf8_from_data: (1 1  ) -> 41000020
1788041354.312003 utf8_from_data: (1 1  ) -> 41000020
1788041354.312005 utf8_from_data: (1 1  ) -> 41000020
1788041354.312006 utf8_from_data: (1 1  ) -> 41000020
1788041354.312007 input_csi_dispatch: 'H' "" "26;84"
1788041354.312009 parameter 0: number 26
1788041354.312010 parameter 1: number 84
1788041354.312012 screen_write_cursormove: from 81,25 to 83,25
1788041354.312013 screen_write_collect_trim: 0x10a0a4720 2-8 before 83-87
1788041354.312015 screen_write_collect_trim: 0x10a0a4780 11-30 before 83-87
1788041354.312016 screen_write_collect_trim: 0x10a0a47e0 33-37 before 83-87
1788041354.312017 screen_write_collect_trim: 0x10a0a4840 40-48 before 83-87
1788041354.312019 screen_write_collect_trim: 0x10a0a48a0 50-50 before 83-87
1788041354.312020 screen_write_collect_trim: 0x10a0a4900 52-58 before 83-87
1788041354.312022 screen_write_collect_trim: 0x10a0a4960 61-80 before 83-87
1788041354.312023 screen_write_collect_end: 5       (at 83,25)
1788041354.312024 utf8_to_data: 41000020 -> (1 1  )
1788041354.312026 utf8_from_data: (1 1  ) -> 41000020
1788041354.312027 utf8_from_data: (1 1  ) -> 41000020
1788041354.312028 utf8_from_data: (1 1  ) -> 41000020
1788041354.312030 utf8_from_data: (1 1  ) -> 41000020
1788041354.312031 utf8_from_data: (1 1  ) -> 41000020
1788041354.312032 input_csi_dispatch: 'H' "" "26;91"
1788041354.312034 parameter 0: number 26
1788041354.312035 parameter 1: number 91
1788041354.312036 screen_write_cursormove: from 88,25 to 90,25
1788041354.312038 screen_write_collect_trim: 0x10a0a4720 2-8 before 90-98
1788041354.312040 screen_write_collect_trim: 0x10a0a4780 11-30 before 90-98
1788041354.312041 screen_write_collect_trim: 0x10a0a47e0 33-37 before 90-98
1788041354.312042 screen_write_collect_trim: 0x10a0a4840 40-48 before 90-98
1788041354.312044 screen_write_collect_trim: 0x10a0a48a0 50-50 before 90-98
1788041354.312045 screen_write_collect_trim: 0x10a0a4900 52-58 before 90-98
1788041354.312047 screen_write_collect_trim: 0x10a0a4960 61-80 before 90-98
1788041354.312048 screen_write_collect_trim: 0x10a0a49c0 83-87 before 90-98
1788041354.312050 screen_write_collect_end: 9           (at 90,25)
1788041354.312051 utf8_to_data: 41000020 -> (1 1  )
1788041354.312052 utf8_from_data: (1 1  ) -> 41000020
1788041354.312054 utf8_from_data: (1 1  ) -> 41000020
1788041354.312055 utf8_from_data: (1 1  ) -> 41000020
1788041354.312056 utf8_from_data: (1 1  ) -> 41000020
1788041354.312058 utf8_from_data: (1 1  ) -> 41000020
1788041354.312059 utf8_from_data: (1 1  ) -> 41000020
1788041354.312060 utf8_from_data: (1 1  ) -> 41000020
1788041354.312062 utf8_from_data: (1 1  ) -> 41000020
1788041354.312063 utf8_from_data: (1 1  ) -> 41000020
1788041354.312064 input_csi_dispatch: 'H' "" "27;3"
1788041354.312066 parameter 0: number 27
1788041354.312067 parameter 1: number 3
1788041354.312068 screen_write_cursormove: from 99,25 to 2,26
1788041354.312070 screen_write_collect_end: 7         (at 2,26)
1788041354.312071 utf8_to_data: 41000020 -> (1 1  )
1788041354.312073 utf8_from_data: (1 1  ) -> 41000020
1788041354.312074 utf8_from_data: (1 1  ) -> 41000020
1788041354.312075 utf8_from_data: (1 1  ) -> 41000020
1788041354.312077 utf8_from_data: (1 1  ) -> 41000020
1788041354.312078 utf8_from_data: (1 1  ) -> 41000020
1788041354.312080 utf8_from_data: (1 1  ) -> 41000020
1788041354.312082 utf8_from_data: (1 1  ) -> 41000020
1788041354.312083 input_csi_dispatch: 'H' "" "27;12"
1788041354.312085 parameter 0: number 27
1788041354.312086 parameter 1: number 12
1788041354.312087 screen_write_cursormove: from 9,26 to 11,26
1788041354.312089 screen_write_collect_trim: 0x10a0a69a0 2-8 before 11-30
1788041354.312091 screen_write_collect_end: 20                      (at 11,26)
1788041354.312092 utf8_to_data: 41000047 -> (1 1 G)
1788041354.312093 utf8_from_data: (1 1  ) -> 41000020
1788041354.312095 utf8_from_data: (1 1  ) -> 41000020
1788041354.312097 utf8_from_data: (1 1  ) -> 41000020
1788041354.312098 utf8_from_data: (1 1  ) -> 41000020
1788041354.312099 utf8_from_data: (1 1  ) -> 41000020
1788041354.312101 utf8_from_data: (1 1  ) -> 41000020
1788041354.312102 utf8_from_data: (1 1  ) -> 41000020
1788041354.312103 utf8_from_data: (1 1  ) -> 41000020
1788041354.312105 utf8_from_data: (1 1  ) -> 41000020
1788041354.312106 utf8_from_data: (1 1  ) -> 41000020
1788041354.312107 utf8_from_data: (1 1  ) -> 41000020
1788041354.312109 utf8_from_data: (1 1  ) -> 41000020
1788041354.312110 utf8_from_data: (1 1  ) -> 41000020
1788041354.312111 utf8_from_data: (1 1  ) -> 41000020
1788041354.312113 utf8_from_data: (1 1  ) -> 41000020
1788041354.312114 utf8_from_data: (1 1  ) -> 41000020
1788041354.312115 utf8_from_data: (1 1  ) -> 41000020
1788041354.312117 utf8_from_data: (1 1  ) -> 41000020
1788041354.312118 utf8_from_data: (1 1  ) -> 41000020
1788041354.312119 utf8_from_data: (1 1  ) -> 41000020
1788041354.312121 input_csi_dispatch: 'H' "" "27;34"
1788041354.312122 parameter 0: number 27
1788041354.312123 parameter 1: number 34
1788041354.312125 screen_write_cursormove: from 31,26 to 33,26
1788041354.312127 screen_write_collect_trim: 0x10a0a69a0 2-8 before 33-37
1788041354.312128 screen_write_collect_trim: 0x10a0a6940 11-30 before 33-37
1788041354.312129 screen_write_collect_end: 5       (at 33,26)
1788041354.312131 utf8_to_data: 41000020 -> (1 1  )
1788041354.312132 utf8_from_data: (1 1  ) -> 41000020
1788041354.312134 utf8_from_data: (1 1  ) -> 41000020
1788041354.312135 utf8_from_data: (1 1  ) -> 41000020
1788041354.312136 utf8_from_data: (1 1  ) -> 41000020
1788041354.312138 utf8_from_data: (1 1  ) -> 41000020
1788041354.312139 input_csi_dispatch: 'H' "" "27;41"
1788041354.312142 parameter 0: number 27
1788041354.312143 parameter 1: number 41
1788041354.312144 screen_write_cursormove: from 38,26 to 40,26
1788041354.312146 screen_write_collect_trim: 0x10a0a69a0 2-8 before 40-48
1788041354.312147 screen_write_collect_trim: 0x10a0a6940 11-30 before 40-48
1788041354.312149 screen_write_collect_trim: 0x10a0a4a80 33-37 before 40-48
1788041354.312150 screen_write_collect_end: 9           (at 40,26)
1788041354.312152 utf8_to_data: 41000020 -> (1 1  )
1788041354.312153 utf8_from_data: (1 1  ) -> 41000020
1788041354.312154 utf8_from_data: (1 1  ) -> 41000020
1788041354.312156 utf8_from_data: (1 1  ) -> 41000020
1788041354.312157 utf8_from_data: (1 1  ) -> 41000020
1788041354.312158 utf8_from_data: (1 1  ) -> 41000020
1788041354.312160 utf8_from_data: (1 1  ) -> 41000020
1788041354.312161 utf8_from_data: (1 1  ) -> 41000020
1788041354.312162 utf8_from_data: (1 1  ) -> 41000020
1788041354.312164 utf8_from_data: (1 1  ) -> 41000020
1788041354.312166 input_csi_dispatch: 'H' "" "27;51"
1788041354.312167 parameter 0: number 27
1788041354.312168 parameter 1: number 51
1788041354.312170 screen_write_cursormove: from 49,26 to 50,26
1788041354.312171 screen_write_collect_trim: 0x10a0a69a0 2-8 before 50-50
1788041354.312173 screen_write_collect_trim: 0x10a0a6940 11-30 before 50-50
1788041354.312174 screen_write_collect_trim: 0x10a0a4a80 33-37 before 50-50
1788041354.312176 screen_write_collect_trim: 0x10a0a4ae0 40-48 before 50-50
1788041354.312177 screen_write_collect_end: 1   (at 50,26)
1788041354.312179 utf8_to_data: 438294e2 -> (1 3 \342\224\202)
1788041354.312180 utf8_from_data: (1 1  ) -> 41000020
1788041354.312182 input_csi_dispatch: 'H' "" "27;53"
1788041354.312183 parameter 0: number 27
1788041354.312184 parameter 1: number 53
1788041354.312186 screen_write_cursormove: from 51,26 to 52,26
1788041354.312187 screen_write_collect_trim: 0x10a0a69a0 2-8 before 52-58
1788041354.312189 screen_write_collect_trim: 0x10a0a6940 11-30 before 52-58
1788041354.312190 screen_write_collect_trim: 0x10a0a4a80 33-37 before 52-58
1788041354.312192 screen_write_collect_trim: 0x10a0a4ae0 40-48 before 52-58
1788041354.312193 screen_write_collect_trim: 0x10a0a4b40 50-50 before 52-58
1788041354.312194 screen_write_collect_end: 7         (at 52,26)
1788041354.312196 utf8_to_data: 41000020 -> (1 1  )
1788041354.312197 utf8_from_data: (1 1  ) -> 41000020
1788041354.312199 utf8_from_data: (1 1  ) -> 41000020
1788041354.312200 utf8_from_data: (1 1  ) -> 41000020
1788041354.312202 utf8_from_data: (1 1  ) -> 41000020
1788041354.312203 utf8_from_data: (1 1  ) -> 41000020
1788041354.312205 utf8_from_data: (1 1  ) -> 41000020
1788041354.312206 utf8_from_data: (1 1  ) -> 41000020
1788041354.312208 input_csi_dispatch: 'H' "" "27;62"
1788041354.312209 parameter 0: number 27
1788041354.312210 parameter 1: number 62
1788041354.312212 screen_write_cursormove: from 59,26 to 61,26
1788041354.312213 screen_write_collect_trim: 0x10a0a69a0 2-8 before 61-80
1788041354.312215 screen_write_collect_trim: 0x10a0a6940 11-30 before 61-80
1788041354.312216 screen_write_collect_trim: 0x10a0a4a80 33-37 before 61-80
1788041354.312218 screen_write_collect_trim: 0x10a0a4ae0 40-48 before 61-80
1788041354.312219 screen_write_collect_trim: 0x10a0a4b40 50-50 before 61-80
1788041354.312221 screen_write_collect_trim: 0x10a0a4ba0 52-58 before 61-80
1788041354.312222 screen_write_collect_end: 20                      (at 61,26)
1788041354.312223 utf8_to_data: 4100006d -> (1 1 m)
1788041354.312225 utf8_from_data: (1 1  ) -> 41000020
1788041354.312226 utf8_from_data: (1 1  ) -> 41000020
1788041354.312227 utf8_from_data: (1 1  ) -> 41000020
1788041354.312229 utf8_from_data: (1 1  ) -> 41000020
1788041354.312230 utf8_from_data: (1 1  ) -> 41000020
1788041354.312232 utf8_from_data: (1 1  ) -> 41000020
1788041354.312233 utf8_from_data: (1 1  ) -> 41000020
1788041354.312234 utf8_from_data: (1 1  ) -> 41000020
1788041354.312236 utf8_from_data: (1 1  ) -> 41000020
1788041354.312237 utf8_from_data: (1 1  ) -> 41000020
1788041354.312238 utf8_from_data: (1 1  ) -> 41000020
1788041354.312240 utf8_from_data: (1 1  ) -> 41000020
1788041354.312241 utf8_from_data: (1 1  ) -> 41000020
1788041354.312242 utf8_from_data: (1 1  ) -> 41000020
1788041354.312244 utf8_from_data: (1 1  ) -> 41000020
1788041354.312246 utf8_from_data: (1 1  ) -> 41000020
1788041354.312247 utf8_from_data: (1 1  ) -> 41000020
1788041354.312248 utf8_from_data: (1 1  ) -> 41000020
1788041354.312250 utf8_from_data: (1 1  ) -> 41000020
1788041354.312251 utf8_from_data: (1 1  ) -> 41000020
1788041354.312252 input_csi_dispatch: 'H' "" "27;84"
1788041354.312254 parameter 0: number 27
1788041354.312255 parameter 1: number 84
1788041354.312257 screen_write_cursormove: from 81,26 to 83,26
1788041354.312258 screen_write_collect_trim: 0x10a0a69a0 2-8 before 83-87
1788041354.312260 screen_write_collect_trim: 0x10a0a6940 11-30 before 83-87
1788041354.312261 screen_write_collect_trim: 0x10a0a4a80 33-37 before 83-87
1788041354.312263 screen_write_collect_trim: 0x10a0a4ae0 40-48 before 83-87
1788041354.312264 screen_write_collect_trim: 0x10a0a4b40 50-50 before 83-87
1788041354.312265 screen_write_collect_trim: 0x10a0a4ba0 52-58 before 83-87
1788041354.312267 screen_write_collect_trim: 0x10a0a4c00 61-80 before 83-87
1788041354.312268 screen_write_collect_end: 5       (at 83,26)
1788041354.312269 utf8_to_data: 41000020 -> (1 1  )
1788041354.312271 utf8_from_data: (1 1  ) -> 41000020
1788041354.312272 utf8_from_data: (1 1  ) -> 41000020
1788041354.312274 utf8_from_data: (1 1  ) -> 41000020
1788041354.312275 utf8_from_data: (1 1  ) -> 41000020
1788041354.312276 utf8_from_data: (1 1  ) -> 41000020
1788041354.312278 input_csi_dispatch: 'H' "" "27;91"
1788041354.312279 parameter 0: number 27
1788041354.312280 parameter 1: number 91
1788041354.312282 screen_write_cursormove: from 88,26 to 90,26
1788041354.312284 screen_write_collect_trim: 0x10a0a69a0 2-8 before 90-98
1788041354.312285 screen_write_collect_trim: 0x10a0a6940 11-30 before 90-98
1788041354.312286 screen_write_collect_trim: 0x10a0a4a80 33-37 before 90-98
1788041354.312288 screen_write_collect_trim: 0x10a0a4ae0 40-48 before 90-98
1788041354.312289 screen_write_collect_trim: 0x10a0a4b40 50-50 before 90-98
1788041354.312291 screen_write_collect_trim: 0x10a0a4ba0 52-58 before 90-98
1788041354.312292 screen_write_collect_trim: 0x10a0a4c00 61-80 before 90-98
1788041354.312294 screen_write_collect_trim: 0x10a0a4c60 83-87 before 90-98
1788041354.312295 screen_write_collect_end: 9           (at 90,26)
1788041354.312296 utf8_to_data: 41000020 -> (1 1  )
1788041354.312298 utf8_from_data: (1 1  ) -> 41000020
1788041354.312299 utf8_from_data: (1 1  ) -> 41000020
1788041354.312300 utf8_from_data: (1 1  ) -> 41000020
1788041354.312302 utf8_from_data: (1 1  ) -> 41000020
1788041354.312303 utf8_from_data: (1 1  ) -> 41000020
1788041354.312305 utf8_from_data: (1 1  ) -> 41000020
1788041354.312306 utf8_from_data: (1 1  ) -> 41000020
1788041354.312308 utf8_from_data: (1 1  ) -> 41000020
1788041354.312309 utf8_from_data: (1 1  ) -> 41000020
1788041354.312310 input_csi_dispatch: 'H' "" "28;3"
1788041354.312312 parameter 0: number 28
1788041354.312313 parameter 1: number 3
1788041354.312314 screen_write_cursormove: from 99,26 to 2,27
1788041354.312316 screen_write_collect_end: 7         (at 2,27)
1788041354.312317 utf8_to_data: 41000020 -> (1 1  )
1788041354.312319 utf8_from_data: (1 1  ) -> 41000020
1788041354.312320 utf8_from_data: (1 1  ) -> 41000020
1788041354.312321 utf8_from_data: (1 1  ) -> 41000020
1788041354.312323 utf8_from_data: (1 1  ) -> 41000020
1788041354.312324 utf8_from_data: (1 1  ) -> 41000020
1788041354.312325 utf8_from_data: (1 1  ) -> 41000020
1788041354.312327 utf8_from_data: (1 1  ) -> 41000020
1788041354.312328 input_csi_dispatch: 'H' "" "28;12"
1788041354.312329 parameter 0: number 28
1788041354.312331 parameter 1: number 12
1788041354.312332 screen_write_cursormove: from 9,27 to 11,27
1788041354.312334 screen_write_collect_trim: 0x10a0a4d20 2-8 before 11-30
1788041354.312335 screen_write_collect_end: 20                      (at 11,27)
1788041354.312337 utf8_to_data: 4100006d -> (1 1 m)
1788041354.312338 utf8_from_data: (1 1  ) -> 41000020
1788041354.312339 utf8_from_data: (1 1  ) -> 41000020
1788041354.312341 utf8_from_data: (1 1  ) -> 41000020
1788041354.312342 utf8_from_data: (1 1  ) -> 41000020
1788041354.312343 utf8_from_data: (1 1  ) -> 41000020
1788041354.312345 utf8_from_data: (1 1  ) -> 41000020
1788041354.312346 utf8_from_data: (1 1  ) -> 41000020
1788041354.312347 utf8_from_data: (1 1  ) -> 41000020
1788041354.312348 utf8_from_data: (1 1  ) -> 41000020
1788041354.312350 utf8_from_data: (1 1  ) -> 41000020
1788041354.312351 utf8_from_data: (1 1  ) -> 41000020
1788041354.312352 utf8_from_data: (1 1  ) -> 41000020
1788041354.312354 utf8_from_data: (1 1  ) -> 41000020
1788041354.312355 utf8_from_data: (1 1  ) -> 41000020
1788041354.312356 utf8_from_data: (1 1  ) -> 41000020
1788041354.312358 utf8_from_data: (1 1  ) -> 41000020
1788041354.312359 utf8_from_data: (1 1  ) -> 41000020
1788041354.312360 utf8_from_data: (1 1  ) -> 41000020
1788041354.312362 utf8_from_data: (1 1  ) -> 41000020
1788041354.312363 utf8_from_data: (1 1  ) -> 41000020
1788041354.312365 input_csi_dispatch: 'H' "" "28;34"
1788041354.312366 parameter 0: number 28
1788041354.312368 parameter 1: number 34
1788041354.312369 screen_write_cursormove: from 31,27 to 33,27
1788041354.312370 screen_write_collect_trim: 0x10a0a4d20 2-8 before 33-37
1788041354.312372 screen_write_collect_trim: 0x10a0a4d80 11-30 before 33-37
1788041354.312373 screen_write_collect_end: 5       (at 33,27)
1788041354.312375 utf8_to_data: 41000020 -> (1 1  )
1788041354.312376 utf8_from_data: (1 1  ) -> 41000020
1788041354.312377 utf8_from_data: (1 1  ) -> 41000020
1788041354.312379 utf8_from_data: (1 1  ) -> 41000020
1788041354.312380 utf8_from_data: (1 1  ) -> 41000020
1788041354.312382 utf8_from_data: (1 1  ) -> 41000020
1788041354.312383 input_csi_dispatch: 'H' "" "28;41"
1788041354.312384 parameter 0: number 28
1788041354.312386 parameter 1: number 41
1788041354.312387 screen_write_cursormove: from 38,27 to 40,27
1788041354.312389 screen_write_collect_trim: 0x10a0a4d20 2-8 before 40-48
1788041354.312390 screen_write_collect_trim: 0x10a0a4d80 11-30 before 40-48
1788041354.312392 screen_write_collect_trim: 0x10a0a4de0 33-37 before 40-48
1788041354.312393 screen_write_collect_end: 9           (at 40,27)
1788041354.312394 utf8_to_data: 41000020 -> (1 1  )
1788041354.312396 utf8_from_data: (1 1  ) -> 41000020
1788041354.312397 utf8_from_data: (1 1  ) -> 41000020
1788041354.312398 utf8_from_data: (1 1  ) -> 41000020
1788041354.312400 utf8_from_data: (1 1  ) -> 41000020
1788041354.312401 utf8_from_data: (1 1  ) -> 41000020
1788041354.312402 utf8_from_data: (1 1  ) -> 41000020
1788041354.312404 utf8_from_data: (1 1  ) -> 41000020
1788041354.312405 utf8_from_data: (1 1  ) -> 41000020
1788041354.312407 utf8_from_data: (1 1  ) -> 41000020
1788041354.312408 input_csi_dispatch: 'H' "" "28;51"
1788041354.312409 parameter 0: number 28
1788041354.312411 parameter 1: number 51
1788041354.312412 screen_write_cursormove: from 49,27 to 50,27
1788041354.312413 screen_write_collect_trim: 0x10a0a4d20 2-8 before 50-50
1788041354.312415 screen_write_collect_trim: 0x10a0a4d80 11-30 before 50-50
1788041354.312416 screen_write_collect_trim: 0x10a0a4de0 33-37 before 50-50
1788041354.312418 screen_write_collect_trim: 0x10a0a4e40 40-48 before 50-50
1788041354.312419 screen_write_collect_end: 1   (at 50,27)
1788041354.312421 utf8_to_data: 438294e2 -> (1 3 \342\224\202)
1788041354.312422 utf8_from_data: (1 1  ) -> 41000020
1788041354.312423 input_csi_dispatch: 'H' "" "28;53"
1788041354.312425 parameter 0: number 28
1788041354.312426 parameter 1: number 53
1788041354.312427 screen_write_cursormove: from 51,27 to 52,27
1788041354.312429 screen_write_collect_trim: 0x10a0a4d20 2-8 before 52-58
1788041354.312431 screen_write_collect_trim: 0x10a0a4d80 11-30 before 52-58
1788041354.312432 screen_write_collect_trim: 0x10a0a4de0 33-37 before 52-58
1788041354.312433 screen_write_collect_trim: 0x10a0a4e40 40-48 before 52-58
1788041354.312435 screen_write_collect_trim: 0x10a0a4ea0 50-50 before 52-58
1788041354.312436 screen_write_collect_end: 7         (at 52,27)
1788041354.312438 utf8_to_data: 41000020 -> (1 1  )
1788041354.312439 utf8_from_data: (1 1  ) -> 41000020
1788041354.312440 utf8_from_data: (1 1  ) -> 41000020
1788041354.312442 utf8_from_data: (1 1  ) -> 41000020
1788041354.312443 utf8_from_data: (1 1  ) -> 41000020
1788041354.312445 utf8_from_data: (1 1  ) -> 41000020
1788041354.312446 utf8_from_data: (1 1  ) -> 41000020
1788041354.312447 utf8_from_data: (1 1  ) -> 41000020
1788041354.312449 input_csi_dispatch: 'H' "" "28;62"
1788041354.312450 parameter 0: number 28
1788041354.312451 parameter 1: number 62
1788041354.312453 screen_write_cursormove: from 59,27 to 61,27
1788041354.312454 screen_write_collect_trim: 0x10a0a4d20 2-8 before 61-80
1788041354.312456 screen_write_collect_trim: 0x10a0a4d80 11-30 before 61-80
1788041354.312457 screen_write_collect_trim: 0x10a0a4de0 33-37 before 61-80
1788041354.312459 screen_write_collect_trim: 0x10a0a4e40 40-48 before 61-80
1788041354.312460 screen_write_collect_trim: 0x10a0a4ea0 50-50 before 61-80
1788041354.312461 screen_write_collect_trim: 0x10a0a4f00 52-58 before 61-80
1788041354.312463 screen_write_collect_end: 20                      (at 61,27)
1788041354.312464 utf8_to_data: 4100006d -> (1 1 m)
1788041354.312466 utf8_from_data: (1 1  ) -> 41000020
1788041354.312467 utf8_from_data: (1 1  ) -> 41000020
1788041354.312468 utf8_from_data: (1 1  ) -> 41000020
1788041354.312470 utf8_from_data: (1 1  ) -> 41000020
1788041354.312471 utf8_from_data: (1 1  ) -> 41000020
1788041354.312472 utf8_from_data: (1 1  ) -> 41000020
1788041354.312474 utf8_from_data: (1 1  ) -> 41000020
1788041354.312475 utf8_from_data: (1 1  ) -> 41000020
1788041354.312476 utf8_from_data: (1 1  ) -> 41000020
1788041354.312477 utf8_from_data: (1 1  ) -> 41000020
1788041354.312479 utf8_from_data: (1 1  ) -> 41000020
1788041354.312480 utf8_from_data: (1 1  ) -> 41000020
1788041354.312481 utf8_from_data: (1 1  ) -> 41000020
1788041354.312483 utf8_from_data: (1 1  ) -> 41000020
1788041354.312484 utf8_from_data: (1 1  ) -> 41000020
1788041354.312485 utf8_from_data: (1 1  ) -> 41000020
1788041354.312487 utf8_from_data: (1 1  ) -> 41000020
1788041354.312488 utf8_from_data: (1 1  ) -> 41000020
1788041354.312490 utf8_from_data: (1 1  ) -> 41000020
1788041354.312491 utf8_from_data: (1 1  ) -> 41000020
1788041354.312493 input_csi_dispatch: 'H' "" "28;84"
1788041354.312494 parameter 0: number 28
1788041354.312495 parameter 1: number 84
1788041354.312497 screen_write_cursormove: from 81,27 to 83,27
1788041354.312498 screen_write_collect_trim: 0x10a0a4d20 2-8 before 83-87
1788041354.312500 screen_write_collect_trim: 0x10a0a4d80 11-30 before 83-87
1788041354.312501 screen_write_collect_trim: 0x10a0a4de0 33-37 before 83-87
1788041354.312502 screen_write_collect_trim: 0x10a0a4e40 40-48 before 83-87
1788041354.312504 screen_write_collect_trim: 0x10a0a4ea0 50-50 before 83-87
1788041354.312505 screen_write_collect_trim: 0x10a0a4f00 52-58 before 83-87
1788041354.312507 screen_write_collect_trim: 0x10a0a4f60 61-80 before 83-87
1788041354.312508 screen_write_collect_end: 5       (at 83,27)
1788041354.312509 utf8_to_data: 41000020 -> (1 1  )
1788041354.312511 utf8_from_data: (1 1  ) -> 41000020
1788041354.312512 utf8_from_data: (1 1  ) -> 41000020
1788041354.312513 utf8_from_data: (1 1  ) -> 41000020
1788041354.312515 utf8_from_data: (1 1  ) -> 41000020
1788041354.312516 utf8_from_data: (1 1  ) -> 41000020
1788041354.312518 input_csi_dispatch: 'H' "" "28;91"
1788041354.312519 parameter 0: number 28
1788041354.312520 parameter 1: number 91
1788041354.312521 screen_write_cursormove: from 88,27 to 90,27
1788041354.312523 screen_write_collect_trim: 0x10a0a4d20 2-8 before 90-98
1788041354.312524 screen_write_collect_trim: 0x10a0a4d80 11-30 before 90-98
1788041354.312526 screen_write_collect_trim: 0x10a0a4de0 33-37 before 90-98
1788041354.312527 screen_write_collect_trim: 0x10a0a4e40 40-48 before 90-98
1788041354.312529 screen_write_collect_trim: 0x10a0a4ea0 50-50 before 90-98
1788041354.312531 screen_write_collect_trim: 0x10a0a4f00 52-58 before 90-98
1788041354.312533 screen_write_collect_trim: 0x10a0a4f60 61-80 before 90-98
1788041354.312535 screen_write_collect_trim: 0x10a0a4fc0 83-87 before 90-98
1788041354.312537 screen_write_collect_end: 9           (at 90,27)
1788041354.312540 utf8_to_data: 41000020 -> (1 1  )
1788041354.312542 utf8_from_data: (1 1  ) -> 41000020
1788041354.312544 utf8_from_data: (1 1  ) -> 41000020
1788041354.312546 utf8_from_data: (1 1  ) -> 41000020
1788041354.312547 utf8_from_data: (1 1  ) -> 41000020
1788041354.312549 utf8_from_data: (1 1  ) -> 41000020
1788041354.312550 utf8_from_data: (1 1  ) -> 41000020
1788041354.312552 utf8_from_data: (1 1  ) -> 41000020
1788041354.312553 utf8_from_data: (1 1  ) -> 41000020
1788041354.312554 utf8_from_data: (1 1  ) -> 41000020
1788041354.312556 input_csi_dispatch: 'H' "" "29;3"
1788041354.312557 parameter 0: number 29
1788041354.312558 parameter 1: number 3
1788041354.312560 screen_write_cursormove: from 99,27 to 2,28
1788041354.312561 screen_write_collect_end: 7         (at 2,28)
1788041354.312563 utf8_to_data: 41000020 -> (1 1  )
1788041354.312564 utf8_from_data: (1 1  ) -> 41000020
1788041354.312565 utf8_from_data: (1 1  ) -> 41000020
1788041354.312567 utf8_from_data: (1 1  ) -> 41000020
1788041354.312568 utf8_from_data: (1 1  ) -> 41000020
1788041354.312569 utf8_from_data: (1 1  ) -> 41000020
1788041354.312571 utf8_from_data: (1 1  ) -> 41000020
1788041354.312572 utf8_from_data: (1 1  ) -> 41000020
1788041354.312574 input_csi_dispatch: 'H' "" "29;12"
1788041354.312575 parameter 0: number 29
1788041354.312576 parameter 1: number 12
1788041354.312577 screen_write_cursormove: from 9,28 to 11,28
1788041354.312579 screen_write_collect_trim: 0x10a0a5080 2-8 before 11-30
1788041354.312581 screen_write_collect_end: 20                      (at 11,28)
1788041354.312582 utf8_to_data: 41000053 -> (1 1 S)
1788041354.312583 utf8_from_data: (1 1  ) -> 41000020
1788041354.312585 utf8_from_data: (1 1  ) -> 41000020
1788041354.312586 utf8_from_data: (1 1  ) -> 41000020
1788041354.312588 utf8_from_data: (1 1  ) -> 41000020
1788041354.312589 utf8_from_data: (1 1  ) -> 41000020
1788041354.312590 utf8_from_data: (1 1  ) -> 41000020
1788041354.312592 utf8_from_data: (1 1  ) -> 41000020
1788041354.312593 utf8_from_data: (1 1  ) -> 41000020
1788041354.312594 utf8_from_data: (1 1  ) -> 41000020
1788041354.312596 utf8_from_data: (1 1  ) -> 41000020
1788041354.312597 utf8_from_data: (1 1  ) -> 41000020
1788041354.312598 utf8_from_data: (1 1  ) -> 41000020
1788041354.312600 utf8_from_data: (1 1  ) -> 41000020
1788041354.312601 utf8_from_data: (1 1  ) -> 41000020
1788041354.312602 utf8_from_data: (1 1  ) -> 41000020
1788041354.312604 utf8_from_data: (1 1  ) -> 41000020
1788041354.312605 utf8_from_data: (1 1  ) -> 41000020
1788041354.312606 utf8_from_data: (1 1  ) -> 41000020
1788041354.312608 utf8_from_data: (1 1  ) -> 41000020
1788041354.312609 utf8_from_data: (1 1  ) -> 41000020
1788041354.312610 input_csi_dispatch: 'H' "" "29;34"
1788041354.312612 parameter 0: number 29
1788041354.312613 parameter 1: number 34
1788041354.312614 screen_write_cursormove: from 31,28 to 33,28
1788041354.312616 screen_write_collect_trim: 0x10a0a5080 2-8 before 33-37
1788041354.312618 screen_write_collect_trim: 0x10a0a50e0 11-30 before 33-37
1788041354.312619 screen_write_collect_end: 5       (at 33,28)
1788041354.312620 utf8_to_data: 41000020 -> (1 1  )
1788041354.312622 utf8_from_data: (1 1  ) -> 41000020
1788041354.312623 utf8_from_data: (1 1  ) -> 41000020
1788041354.312624 utf8_from_data: (1 1  ) -> 41000020
1788041354.312626 utf8_from_data: (1 1  ) -> 41000020
1788041354.312627 utf8_from_data: (1 1  ) -> 41000020
1788041354.312630 collect list: x=68 (last 4294967295), y=21, used=13
1788041354.312631 collect list: x=83 (last 68), y=21, used=5
1788041354.312632 collect list: x=90 (last 83), y=21, used=9
1788041354.312634 collect list: x=2 (last 4294967295), y=22, used=7
1788041354.312635 collect list: x=11 (last 2), y=22, used=20
1788041354.312637 collect list: x=33 (last 11), y=22, used=5
1788041354.312638 collect list: x=40 (last 33), y=22, used=9
1788041354.312639 collect list: x=50 (last 40), y=22, used=1
1788041354.312641 collect list: x=52 (last 50), y=22, used=7
1788041354.312642 collect list: x=61 (last 52), y=22, used=20
1788041354.312643 collect list: x=83 (last 61), y=22, used=5
1788041354.312645 collect list: x=90 (last 83), y=22, used=9
1788041354.312646 collect list: x=2 (last 4294967295), y=23, used=7
1788041354.312647 collect list: x=11 (last 2), y=23, used=20
1788041354.312649 collect list: x=33 (last 11), y=23, used=5
1788041354.312650 collect list: x=40 (last 33), y=23, used=9
1788041354.312651 collect list: x=50 (last 40), y=23, used=1
1788041354.312653 collect list: x=52 (last 50), y=23, used=7
1788041354.312654 collect list: x=61 (last 52), y=23, used=20
1788041354.312656 collect list: x=83 (last 61), y=23, used=5
1788041354.312657 collect list: x=90 (last 83), y=23, used=9
1788041354.312658 collect list: x=2 (last 4294967295), y=24, used=7
1788041354.312660 collect list: x=11 (last 2), y=24, used=20
1788041354.312661 collect list: x=33 (last 11), y=24, used=5
1788041354.312662 collect list: x=40 (last 33), y=24, used=9
1788041354.312664 collect list: x=50 (last 40), y=24, used=1
1788041354.312665 collect list: x=52 (last 50), y=24, used=7
1788041354.312667 collect list: x=61 (last 52), y=24, used=20
1788041354.312668 collect list: x=83 (last 61), y=24, used=5
1788041354.312669 collect list: x=90 (last 83), y=24, used=9
1788041354.312671 collect list: x=2 (last 4294967295), y=25, used=7
1788041354.312672 collect list: x=11 (last 2), y=25, used=20
1788041354.312674 collect list: x=33 (last 11), y=25, used=5
1788041354.312675 collect list: x=40 (last 33), y=25, used=9
1788041354.312677 collect list: x=50 (last 40), y=25, used=1
1788041354.312678 collect list: x=52 (last 50), y=25, used=7
1788041354.312680 collect list: x=61 (last 52), y=25, used=20
1788041354.312681 collect list: x=83 (last 61), y=25, used=5
1788041354.312683 collect list: x=90 (last 83), y=25, used=9
1788041354.312684 collect list: x=2 (last 4294967295), y=26, used=7
1788041354.312686 collect list: x=11 (last 2), y=26, used=20
1788041354.312687 collect list: x=33 (last 11), y=26, used=5
1788041354.312689 collect list: x=40 (last 33), y=26, used=9
1788041354.312690 collect list: x=50 (last 40), y=26, used=1
1788041354.312691 collect list: x=52 (last 50), y=26, used=7
1788041354.312693 collect list: x=61 (last 52), y=26, used=20
1788041354.312694 collect list: x=83 (last 61), y=26, used=5
1788041354.312696 collect list: x=90 (last 83), y=26, used=9
1788041354.312697 collect list: x=2 (last 4294967295), y=27, used=7
1788041354.312698 collect list: x=11 (last 2), y=27, used=20
1788041354.312700 collect list: x=33 (last 11), y=27, used=5
1788041354.312701 collect list: x=40 (last 33), y=27, used=9
1788041354.312702 collect list: x=50 (last 40), y=27, used=1
1788041354.312704 collect list: x=52 (last 50), y=27, used=7
1788041354.312705 collect list: x=61 (last 52), y=27, used=20
1788041354.312706 collect list: x=83 (last 61), y=27, used=5
1788041354.312708 collect list: x=90 (last 83), y=27, used=9
1788041354.312709 collect list: x=2 (last 4294967295), y=28, used=7
1788041354.312711 collect list: x=11 (last 2), y=28, used=20
1788041354.312712 collect list: x=33 (last 11), y=28, used=5
1788041354.312713 screen_write_collect_flush: flushed 60 items (screen_write_stop)
1788041354.312715 @0 alerts check, alerts 0x2
1788041354.312716 window_remove_ref: @0 alerts_callback, now 1
1788041354.312718 cmdq_next <global>: empty
1788041354.312719 server_client_check_pane_buffer: %0 has 1024 minimum (of 1024) bytes used
1788041354.312721 server_client_check_pane_buffer: pane %0 is on
1788041354.312722 @0 active pane changed
1788041354.312724 @0 name timer already queued (97194 left)
1788041354.312727 %0 has 426 bytes
1788041354.312729 @0 alerts timer reset 0
1788041354.312730 @0 alerts flags added 0x2
1788041354.312732 window_add_ref: @0 alerts_queue, now 2
1788041354.312733 alerts check queued (by @0)
1788041354.312735 screen_write_start_pane: size 100x30, pane %0 (at 0,0)
1788041354.312738 input_parse_buffer: %0 csi_enter, 426 bytes: 29;41H         \033[29;51H \033[29;53H       \033[29;62H                    \033[29;84H     \033[29;91H         \033[30;13H\033[1m\033[38;5;15;48;2;24;26;36mS\033[22m\033[38;5;8;48;2;24;26;36mtats\033[30;43H\033[1m\033[38;5;0;48;2;80;250;123mUpgrade: run\033[22m\033[38;5;8;48;2;24;26;36m  \033[1m\033[38;5;15;48;2;24;26;36m/\033[22m\033[38;5;8;48;2;24;26;36m Filter\033[39m\033[49m\033[59m\033[0m\033[?25l\033[5;13H\033[38;2;255;85;85;49mwill prompt \302\267 no vault\033[39;49m         \033[39m\033[49m\033[59m\033[0m\033[?25l
1788041354.312740 input_csi_dispatch: 'H' "" "29;41"
1788041354.312741 parameter 0: number 29
1788041354.312742 parameter 1: number 41
1788041354.312744 screen_write_cursormove: from 38,28 to 40,28
1788041354.312746 screen_write_collect_end: 9           (at 40,28)
1788041354.312747 utf8_to_data: 41000020 -> (1 1  )
1788041354.312748 utf8_from_data: (1 1  ) -> 41000020
1788041354.312750 utf8_from_data: (1 1  ) -> 41000020
1788041354.312751 utf8_from_data: (1 1  ) -> 41000020
1788041354.312753 utf8_from_data: (1 1  ) -> 41000020
1788041354.312754 utf8_from_data: (1 1  ) -> 41000020
1788041354.312755 utf8_from_data: (1 1  ) -> 41000020
1788041354.312757 utf8_from_data: (1 1  ) -> 41000020
1788041354.312758 utf8_from_data: (1 1  ) -> 41000020
1788041354.312759 utf8_from_data: (1 1  ) -> 41000020
1788041354.312761 input_csi_dispatch: 'H' "" "29;51"
1788041354.312762 parameter 0: number 29
1788041354.312763 parameter 1: number 51
1788041354.312765 screen_write_cursormove: from 49,28 to 50,28
1788041354.312766 screen_write_collect_trim: 0x10a0a51a0 40-48 before 50-50
1788041354.312768 screen_write_collect_end: 1   (at 50,28)
1788041354.312769 utf8_to_data: 438294e2 -> (1 3 \342\224\202)
1788041354.312770 utf8_from_data: (1 1  ) -> 41000020
1788041354.312772 input_csi_dispatch: 'H' "" "29;53"
1788041354.312773 parameter 0: number 29
1788041354.312775 parameter 1: number 53
1788041354.312776 screen_write_cursormove: from 51,28 to 52,28
1788041354.312777 screen_write_collect_trim: 0x10a0a51a0 40-48 before 52-58
1788041354.312779 screen_write_collect_trim: 0x10a0a68e0 50-50 before 52-58
1788041354.312780 screen_write_collect_end: 7         (at 52,28)
1788041354.312782 utf8_to_data: 41000020 -> (1 1  )
1788041354.312783 utf8_from_data: (1 1  ) -> 41000020
1788041354.312784 utf8_from_data: (1 1  ) -> 41000020
1788041354.312786 utf8_from_data: (1 1  ) -> 41000020
1788041354.312787 utf8_from_data: (1 1  ) -> 41000020
1788041354.312789 utf8_from_data: (1 1  ) -> 41000020
1788041354.312790 utf8_from_data: (1 1  ) -> 41000020
1788041354.312791 utf8_from_data: (1 1  ) -> 41000020
1788041354.312793 input_csi_dispatch: 'H' "" "29;62"
1788041354.312794 parameter 0: number 29
1788041354.312796 parameter 1: number 62
1788041354.312797 screen_write_cursormove: from 59,28 to 61,28
1788041354.312799 screen_write_collect_trim: 0x10a0a51a0 40-48 before 61-80
1788041354.312800 screen_write_collect_trim: 0x10a0a68e0 50-50 before 61-80
1788041354.312802 screen_write_collect_trim: 0x10a0a6880 52-58 before 61-80
1788041354.312803 screen_write_collect_end: 20                      (at 61,28)
1788041354.312805 utf8_to_data: 4100006d -> (1 1 m)
1788041354.312806 utf8_from_data: (1 1  ) -> 41000020
1788041354.312807 utf8_from_data: (1 1  ) -> 41000020
1788041354.312809 utf8_from_data: (1 1  ) -> 41000020
1788041354.312810 utf8_from_data: (1 1  ) -> 41000020
1788041354.312811 utf8_from_data: (1 1  ) -> 41000020
1788041354.312813 utf8_from_data: (1 1  ) -> 41000020
1788041354.312814 utf8_from_data: (1 1  ) -> 41000020
1788041354.312816 utf8_from_data: (1 1  ) -> 41000020
1788041354.312817 utf8_from_data: (1 1  ) -> 41000020
1788041354.312818 utf8_from_data: (1 1  ) -> 41000020
1788041354.312820 utf8_from_data: (1 1  ) -> 41000020
1788041354.312821 utf8_from_data: (1 1  ) -> 41000020
1788041354.312822 utf8_from_data: (1 1  ) -> 41000020
1788041354.312824 utf8_from_data: (1 1  ) -> 41000020
1788041354.312825 utf8_from_data: (1 1  ) -> 41000020
1788041354.312826 utf8_from_data: (1 1  ) -> 41000020
1788041354.312828 utf8_from_data: (1 1  ) -> 41000020
1788041354.312829 utf8_from_data: (1 1  ) -> 41000020
1788041354.312831 utf8_from_data: (1 1  ) -> 41000020
1788041354.312832 utf8_from_data: (1 1  ) -> 41000020
1788041354.312834 input_csi_dispatch: 'H' "" "29;84"
1788041354.312836 parameter 0: number 29
1788041354.312837 parameter 1: number 84
1788041354.312839 screen_write_cursormove: from 81,28 to 83,28
1788041354.312840 screen_write_collect_trim: 0x10a0a51a0 40-48 before 83-87
1788041354.312842 screen_write_collect_trim: 0x10a0a68e0 50-50 before 83-87
1788041354.312843 screen_write_collect_trim: 0x10a0a6880 52-58 before 83-87
1788041354.312845 screen_write_collect_trim: 0x10a0a6820 61-80 before 83-87
1788041354.312846 screen_write_collect_end: 5       (at 83,28)
1788041354.312847 utf8_to_data: 41000020 -> (1 1  )
1788041354.312849 utf8_from_data: (1 1  ) -> 41000020
1788041354.312850 utf8_from_data: (1 1  ) -> 41000020
1788041354.312852 utf8_from_data: (1 1  ) -> 41000020
1788041354.312853 utf8_from_data: (1 1  ) -> 41000020
1788041354.312854 utf8_from_data: (1 1  ) -> 41000020
1788041354.312856 input_csi_dispatch: 'H' "" "29;91"
1788041354.312857 parameter 0: number 29
1788041354.312858 parameter 1: number 91
1788041354.312860 screen_write_cursormove: from 88,28 to 90,28
1788041354.312861 screen_write_collect_trim: 0x10a0a51a0 40-48 before 90-98
1788041354.312863 screen_write_collect_trim: 0x10a0a68e0 50-50 before 90-98
1788041354.312864 screen_write_collect_trim: 0x10a0a6880 52-58 before 90-98
1788041354.312865 screen_write_collect_trim: 0x10a0a6820 61-80 before 90-98
1788041354.312867 screen_write_collect_trim: 0x10a0a67c0 83-87 before 90-98
1788041354.312868 screen_write_collect_end: 9           (at 90,28)
1788041354.312870 utf8_to_data: 41000020 -> (1 1  )
1788041354.312871 utf8_from_data: (1 1  ) -> 41000020
1788041354.312873 utf8_from_data: (1 1  ) -> 41000020
1788041354.312874 utf8_from_data: (1 1  ) -> 41000020
1788041354.312875 utf8_from_data: (1 1  ) -> 41000020
1788041354.312877 utf8_from_data: (1 1  ) -> 41000020
1788041354.312878 utf8_from_data: (1 1  ) -> 41000020
1788041354.312879 utf8_from_data: (1 1  ) -> 41000020
1788041354.312881 utf8_from_data: (1 1  ) -> 41000020
1788041354.312882 utf8_from_data: (1 1  ) -> 41000020
1788041354.312884 input_csi_dispatch: 'H' "" "30;13"
1788041354.312885 parameter 0: number 30
1788041354.312886 parameter 1: number 13
1788041354.312888 screen_write_cursormove: from 99,28 to 12,29
1788041354.312889 input_csi_dispatch: 'm' "" "1"
1788041354.312891 parameter 0: number 1
1788041354.312892 input_csi_dispatch: 'm' "" "38;5;15;48;2;24;26;36"
1788041354.312894 parameter 0: number 38
1788041354.312895 parameter 1: number 5
1788041354.312896 parameter 2: number 15
1788041354.312898 parameter 3: number 48
1788041354.312899 parameter 4: number 2
1788041354.312900 parameter 5: number 24
1788041354.312902 parameter 6: number 26
1788041354.312903 parameter 7: number 36
1788041354.312905 screen_write_collect_end: 1 S (at 12,29)
1788041354.312906 utf8_to_data: 41000053 -> (1 1 S)
1788041354.312908 utf8_from_data: (1 1 S) -> 41000053
1788041354.312909 utf8_to_data: 41000074 -> (1 1 t)
1788041354.312911 input_csi_dispatch: 'm' "" "22"
1788041354.312912 parameter 0: number 22
1788041354.312914 input_csi_dispatch: 'm' "" "38;5;8;48;2;24;26;36"
1788041354.312915 parameter 0: number 38
1788041354.312917 parameter 1: number 5
1788041354.312918 parameter 2: number 8
1788041354.312919 parameter 3: number 48
1788041354.312921 parameter 4: number 2
1788041354.312922 parameter 5: number 24
1788041354.312923 parameter 6: number 26
1788041354.312924 parameter 7: number 36
1788041354.312926 screen_write_collect_trim: 0x10a0a6700 12-12 before 13-16
1788041354.312928 screen_write_collect_end: 4 tats (at 13,29)
1788041354.312929 utf8_to_data: 41000074 -> (1 1 t)
1788041354.312930 utf8_from_data: (1 1 t) -> 41000074
1788041354.312932 utf8_from_data: (1 1 t) -> 41000074
1788041354.312933 utf8_from_data: (1 1 t) -> 41000074
1788041354.312935 utf8_from_data: (1 1 t) -> 41000074
1788041354.312937 utf8_to_data: 41000020 -> (1 1  )
1788041354.312938 input_csi_dispatch: 'H' "" "30;43"
1788041354.312940 parameter 0: number 30
1788041354.312941 parameter 1: number 43
1788041354.312942 screen_write_cursormove: from 17,29 to 42,29
1788041354.312944 input_csi_dispatch: 'm' "" "1"
1788041354.312945 parameter 0: number 1
1788041354.312947 input_csi_dispatch: 'm' "" "38;5;0;48;2;80;250;123"
1788041354.312948 parameter 0: number 38
1788041354.312950 parameter 1: number 5
1788041354.312951 parameter 2: number 0
1788041354.312952 parameter 3: number 48
1788041354.312953 parameter 4: number 2
1788041354.312955 parameter 5: number 80
1788041354.312956 parameter 6: number 250
1788041354.312957 parameter 7: number 123
1788041354.312959 screen_write_collect_trim: 0x10a0a6700 12-12 before 42-53
1788041354.312960 screen_write_collect_trim: 0x10a0a4420 13-16 before 42-53
1788041354.312962 screen_write_collect_end: 12 Upgrade: run (at 42,29)
1788041354.312963 utf8_to_data: 41000055 -> (1 1 U)
1788041354.312965 utf8_from_data: (1 1 U) -> 41000055
1788041354.312966 utf8_from_data: (1 1 U) -> 41000055
1788041354.312967 utf8_from_data: (1 1 U) -> 41000055
1788041354.312969 utf8_from_data: (1 1 U) -> 41000055
1788041354.312970 utf8_from_data: (1 1 U) -> 41000055
1788041354.312971 utf8_from_data: (1 1 U) -> 41000055
1788041354.312973 utf8_from_data: (1 1 U) -> 41000055
1788041354.312974 utf8_from_data: (1 1 U) -> 41000055
1788041354.312976 utf8_from_data: (1 1 U) -> 41000055
1788041354.312977 utf8_from_data: (1 1 U) -> 41000055
1788041354.312978 utf8_from_data: (1 1 U) -> 41000055
1788041354.312980 utf8_from_data: (1 1 U) -> 41000055
1788041354.312981 utf8_to_data: 41000069 -> (1 1 i)
1788041354.312983 input_csi_dispatch: 'm' "" "22"
1788041354.312984 parameter 0: number 22
1788041354.312986 input_csi_dispatch: 'm' "" "38;5;8;48;2;24;26;36"
1788041354.312987 parameter 0: number 38
1788041354.312988 parameter 1: number 5
1788041354.312990 parameter 2: number 8
1788041354.312991 parameter 3: number 48
1788041354.312992 parameter 4: number 2
1788041354.312993 parameter 5: number 24
1788041354.312995 parameter 6: number 26
1788041354.312996 parameter 7: number 36
1788041354.312997 screen_write_collect_trim: 0x10a0a6700 12-12 before 54-55
1788041354.312999 screen_write_collect_trim: 0x10a0a4420 13-16 before 54-55
1788041354.313000 screen_write_collect_trim: 0x10a0a40c0 42-53 before 54-55
1788041354.313002 screen_write_collect_end: 2    (at 54,29)
1788041354.313003 utf8_to_data: 41000069 -> (1 1 i)
1788041354.313005 utf8_from_data: (1 1  ) -> 41000020
1788041354.313006 utf8_from_data: (1 1  ) -> 41000020
1788041354.313007 utf8_to_data: 41000074 -> (1 1 t)
1788041354.313009 input_csi_dispatch: 'm' "" "1"
1788041354.313010 parameter 0: number 1
1788041354.313012 input_csi_dispatch: 'm' "" "38;5;15;48;2;24;26;36"
1788041354.313013 parameter 0: number 38
1788041354.313015 parameter 1: number 5
1788041354.313016 parameter 2: number 15
1788041354.313017 parameter 3: number 48
1788041354.313019 parameter 4: number 2
1788041354.313020 parameter 5: number 24
1788041354.313021 parameter 6: number 26
1788041354.313022 parameter 7: number 36
1788041354.313024 screen_write_collect_trim: 0x10a0a6700 12-12 before 56-56
1788041354.313025 screen_write_collect_trim: 0x10a0a4420 13-16 before 56-56
1788041354.313027 screen_write_collect_trim: 0x10a0a40c0 42-53 before 56-56
1788041354.313028 screen_write_collect_trim: 0x10a0a4120 54-55 before 56-56
1788041354.313030 screen_write_collect_end: 1 / (at 56,29)
1788041354.313031 utf8_to_data: 41000074 -> (1 1 t)
1788041354.313032 utf8_from_data: (1 1 /) -> 4100002f
1788041354.313034 utf8_to_data: 41000065 -> (1 1 e)
1788041354.313035 input_csi_dispatch: 'm' "" "22"
1788041354.313036 parameter 0: number 22
1788041354.313038 input_csi_dispatch: 'm' "" "38;5;8;48;2;24;26;36"
1788041354.313040 parameter 0: number 38
1788041354.313041 parameter 1: number 5
1788041354.313042 parameter 2: number 8
1788041354.313044 parameter 3: number 48
1788041354.313045 parameter 4: number 2
1788041354.313046 parameter 5: number 24
1788041354.313048 parameter 6: number 26
1788041354.313049 parameter 7: number 36
1788041354.313050 screen_write_collect_trim: 0x10a0a6700 12-12 before 57-63
1788041354.313052 screen_write_collect_trim: 0x10a0a4420 13-16 before 57-63
1788041354.313053 screen_write_collect_trim: 0x10a0a40c0 42-53 before 57-63
1788041354.313055 screen_write_collect_trim: 0x10a0a4120 54-55 before 57-63
1788041354.313056 screen_write_collect_trim: 0x10a0a6b20 56-56 before 57-63
1788041354.313058 screen_write_collect_end: 7  Filter (at 57,29)
1788041354.313059 utf8_to_data: 41000065 -> (1 1 e)
1788041354.313060 utf8_from_data: (1 1  ) -> 41000020
1788041354.313062 utf8_from_data: (1 1  ) -> 41000020
1788041354.313063 utf8_from_data: (1 1  ) -> 41000020
1788041354.313064 utf8_from_data: (1 1  ) -> 41000020
1788041354.313066 utf8_from_data: (1 1  ) -> 41000020
1788041354.313067 utf8_from_data: (1 1  ) -> 41000020
1788041354.313069 utf8_from_data: (1 1  ) -> 41000020
1788041354.313070 utf8_to_data: 41000020 -> (1 1  )
1788041354.313072 input_csi_dispatch: 'm' "" "39"
1788041354.313073 parameter 0: number 39
1788041354.313074 input_csi_dispatch: 'm' "" "49"
1788041354.313076 parameter 0: number 49
1788041354.313077 input_csi_dispatch: 'm' "" "59"
1788041354.313079 parameter 0: number 59
1788041354.313080 input_csi_dispatch: 'm' "" "0"
1788041354.313081 parameter 0: number 0
1788041354.313083 input_csi_dispatch: 'l' "?" "25"
1788041354.313084 parameter 0: number 25
1788041354.313086 screen_write_mode_clear: CURSOR
1788041354.313088 input_csi_dispatch: 'H' "" "5;13"
1788041354.313089 parameter 0: number 5
1788041354.313091 parameter 1: number 13
1788041354.313092 screen_write_cursormove: from 64,29 to 12,4
1788041354.313094 input_csi_dispatch: 'm' "" "38;2;255;85;85;49"
1788041354.313095 parameter 0: number 38
1788041354.313096 parameter 1: number 2
1788041354.313098 parameter 2: number 255
1788041354.313099 parameter 3: number 85
1788041354.313100 parameter 4: number 85
1788041354.313101 parameter 5: number 49
1788041354.313103 screen_write_collect_end: 12 will prompt  (at 12,4)
1788041354.313105 utf8_to_data: 41000063 -> (1 1 c)
1788041354.313106 utf8_from_data: (1 1 w) -> 41000077
1788041354.313107 utf8_from_data: (1 1 w) -> 41000077
1788041354.313109 utf8_from_data: (1 1 w) -> 41000077
1788041354.313110 utf8_from_data: (1 1 w) -> 41000077
1788041354.313112 utf8_from_data: (1 1 w) -> 41000077
1788041354.313113 utf8_from_data: (1 1 w) -> 41000077
1788041354.313114 utf8_from_data: (1 1 w) -> 41000077
1788041354.313115 utf8_from_data: (1 1 w) -> 41000077
1788041354.313117 utf8_from_data: (1 1 w) -> 41000077
1788041354.313118 utf8_from_data: (1 1 w) -> 41000077
1788041354.313119 utf8_from_data: (1 1 w) -> 41000077
1788041354.313121 utf8_from_data: (1 1 w) -> 41000077
1788041354.313122 utf8_to_data: 41000063 -> (1 1 c)
1788041354.313124 UTF-8 \302\267 is U+0000B7
1788041354.313125 utf8proc_wcwidth(000B7) returned 1
1788041354.313127 input_top_bit_set 2 '\302\267' (width 1)
1788041354.313128 collect list: x=12 (last 4294967295), y=4, used=12
1788041354.313130 collect list: x=40 (last 4294967295), y=28, used=9
1788041354.313131 collect list: x=50 (last 40), y=28, used=1
1788041354.313133 collect list: x=52 (last 50), y=28, used=7
1788041354.313134 collect list: x=61 (last 52), y=28, used=20
1788041354.313135 collect list: x=83 (last 61), y=28, used=5
1788041354.313137 collect list: x=90 (last 83), y=28, used=9
1788041354.313138 collect list: x=12 (last 4294967295), y=29, used=1
1788041354.313139 collect list: x=13 (last 12), y=29, used=4
1788041354.313141 collect list: x=42 (last 13), y=29, used=12
1788041354.313142 collect list: x=54 (last 42), y=29, used=2
1788041354.313145 collect list: x=56 (last 54), y=29, used=1
1788041354.313148 collect list: x=57 (last 56), y=29, used=7
1788041354.313150 screen_write_collect_flush: flushed 13 items (screen_write_collect_add)
1788041354.313153 screen_write_combine: character \302\267 at 24,4 (width 1)
1788041354.313154 utf8_to_data: 41000020 -> (1 1  )
1788041354.313156 UTF-8   is U+000020
1788041354.313157 UTF-8 \302\267 is U+0000B7
1788041354.313158 UTF-8 \302\267 is U+0000B7
1788041354.313160 UTF-8   is U+000020
1788041354.313161 utf8_to_data: 41000063 -> (1 1 c)
1788041354.313163 utf8_from_data: (1 2 \302\267) -> 4200b7c2
1788041354.313164 screen_write_collect_end: 9  no vault (at 25,4)
1788041354.313166 utf8_to_data: 41000068 -> (1 1 h)
1788041354.313167 utf8_from_data: (1 1  ) -> 41000020
1788041354.313168 utf8_from_data: (1 1  ) -> 41000020
1788041354.313170 utf8_from_data: (1 1  ) -> 41000020
1788041354.313171 utf8_from_data: (1 1  ) -> 41000020
1788041354.313172 utf8_from_data: (1 1  ) -> 41000020
1788041354.313174 utf8_from_data: (1 1  ) -> 41000020
1788041354.313175 utf8_from_data: (1 1  ) -> 41000020
1788041354.313176 utf8_from_data: (1 1  ) -> 41000020
1788041354.313178 utf8_from_data: (1 1  ) -> 41000020
1788041354.313179 utf8_to_data: 41000074 -> (1 1 t)
1788041354.313181 input_csi_dispatch: 'm' "" "39;49"
1788041354.313183 parameter 0: number 39
1788041354.313185 parameter 1: number 49
1788041354.313187 screen_write_collect_trim: 0x10a0a6640 25-33 before 34-42
1788041354.313188 screen_write_collect_end: 9           (at 34,4)
1788041354.313190 utf8_to_data: 41000074 -> (1 1 t)
1788041354.313191 utf8_from_data: (1 1  ) -> 41000020
1788041354.313192 utf8_from_data: (1 1  ) -> 41000020
1788041354.313194 utf8_from_data: (1 1  ) -> 41000020
1788041354.313195 utf8_from_data: (1 1  ) -> 41000020
1788041354.313196 utf8_from_data: (1 1  ) -> 41000020
1788041354.313198 utf8_from_data: (1 1  ) -> 41000020
1788041354.313199 utf8_from_data: (1 1  ) -> 41000020
1788041354.313200 utf8_from_data: (1 1  ) -> 41000020
1788041354.313202 utf8_from_data: (1 1  ) -> 41000020
1788041354.313203 utf8_to_data: 41000020 -> (1 1  )
1788041354.313205 input_csi_dispatch: 'm' "" "39"
1788041354.313206 parameter 0: number 39
1788041354.313207 input_csi_dispatch: 'm' "" "49"
1788041354.313209 parameter 0: number 49
1788041354.313210 input_csi_dispatch: 'm' "" "59"
1788041354.313212 parameter 0: number 59
1788041354.313213 input_csi_dispatch: 'm' "" "0"
1788041354.313214 parameter 0: number 0
1788041354.313216 input_csi_dispatch: 'l' "?" "25"
1788041354.313217 parameter 0: number 25
1788041354.313219 screen_write_mode_clear: CURSOR
1788041354.313220 collect list: x=25 (last 4294967295), y=4, used=9
1788041354.313222 collect list: x=34 (last 25), y=4, used=9
1788041354.313223 screen_write_collect_flush: flushed 2 items (screen_write_stop)
1788041354.313225 @0 alerts check, alerts 0x2
1788041354.313226 window_remove_ref: @0 alerts_callback, now 1
1788041354.313228 cmdq_next <global>: empty
1788041354.313229 server_client_check_pane_buffer: %0 has 426 minimum (of 426) bytes used
1788041354.313231 server_client_check_pane_buffer: pane %0 is on
1788041354.313232 @0 active pane changed
1788041354.313234 @0 name timer already queued (96685 left)
1788041354.315783 cmdq_next <global>: empty
1788041354.315797 server_client_check_pane_buffer: pane %0 is on
1788041354.315801 @0 active pane changed
1788041354.315804 @0 name timer already queued (94114 left)
1788041354.410550 @0 name timer expired
1788041354.410570 cmdq_next <global>: empty
1788041354.410575 server_client_check_pane_buffer: pane %0 is on
1788041354.410580 @0 active pane changed
1788041354.410584 format_expand1: expanding format: #{?pane_in_mode,[tmux],#{pane_current_command}}#{?pane_dead,[dead],}
1788041354.410588 format_expand1: found #{}: ?pane_in_mode,[tmux],#{pane_current_command}
1788041354.410591 format_replace: condition is: pane_in_mode
1788041354.410598 format_replace: condition 'pane_in_mode' found: 0
1788041354.410600 format_replace: condition 'pane_in_mode' is false
1788041354.410603 format_replace: no condition matched in 'pane_in_mode,[tmux],#{pane_current_command}'; using last arg
1788041354.410605 format_expand1: expanding format: #{pane_current_command}
1788041354.410607 format_expand1: found #{}: pane_current_command
1788041354.410631 format_replace: format 'pane_current_command' found: multitop
1788041354.410635 format_replace: replaced 'pane_current_command' with 'multitop'
1788041354.410637 format_expand1: result is: multitop
1788041354.410639 format_replace: replaced '?pane_in_mode,[tmux],#{pane_current_command}' with 'multitop'
1788041354.410641 format_expand1: found #{}: ?pane_dead,[dead],
1788041354.410642 format_replace: condition is: pane_dead
1788041354.410645 format_replace: condition 'pane_dead' found: 0
1788041354.410647 format_replace: condition 'pane_dead' is false
1788041354.410649 format_replace: no condition matched in 'pane_dead,[dead],'; using last arg
1788041354.410650 format_replace: replaced '?pane_dead,[dead],' with ''
1788041354.410652 format_expand1: result is: multitop
1788041354.410654 @0 name not changed (still multitop)
1788041355.310728 server_signal: User defined signal 2: 31
1788041355.310746 log closed
